[2026-06-02 09:30:44] local.ERROR: Call to a member function allProducts() on null {"view":{"view":"C:\\laragon\\www\\Ariya\\themes\\DefaultTheme\\src\\resources\\views\\widgets\\discount-products.blade.php","data":{"errors":"<pre class=sf-dump id=sf-dump-462621475 data-indent-pad=\"  \"><span class=sf-dump-note>Illuminate\\Support\\ViewErrorBag</span> {<a class=sf-dump-ref>#3925</a><samp data-depth=1 class=sf-dump-expanded>
  #<span class=sf-dump-protected title=\"Protected property\">bags</span>: []
</samp>}
</pre><script>Sfdump(\"sf-dump-462621475\", {\"maxDepth\":3,\"maxStringLength\":160})</script>
","widgets":"<pre class=sf-dump id=sf-dump-1049134541 data-indent-pad=\"  \"><span class=sf-dump-note>Illuminate\\Database\\Eloquent\\Collection</span> {<a class=sf-dump-ref>#3975</a><samp data-depth=1 class=sf-dump-expanded>
  #<span class=sf-dump-protected title=\"Protected property\">items</span>: <span class=sf-dump-note>array:3</span> [<samp data-depth=2 class=sf-dump-compact>
    <span class=sf-dump-index>0</span> => <span class=\"sf-dump-note sf-dump-ellipsization\" title=\"App\\Models\\Widget
\"><span class=\"sf-dump-ellipsis sf-dump-ellipsis-note\">App\\Models</span><span class=\"sf-dump-ellipsis sf-dump-ellipsis-note\">\\</span><span class=\"sf-dump-ellipsis-tail\">Widget</span></span> {<a class=sf-dump-ref>#3984</a><samp data-depth=3 class=sf-dump-compact>
      #<span class=sf-dump-protected title=\"Protected property\">connection</span>: \"<span class=sf-dump-str title=\"5 characters\">mysql</span>\"
      #<span class=sf-dump-protected title=\"Protected property\">table</span>: \"<span class=sf-dump-str title=\"7 characters\">widgets</span>\"
      #<span class=sf-dump-protected title=\"Protected property\">primaryKey</span>: \"<span class=sf-dump-str title=\"2 characters\">id</span>\"
      #<span class=sf-dump-protected title=\"Protected property\">keyType</span>: \"<span class=sf-dump-str title=\"3 characters\">int</span>\"
      +<span class=sf-dump-public title=\"Public property\">incrementing</span>: <span class=sf-dump-const>true</span>
      #<span class=sf-dump-protected title=\"Protected property\">with</span>: []
      #<span class=sf-dump-protected title=\"Protected property\">withCount</span>: []
      +<span class=sf-dump-public title=\"Public property\">preventsLazyLoading</span>: <span class=sf-dump-const>false</span>
      #<span class=sf-dump-protected title=\"Protected property\">perPage</span>: <span class=sf-dump-num>15</span>
      +<span class=sf-dump-public title=\"Public property\">exists</span>: <span class=sf-dump-const>true</span>
      +<span class=sf-dump-public title=\"Public property\">wasRecentlyCreated</span>: <span class=sf-dump-const>false</span>
      #<span class=sf-dump-protected title=\"Protected property\">escapeWhenCastingToString</span>: <span class=sf-dump-const>false</span>
      #<span class=sf-dump-protected title=\"Protected property\">attributes</span>: <span class=sf-dump-note>array:9</span> [ &#8230;9]
      #<span class=sf-dump-protected title=\"Protected property\">original</span>: <span class=sf-dump-note>array:9</span> [ &#8230;9]
      #<span class=sf-dump-protected title=\"Protected property\">changes</span>: []
      #<span class=sf-dump-protected title=\"Protected property\">casts</span>: []
      #<span class=sf-dump-protected title=\"Protected property\">classCastCache</span>: []
      #<span class=sf-dump-protected title=\"Protected property\">attributeCastCache</span>: []
      #<span class=sf-dump-protected title=\"Protected property\">dateFormat</span>: <span class=sf-dump-const>null</span>
      #<span class=sf-dump-protected title=\"Protected property\">appends</span>: []
      #<span class=sf-dump-protected title=\"Protected property\">dispatchesEvents</span>: []
      #<span class=sf-dump-protected title=\"Protected property\">observables</span>: []
      #<span class=sf-dump-protected title=\"Protected property\">relations</span>: <span class=sf-dump-note>array:1</span> [ &#8230;1]
      #<span class=sf-dump-protected title=\"Protected property\">touches</span>: []
      +<span class=sf-dump-public title=\"Public property\">timestamps</span>: <span class=sf-dump-const>true</span>
      +<span class=sf-dump-public title=\"Public property\">usesUniqueIds</span>: <span class=sf-dump-const>false</span>
      #<span class=sf-dump-protected title=\"Protected property\">hidden</span>: []
      #<span class=sf-dump-protected title=\"Protected property\">visible</span>: []
      #<span class=sf-dump-protected title=\"Protected property\">fillable</span>: []
      #<span class=sf-dump-protected title=\"Protected property\">guarded</span>: <span class=sf-dump-note>array:1</span> [ &#8230;1]
    </samp>}
    <span class=sf-dump-index>1</span> => <span class=\"sf-dump-note sf-dump-ellipsization\" title=\"App\\Models\\Widget
\"><span class=\"sf-dump-ellipsis sf-dump-ellipsis-note\">App\\Models</span><span class=\"sf-dump-ellipsis sf-dump-ellipsis-note\">\\</span><span class=\"sf-dump-ellipsis-tail\">Widget</span></span> {<a class=sf-dump-ref>#3985</a><samp data-depth=3 class=sf-dump-compact>
      #<span class=sf-dump-protected title=\"Protected property\">connection</span>: \"<span class=sf-dump-str title=\"5 characters\">mysql</span>\"
      #<span class=sf-dump-protected title=\"Protected property\">table</span>: \"<span class=sf-dump-str title=\"7 characters\">widgets</span>\"
      #<span class=sf-dump-protected title=\"Protected property\">primaryKey</span>: \"<span class=sf-dump-str title=\"2 characters\">id</span>\"
      #<span class=sf-dump-protected title=\"Protected property\">keyType</span>: \"<span class=sf-dump-str title=\"3 characters\">int</span>\"
      +<span class=sf-dump-public title=\"Public property\">incrementing</span>: <span class=sf-dump-const>true</span>
      #<span class=sf-dump-protected title=\"Protected property\">with</span>: []
      #<span class=sf-dump-protected title=\"Protected property\">withCount</span>: []
      +<span class=sf-dump-public title=\"Public property\">preventsLazyLoading</span>: <span class=sf-dump-const>false</span>
      #<span class=sf-dump-protected title=\"Protected property\">perPage</span>: <span class=sf-dump-num>15</span>
      +<span class=sf-dump-public title=\"Public property\">exists</span>: <span class=sf-dump-const>true</span>
      +<span class=sf-dump-public title=\"Public property\">wasRecentlyCreated</span>: <span class=sf-dump-const>false</span>
      #<span class=sf-dump-protected title=\"Protected property\">escapeWhenCastingToString</span>: <span class=sf-dump-const>false</span>
      #<span class=sf-dump-protected title=\"Protected property\">attributes</span>: <span class=sf-dump-note>array:9</span> [ &#8230;9]
      #<span class=sf-dump-protected title=\"Protected property\">original</span>: <span class=sf-dump-note>array:9</span> [ &#8230;9]
      #<span class=sf-dump-protected title=\"Protected property\">changes</span>: []
      #<span class=sf-dump-protected title=\"Protected property\">casts</span>: []
      #<span class=sf-dump-protected title=\"Protected property\">classCastCache</span>: []
      #<span class=sf-dump-protected title=\"Protected property\">attributeCastCache</span>: []
      #<span class=sf-dump-protected title=\"Protected property\">dateFormat</span>: <span class=sf-dump-const>null</span>
      #<span class=sf-dump-protected title=\"Protected property\">appends</span>: []
      #<span class=sf-dump-protected title=\"Protected property\">dispatchesEvents</span>: []
      #<span class=sf-dump-protected title=\"Protected property\">observables</span>: []
      #<span class=sf-dump-protected title=\"Protected property\">relations</span>: <span class=sf-dump-note>array:1</span> [ &#8230;1]
      #<span class=sf-dump-protected title=\"Protected property\">touches</span>: []
      +<span class=sf-dump-public title=\"Public property\">timestamps</span>: <span class=sf-dump-const>true</span>
      +<span class=sf-dump-public title=\"Public property\">usesUniqueIds</span>: <span class=sf-dump-const>false</span>
      #<span class=sf-dump-protected title=\"Protected property\">hidden</span>: []
      #<span class=sf-dump-protected title=\"Protected property\">visible</span>: []
      #<span class=sf-dump-protected title=\"Protected property\">fillable</span>: []
      #<span class=sf-dump-protected title=\"Protected property\">guarded</span>: <span class=sf-dump-note>array:1</span> [ &#8230;1]
    </samp>}
    <span class=sf-dump-index>2</span> => <span class=\"sf-dump-note sf-dump-ellipsization\" title=\"App\\Models\\Widget
\"><span class=\"sf-dump-ellipsis sf-dump-ellipsis-note\">App\\Models</span><span class=\"sf-dump-ellipsis sf-dump-ellipsis-note\">\\</span><span class=\"sf-dump-ellipsis-tail\">Widget</span></span> {<a class=sf-dump-ref>#3986</a><samp data-depth=3 class=sf-dump-compact>
      #<span class=sf-dump-protected title=\"Protected property\">connection</span>: \"<span class=sf-dump-str title=\"5 characters\">mysql</span>\"
      #<span class=sf-dump-protected title=\"Protected property\">table</span>: \"<span class=sf-dump-str title=\"7 characters\">widgets</span>\"
      #<span class=sf-dump-protected title=\"Protected property\">primaryKey</span>: \"<span class=sf-dump-str title=\"2 characters\">id</span>\"
      #<span class=sf-dump-protected title=\"Protected property\">keyType</span>: \"<span class=sf-dump-str title=\"3 characters\">int</span>\"
      +<span class=sf-dump-public title=\"Public property\">incrementing</span>: <span class=sf-dump-const>true</span>
      #<span class=sf-dump-protected title=\"Protected property\">with</span>: []
      #<span class=sf-dump-protected title=\"Protected property\">withCount</span>: []
      +<span class=sf-dump-public title=\"Public property\">preventsLazyLoading</span>: <span class=sf-dump-const>false</span>
      #<span class=sf-dump-protected title=\"Protected property\">perPage</span>: <span class=sf-dump-num>15</span>
      +<span class=sf-dump-public title=\"Public property\">exists</span>: <span class=sf-dump-const>true</span>
      +<span class=sf-dump-public title=\"Public property\">wasRecentlyCreated</span>: <span class=sf-dump-const>false</span>
      #<span class=sf-dump-protected title=\"Protected property\">escapeWhenCastingToString</span>: <span class=sf-dump-const>false</span>
      #<span class=sf-dump-protected title=\"Protected property\">attributes</span>: <span class=sf-dump-note>array:9</span> [ &#8230;9]
      #<span class=sf-dump-protected title=\"Protected property\">original</span>: <span class=sf-dump-note>array:9</span> [ &#8230;9]
      #<span class=sf-dump-protected title=\"Protected property\">changes</span>: []
      #<span class=sf-dump-protected title=\"Protected property\">casts</span>: []
      #<span class=sf-dump-protected title=\"Protected property\">classCastCache</span>: []
      #<span class=sf-dump-protected title=\"Protected property\">attributeCastCache</span>: []
      #<span class=sf-dump-protected title=\"Protected property\">dateFormat</span>: <span class=sf-dump-const>null</span>
      #<span class=sf-dump-protected title=\"Protected property\">appends</span>: []
      #<span class=sf-dump-protected title=\"Protected property\">dispatchesEvents</span>: []
      #<span class=sf-dump-protected title=\"Protected property\">observables</span>: []
      #<span class=sf-dump-protected title=\"Protected property\">relations</span>: <span class=sf-dump-note>array:1</span> [ &#8230;1]
      #<span class=sf-dump-protected title=\"Protected property\">touches</span>: []
      +<span class=sf-dump-public title=\"Public property\">timestamps</span>: <span class=sf-dump-const>true</span>
      +<span class=sf-dump-public title=\"Public property\">usesUniqueIds</span>: <span class=sf-dump-const>false</span>
      #<span class=sf-dump-protected title=\"Protected property\">hidden</span>: []
      #<span class=sf-dump-protected title=\"Protected property\">visible</span>: []
      #<span class=sf-dump-protected title=\"Protected property\">fillable</span>: []
      #<span class=sf-dump-protected title=\"Protected property\">guarded</span>: <span class=sf-dump-note>array:1</span> [ &#8230;1]
    </samp>}
  </samp>]
  #<span class=sf-dump-protected title=\"Protected property\">escapeWhenCastingToString</span>: <span class=sf-dump-const>false</span>
</samp>}
</pre><script>Sfdump(\"sf-dump-1049134541\", {\"maxDepth\":3,\"maxStringLength\":160})</script>
","current_local":"<pre class=sf-dump id=sf-dump-68310820 data-indent-pad=\"  \"><span class=sf-dump-note>array:3</span> [<samp data-depth=1 class=sf-dump-expanded>
  \"<span class=sf-dump-key>name</span>\" => \"<span class=sf-dump-str title=\"5 characters\">&#1601;&#1575;&#1585;&#1587;&#1740;</span>\"
  \"<span class=sf-dump-key>direction</span>\" => \"<span class=sf-dump-str title=\"3 characters\">rtl</span>\"
  \"<span class=sf-dump-key>english_name</span>\" => \"<span class=sf-dump-str title=\"7 characters\">Persian</span>\"
</samp>]
</pre><script>Sfdump(\"sf-dump-68310820\", {\"maxDepth\":3,\"maxStringLength\":160})</script>
","__currentLoopData":"<pre class=sf-dump id=sf-dump-1403922502 data-indent-pad=\"  \"><span class=sf-dump-note>Illuminate\\Database\\Eloquent\\Collection</span> {<a class=sf-dump-ref>#3975</a><samp data-depth=1 class=sf-dump-expanded>
  #<span class=sf-dump-protected title=\"Protected property\">items</span>: <span class=sf-dump-note>array:3</span> [<samp data-depth=2 class=sf-dump-compact>
    <span class=sf-dump-index>0</span> => <span class=\"sf-dump-note sf-dump-ellipsization\" title=\"App\\Models\\Widget
\"><span class=\"sf-dump-ellipsis sf-dump-ellipsis-note\">App\\Models</span><span class=\"sf-dump-ellipsis sf-dump-ellipsis-note\">\\</span><span class=\"sf-dump-ellipsis-tail\">Widget</span></span> {<a class=sf-dump-ref>#3984</a><samp data-depth=3 class=sf-dump-compact>
      #<span class=sf-dump-protected title=\"Protected property\">connection</span>: \"<span class=sf-dump-str title=\"5 characters\">mysql</span>\"
      #<span class=sf-dump-protected title=\"Protected property\">table</span>: \"<span class=sf-dump-str title=\"7 characters\">widgets</span>\"
      #<span class=sf-dump-protected title=\"Protected property\">primaryKey</span>: \"<span class=sf-dump-str title=\"2 characters\">id</span>\"
      #<span class=sf-dump-protected title=\"Protected property\">keyType</span>: \"<span class=sf-dump-str title=\"3 characters\">int</span>\"
      +<span class=sf-dump-public title=\"Public property\">incrementing</span>: <span class=sf-dump-const>true</span>
      #<span class=sf-dump-protected title=\"Protected property\">with</span>: []
      #<span class=sf-dump-protected title=\"Protected property\">withCount</span>: []
      +<span class=sf-dump-public title=\"Public property\">preventsLazyLoading</span>: <span class=sf-dump-const>false</span>
      #<span class=sf-dump-protected title=\"Protected property\">perPage</span>: <span class=sf-dump-num>15</span>
      +<span class=sf-dump-public title=\"Public property\">exists</span>: <span class=sf-dump-const>true</span>
      +<span class=sf-dump-public title=\"Public property\">wasRecentlyCreated</span>: <span class=sf-dump-const>false</span>
      #<span class=sf-dump-protected title=\"Protected property\">escapeWhenCastingToString</span>: <span class=sf-dump-const>false</span>
      #<span class=sf-dump-protected title=\"Protected property\">attributes</span>: <span class=sf-dump-note>array:9</span> [ &#8230;9]
      #<span class=sf-dump-protected title=\"Protected property\">original</span>: <span class=sf-dump-note>array:9</span> [ &#8230;9]
      #<span class=sf-dump-protected title=\"Protected property\">changes</span>: []
      #<span class=sf-dump-protected title=\"Protected property\">casts</span>: []
      #<span class=sf-dump-protected title=\"Protected property\">classCastCache</span>: []
      #<span class=sf-dump-protected title=\"Protected property\">attributeCastCache</span>: []
      #<span class=sf-dump-protected title=\"Protected property\">dateFormat</span>: <span class=sf-dump-const>null</span>
      #<span class=sf-dump-protected title=\"Protected property\">appends</span>: []
      #<span class=sf-dump-protected title=\"Protected property\">dispatchesEvents</span>: []
      #<span class=sf-dump-protected title=\"Protected property\">observables</span>: []
      #<span class=sf-dump-protected title=\"Protected property\">relations</span>: <span class=sf-dump-note>array:1</span> [ &#8230;1]
      #<span class=sf-dump-protected title=\"Protected property\">touches</span>: []
      +<span class=sf-dump-public title=\"Public property\">timestamps</span>: <span class=sf-dump-const>true</span>
      +<span class=sf-dump-public title=\"Public property\">usesUniqueIds</span>: <span class=sf-dump-const>false</span>
      #<span class=sf-dump-protected title=\"Protected property\">hidden</span>: []
      #<span class=sf-dump-protected title=\"Protected property\">visible</span>: []
      #<span class=sf-dump-protected title=\"Protected property\">fillable</span>: []
      #<span class=sf-dump-protected title=\"Protected property\">guarded</span>: <span class=sf-dump-note>array:1</span> [ &#8230;1]
    </samp>}
    <span class=sf-dump-index>1</span> => <span class=\"sf-dump-note sf-dump-ellipsization\" title=\"App\\Models\\Widget
\"><span class=\"sf-dump-ellipsis sf-dump-ellipsis-note\">App\\Models</span><span class=\"sf-dump-ellipsis sf-dump-ellipsis-note\">\\</span><span class=\"sf-dump-ellipsis-tail\">Widget</span></span> {<a class=sf-dump-ref>#3985</a><samp data-depth=3 class=sf-dump-compact>
      #<span class=sf-dump-protected title=\"Protected property\">connection</span>: \"<span class=sf-dump-str title=\"5 characters\">mysql</span>\"
      #<span class=sf-dump-protected title=\"Protected property\">table</span>: \"<span class=sf-dump-str title=\"7 characters\">widgets</span>\"
      #<span class=sf-dump-protected title=\"Protected property\">primaryKey</span>: \"<span class=sf-dump-str title=\"2 characters\">id</span>\"
      #<span class=sf-dump-protected title=\"Protected property\">keyType</span>: \"<span class=sf-dump-str title=\"3 characters\">int</span>\"
      +<span class=sf-dump-public title=\"Public property\">incrementing</span>: <span class=sf-dump-const>true</span>
      #<span class=sf-dump-protected title=\"Protected property\">with</span>: []
      #<span class=sf-dump-protected title=\"Protected property\">withCount</span>: []
      +<span class=sf-dump-public title=\"Public property\">preventsLazyLoading</span>: <span class=sf-dump-const>false</span>
      #<span class=sf-dump-protected title=\"Protected property\">perPage</span>: <span class=sf-dump-num>15</span>
      +<span class=sf-dump-public title=\"Public property\">exists</span>: <span class=sf-dump-const>true</span>
      +<span class=sf-dump-public title=\"Public property\">wasRecentlyCreated</span>: <span class=sf-dump-const>false</span>
      #<span class=sf-dump-protected title=\"Protected property\">escapeWhenCastingToString</span>: <span class=sf-dump-const>false</span>
      #<span class=sf-dump-protected title=\"Protected property\">attributes</span>: <span class=sf-dump-note>array:9</span> [ &#8230;9]
      #<span class=sf-dump-protected title=\"Protected property\">original</span>: <span class=sf-dump-note>array:9</span> [ &#8230;9]
      #<span class=sf-dump-protected title=\"Protected property\">changes</span>: []
      #<span class=sf-dump-protected title=\"Protected property\">casts</span>: []
      #<span class=sf-dump-protected title=\"Protected property\">classCastCache</span>: []
      #<span class=sf-dump-protected title=\"Protected property\">attributeCastCache</span>: []
      #<span class=sf-dump-protected title=\"Protected property\">dateFormat</span>: <span class=sf-dump-const>null</span>
      #<span class=sf-dump-protected title=\"Protected property\">appends</span>: []
      #<span class=sf-dump-protected title=\"Protected property\">dispatchesEvents</span>: []
      #<span class=sf-dump-protected title=\"Protected property\">observables</span>: []
      #<span class=sf-dump-protected title=\"Protected property\">relations</span>: <span class=sf-dump-note>array:1</span> [ &#8230;1]
      #<span class=sf-dump-protected title=\"Protected property\">touches</span>: []
      +<span class=sf-dump-public title=\"Public property\">timestamps</span>: <span class=sf-dump-const>true</span>
      +<span class=sf-dump-public title=\"Public property\">usesUniqueIds</span>: <span class=sf-dump-const>false</span>
      #<span class=sf-dump-protected title=\"Protected property\">hidden</span>: []
      #<span class=sf-dump-protected title=\"Protected property\">visible</span>: []
      #<span class=sf-dump-protected title=\"Protected property\">fillable</span>: []
      #<span class=sf-dump-protected title=\"Protected property\">guarded</span>: <span class=sf-dump-note>array:1</span> [ &#8230;1]
    </samp>}
    <span class=sf-dump-index>2</span> => <span class=\"sf-dump-note sf-dump-ellipsization\" title=\"App\\Models\\Widget
\"><span class=\"sf-dump-ellipsis sf-dump-ellipsis-note\">App\\Models</span><span class=\"sf-dump-ellipsis sf-dump-ellipsis-note\">\\</span><span class=\"sf-dump-ellipsis-tail\">Widget</span></span> {<a class=sf-dump-ref>#3986</a><samp data-depth=3 class=sf-dump-compact>
      #<span class=sf-dump-protected title=\"Protected property\">connection</span>: \"<span class=sf-dump-str title=\"5 characters\">mysql</span>\"
      #<span class=sf-dump-protected title=\"Protected property\">table</span>: \"<span class=sf-dump-str title=\"7 characters\">widgets</span>\"
      #<span class=sf-dump-protected title=\"Protected property\">primaryKey</span>: \"<span class=sf-dump-str title=\"2 characters\">id</span>\"
      #<span class=sf-dump-protected title=\"Protected property\">keyType</span>: \"<span class=sf-dump-str title=\"3 characters\">int</span>\"
      +<span class=sf-dump-public title=\"Public property\">incrementing</span>: <span class=sf-dump-const>true</span>
      #<span class=sf-dump-protected title=\"Protected property\">with</span>: []
      #<span class=sf-dump-protected title=\"Protected property\">withCount</span>: []
      +<span class=sf-dump-public title=\"Public property\">preventsLazyLoading</span>: <span class=sf-dump-const>false</span>
      #<span class=sf-dump-protected title=\"Protected property\">perPage</span>: <span class=sf-dump-num>15</span>
      +<span class=sf-dump-public title=\"Public property\">exists</span>: <span class=sf-dump-const>true</span>
      +<span class=sf-dump-public title=\"Public property\">wasRecentlyCreated</span>: <span class=sf-dump-const>false</span>
      #<span class=sf-dump-protected title=\"Protected property\">escapeWhenCastingToString</span>: <span class=sf-dump-const>false</span>
      #<span class=sf-dump-protected title=\"Protected property\">attributes</span>: <span class=sf-dump-note>array:9</span> [ &#8230;9]
      #<span class=sf-dump-protected title=\"Protected property\">original</span>: <span class=sf-dump-note>array:9</span> [ &#8230;9]
      #<span class=sf-dump-protected title=\"Protected property\">changes</span>: []
      #<span class=sf-dump-protected title=\"Protected property\">casts</span>: []
      #<span class=sf-dump-protected title=\"Protected property\">classCastCache</span>: []
      #<span class=sf-dump-protected title=\"Protected property\">attributeCastCache</span>: []
      #<span class=sf-dump-protected title=\"Protected property\">dateFormat</span>: <span class=sf-dump-const>null</span>
      #<span class=sf-dump-protected title=\"Protected property\">appends</span>: []
      #<span class=sf-dump-protected title=\"Protected property\">dispatchesEvents</span>: []
      #<span class=sf-dump-protected title=\"Protected property\">observables</span>: []
      #<span class=sf-dump-protected title=\"Protected property\">relations</span>: <span class=sf-dump-note>array:1</span> [ &#8230;1]
      #<span class=sf-dump-protected title=\"Protected property\">touches</span>: []
      +<span class=sf-dump-public title=\"Public property\">timestamps</span>: <span class=sf-dump-const>true</span>
      +<span class=sf-dump-public title=\"Public property\">usesUniqueIds</span>: <span class=sf-dump-const>false</span>
      #<span class=sf-dump-protected title=\"Protected property\">hidden</span>: []
      #<span class=sf-dump-protected title=\"Protected property\">visible</span>: []
      #<span class=sf-dump-protected title=\"Protected property\">fillable</span>: []
      #<span class=sf-dump-protected title=\"Protected property\">guarded</span>: <span class=sf-dump-note>array:1</span> [ &#8230;1]
    </samp>}
  </samp>]
  #<span class=sf-dump-protected title=\"Protected property\">escapeWhenCastingToString</span>: <span class=sf-dump-const>false</span>
</samp>}
</pre><script>Sfdump(\"sf-dump-1403922502\", {\"maxDepth\":3,\"maxStringLength\":160})</script>
","widget":"<pre class=sf-dump id=sf-dump-1858105866 data-indent-pad=\"  \"><span class=sf-dump-note>App\\Models\\Widget</span> {<a class=sf-dump-ref>#3986</a><samp data-depth=1 class=sf-dump-expanded>
  #<span class=sf-dump-protected title=\"Protected property\">connection</span>: \"<span class=sf-dump-str title=\"5 characters\">mysql</span>\"
  #<span class=sf-dump-protected title=\"Protected property\">table</span>: \"<span class=sf-dump-str title=\"7 characters\">widgets</span>\"
  #<span class=sf-dump-protected title=\"Protected property\">primaryKey</span>: \"<span class=sf-dump-str title=\"2 characters\">id</span>\"
  #<span class=sf-dump-protected title=\"Protected property\">keyType</span>: \"<span class=sf-dump-str title=\"3 characters\">int</span>\"
  +<span class=sf-dump-public title=\"Public property\">incrementing</span>: <span class=sf-dump-const>true</span>
  #<span class=sf-dump-protected title=\"Protected property\">with</span>: []
  #<span class=sf-dump-protected title=\"Protected property\">withCount</span>: []
  +<span class=sf-dump-public title=\"Public property\">preventsLazyLoading</span>: <span class=sf-dump-const>false</span>
  #<span class=sf-dump-protected title=\"Protected property\">perPage</span>: <span class=sf-dump-num>15</span>
  +<span class=sf-dump-public title=\"Public property\">exists</span>: <span class=sf-dump-const>true</span>
  +<span class=sf-dump-public title=\"Public property\">wasRecentlyCreated</span>: <span class=sf-dump-const>false</span>
  #<span class=sf-dump-protected title=\"Protected property\">escapeWhenCastingToString</span>: <span class=sf-dump-const>false</span>
  #<span class=sf-dump-protected title=\"Protected property\">attributes</span>: <span class=sf-dump-note>array:9</span> [<samp data-depth=2 class=sf-dump-compact>
    \"<span class=sf-dump-key>id</span>\" => <span class=sf-dump-num>3</span>
    \"<span class=sf-dump-key>title</span>\" => \"<span class=sf-dump-str title=\"12 characters\">&#1705;&#1575;&#1585;&#1583; &#1578;&#1582;&#1601;&#1740;&#1601;&#1575;&#1578;</span>\"
    \"<span class=sf-dump-key>lang</span>\" => \"<span class=sf-dump-str title=\"2 characters\">fa</span>\"
    \"<span class=sf-dump-key>key</span>\" => \"<span class=sf-dump-str title=\"23 characters\">products-discount-block</span>\"
    \"<span class=sf-dump-key>is_active</span>\" => <span class=sf-dump-num>1</span>
    \"<span class=sf-dump-key>theme</span>\" => \"<span class=sf-dump-str title=\"12 characters\">DefaultTheme</span>\"
    \"<span class=sf-dump-key>ordering</span>\" => <span class=sf-dump-const>null</span>
    \"<span class=sf-dump-key>created_at</span>\" => \"<span class=sf-dump-str title=\"19 characters\">2026-06-02 09:28:38</span>\"
    \"<span class=sf-dump-key>updated_at</span>\" => \"<span class=sf-dump-str title=\"19 characters\">2026-06-02 09:28:38</span>\"
  </samp>]
  #<span class=sf-dump-protected title=\"Protected property\">original</span>: <span class=sf-dump-note>array:9</span> [<samp data-depth=2 class=sf-dump-compact>
    \"<span class=sf-dump-key>id</span>\" => <span class=sf-dump-num>3</span>
    \"<span class=sf-dump-key>title</span>\" => \"<span class=sf-dump-str title=\"12 characters\">&#1705;&#1575;&#1585;&#1583; &#1578;&#1582;&#1601;&#1740;&#1601;&#1575;&#1578;</span>\"
    \"<span class=sf-dump-key>lang</span>\" => \"<span class=sf-dump-str title=\"2 characters\">fa</span>\"
    \"<span class=sf-dump-key>key</span>\" => \"<span class=sf-dump-str title=\"23 characters\">products-discount-block</span>\"
    \"<span class=sf-dump-key>is_active</span>\" => <span class=sf-dump-num>1</span>
    \"<span class=sf-dump-key>theme</span>\" => \"<span class=sf-dump-str title=\"12 characters\">DefaultTheme</span>\"
    \"<span class=sf-dump-key>ordering</span>\" => <span class=sf-dump-const>null</span>
    \"<span class=sf-dump-key>created_at</span>\" => \"<span class=sf-dump-str title=\"19 characters\">2026-06-02 09:28:38</span>\"
    \"<span class=sf-dump-key>updated_at</span>\" => \"<span class=sf-dump-str title=\"19 characters\">2026-06-02 09:28:38</span>\"
  </samp>]
  #<span class=sf-dump-protected title=\"Protected property\">changes</span>: []
  #<span class=sf-dump-protected title=\"Protected property\">casts</span>: []
  #<span class=sf-dump-protected title=\"Protected property\">classCastCache</span>: []
  #<span class=sf-dump-protected title=\"Protected property\">attributeCastCache</span>: []
  #<span class=sf-dump-protected title=\"Protected property\">dateFormat</span>: <span class=sf-dump-const>null</span>
  #<span class=sf-dump-protected title=\"Protected property\">appends</span>: []
  #<span class=sf-dump-protected title=\"Protected property\">dispatchesEvents</span>: []
  #<span class=sf-dump-protected title=\"Protected property\">observables</span>: []
  #<span class=sf-dump-protected title=\"Protected property\">relations</span>: <span class=sf-dump-note>array:1</span> [<samp data-depth=2 class=sf-dump-compact>
    \"<span class=sf-dump-key>options</span>\" => <span class=\"sf-dump-note sf-dump-ellipsization\" title=\"Illuminate\\Database\\Eloquent\\Collection
\"><span class=\"sf-dump-ellipsis sf-dump-ellipsis-note\">Illuminate\\Database\\Eloquent</span><span class=\"sf-dump-ellipsis sf-dump-ellipsis-note\">\\</span><span class=\"sf-dump-ellipsis-tail\">Collection</span></span> {<a class=sf-dump-ref>#3989</a><samp data-depth=3 class=sf-dump-compact>
      #<span class=sf-dump-protected title=\"Protected property\">items</span>: <span class=sf-dump-note>array:8</span> [ &#8230;8]
      #<span class=sf-dump-protected title=\"Protected property\">escapeWhenCastingToString</span>: <span class=sf-dump-const>false</span>
    </samp>}
  </samp>]
  #<span class=sf-dump-protected title=\"Protected property\">touches</span>: []
  +<span class=sf-dump-public title=\"Public property\">timestamps</span>: <span class=sf-dump-const>true</span>
  +<span class=sf-dump-public title=\"Public property\">usesUniqueIds</span>: <span class=sf-dump-const>false</span>
  #<span class=sf-dump-protected title=\"Protected property\">hidden</span>: []
  #<span class=sf-dump-protected title=\"Protected property\">visible</span>: []
  #<span class=sf-dump-protected title=\"Protected property\">fillable</span>: []
  #<span class=sf-dump-protected title=\"Protected property\">guarded</span>: <span class=sf-dump-note>array:1</span> [<samp data-depth=2 class=sf-dump-compact>
    <span class=sf-dump-index>0</span> => \"<span class=sf-dump-str title=\"2 characters\">id</span>\"
  </samp>]
</samp>}
</pre><script>Sfdump(\"sf-dump-1858105866\", {\"maxDepth\":3,\"maxStringLength\":160})</script>
","loop":"<pre class=sf-dump id=sf-dump-1839295570 data-indent-pad=\"  \">{<a class=sf-dump-ref>#4015</a><samp data-depth=1 class=sf-dump-expanded>
  +\"<span class=sf-dump-public title=\"Runtime added dynamic property\">iteration</span>\": <span class=sf-dump-num>3</span>
  +\"<span class=sf-dump-public title=\"Runtime added dynamic property\">index</span>\": <span class=sf-dump-num>2</span>
  +\"<span class=sf-dump-public title=\"Runtime added dynamic property\">remaining</span>\": <span class=sf-dump-num>0</span>
  +\"<span class=sf-dump-public title=\"Runtime added dynamic property\">count</span>\": <span class=sf-dump-num>3</span>
  +\"<span class=sf-dump-public title=\"Runtime added dynamic property\">first</span>\": <span class=sf-dump-const>false</span>
  +\"<span class=sf-dump-public title=\"Runtime added dynamic property\">last</span>\": <span class=sf-dump-const>true</span>
  +\"<span class=sf-dump-public title=\"Runtime added dynamic property\">odd</span>\": <span class=sf-dump-const>true</span>
  +\"<span class=sf-dump-public title=\"Runtime added dynamic property\">even</span>\": <span class=sf-dump-const>false</span>
  +\"<span class=sf-dump-public title=\"Runtime added dynamic property\">depth</span>\": <span class=sf-dump-num>1</span>
  +\"<span class=sf-dump-public title=\"Runtime added dynamic property\">parent</span>\": <span class=sf-dump-const>null</span>
</samp>}
</pre><script>Sfdump(\"sf-dump-1839295570\", {\"maxDepth\":3,\"maxStringLength\":160})</script>
"}},"userId":1,"exception":"[object] (Spatie\\LaravelIgnition\\Exceptions\\ViewException(code: 0): Call to a member function allProducts() on null at C:\\laragon\\www\\Ariya\\themes\\DefaultTheme\\src\\helpers.php:238)
[stacktrace]
#0 C:\\laragon\\www\\Ariya\\themes\\DefaultTheme\\src\\resources\\views\\widgets\\discount-products.blade.php(1): get_widget(Object(App\\Models\\Widget))
#1 C:\\laragon\\www\\Ariya\\vendor\\laravel\\framework\\src\\Illuminate\\Filesystem\\Filesystem.php(123): require('C:\\\\laragon\\\\www\\\\...')
#2 C:\\laragon\\www\\Ariya\\vendor\\laravel\\framework\\src\\Illuminate\\Filesystem\\Filesystem.php(124): Illuminate\\Filesystem\\Filesystem::Illuminate\\Filesystem\\{closure}()
#3 C:\\laragon\\www\\Ariya\\vendor\\laravel\\framework\\src\\Illuminate\\View\\Engines\\PhpEngine.php(58): Illuminate\\Filesystem\\Filesystem->getRequire('C:\\\\laragon\\\\www\\\\...', Array)
#4 C:\\laragon\\www\\Ariya\\vendor\\laravel\\framework\\src\\Illuminate\\View\\Engines\\CompilerEngine.php(72): Illuminate\\View\\Engines\\PhpEngine->evaluatePath('C:\\\\laragon\\\\www\\\\...', Array)
#5 C:\\laragon\\www\\Ariya\\vendor\\laravel\\framework\\src\\Illuminate\\View\\View.php(207): Illuminate\\View\\Engines\\CompilerEngine->get('C:\\\\laragon\\\\www\\\\...', Array)
#6 C:\\laragon\\www\\Ariya\\vendor\\laravel\\framework\\src\\Illuminate\\View\\View.php(190): Illuminate\\View\\View->getContents()
#7 C:\\laragon\\www\\Ariya\\vendor\\laravel\\framework\\src\\Illuminate\\View\\View.php(159): Illuminate\\View\\View->renderContents()
#8 C:\\laragon\\www\\Ariya\\themes\\DefaultTheme\\src\\resources\\views\\index.blade.php(80): Illuminate\\View\\View->render()
#9 C:\\laragon\\www\\Ariya\\vendor\\laravel\\framework\\src\\Illuminate\\Filesystem\\Filesystem.php(123): require('C:\\\\laragon\\\\www\\\\...')
#10 C:\\laragon\\www\\Ariya\\vendor\\laravel\\framework\\src\\Illuminate\\Filesystem\\Filesystem.php(124): Illuminate\\Filesystem\\Filesystem::Illuminate\\Filesystem\\{closure}()
#11 C:\\laragon\\www\\Ariya\\vendor\\laravel\\framework\\src\\Illuminate\\View\\Engines\\PhpEngine.php(58): Illuminate\\Filesystem\\Filesystem->getRequire('C:\\\\laragon\\\\www\\\\...', Array)
#12 C:\\laragon\\www\\Ariya\\vendor\\laravel\\framework\\src\\Illuminate\\View\\Engines\\CompilerEngine.php(72): Illuminate\\View\\Engines\\PhpEngine->evaluatePath('C:\\\\laragon\\\\www\\\\...', Array)
#13 C:\\laragon\\www\\Ariya\\vendor\\laravel\\framework\\src\\Illuminate\\View\\View.php(207): Illuminate\\View\\Engines\\CompilerEngine->get('C:\\\\laragon\\\\www\\\\...', Array)
#14 C:\\laragon\\www\\Ariya\\vendor\\laravel\\framework\\src\\Illuminate\\View\\View.php(190): Illuminate\\View\\View->getContents()
#15 C:\\laragon\\www\\Ariya\\vendor\\laravel\\framework\\src\\Illuminate\\View\\View.php(159): Illuminate\\View\\View->renderContents()
#16 C:\\laragon\\www\\Ariya\\vendor\\laravel\\framework\\src\\Illuminate\\Http\\Response.php(69): Illuminate\\View\\View->render()
#17 C:\\laragon\\www\\Ariya\\vendor\\laravel\\framework\\src\\Illuminate\\Http\\Response.php(35): Illuminate\\Http\\Response->setContent(Object(Illuminate\\View\\View))
#18 C:\\laragon\\www\\Ariya\\vendor\\laravel\\framework\\src\\Illuminate\\Routing\\Router.php(918): Illuminate\\Http\\Response->__construct(Object(Illuminate\\View\\View), 200, Array)
#19 C:\\laragon\\www\\Ariya\\vendor\\laravel\\framework\\src\\Illuminate\\Routing\\Router.php(885): Illuminate\\Routing\\Router::toResponse(Object(Illuminate\\Http\\Request), Object(Illuminate\\View\\View))
#20 C:\\laragon\\www\\Ariya\\vendor\\laravel\\framework\\src\\Illuminate\\Routing\\Router.php(805): Illuminate\\Routing\\Router->prepareResponse(Object(Illuminate\\Http\\Request), Object(Illuminate\\View\\View))
#21 C:\\laragon\\www\\Ariya\\vendor\\laravel\\framework\\src\\Illuminate\\Pipeline\\Pipeline.php(144): Illuminate\\Routing\\Router->Illuminate\\Routing\\{closure}(Object(Illuminate\\Http\\Request))
#22 C:\\laragon\\www\\Ariya\\vendor\\php-flasher\\flasher-laravel\\Middleware\\FlasherMiddleware.php(34): Illuminate\\Pipeline\\Pipeline->Illuminate\\Pipeline\\{closure}(Object(Illuminate\\Http\\Request))
#23 C:\\laragon\\www\\Ariya\\vendor\\laravel\\framework\\src\\Illuminate\\Pipeline\\Pipeline.php(183): Flasher\\Laravel\\Middleware\\FlasherMiddleware->handle(Object(Illuminate\\Http\\Request), Object(Closure))
#24 C:\\laragon\\www\\Ariya\\vendor\\php-flasher\\flasher-laravel\\Middleware\\SessionMiddleware.php(34): Illuminate\\Pipeline\\Pipeline->Illuminate\\Pipeline\\{closure}(Object(Illuminate\\Http\\Request))
#25 C:\\laragon\\www\\Ariya\\vendor\\laravel\\framework\\src\\Illuminate\\Pipeline\\Pipeline.php(183): Flasher\\Laravel\\Middleware\\SessionMiddleware->handle(Object(Illuminate\\Http\\Request), Object(Closure))
#26 C:\\laragon\\www\\Ariya\\vendor\\barryvdh\\laravel-debugbar\\src\\Middleware\\InjectDebugbar.php(59): Illuminate\\Pipeline\\Pipeline->Illuminate\\Pipeline\\{closure}(Object(Illuminate\\Http\\Request))
#27 C:\\laragon\\www\\Ariya\\vendor\\laravel\\framework\\src\\Illuminate\\Pipeline\\Pipeline.php(183): Barryvdh\\Debugbar\\Middleware\\InjectDebugbar->handle(Object(Illuminate\\Http\\Request), Object(Closure))
#28 C:\\laragon\\www\\Ariya\\app\\Http\\Middleware\\Viewer.php(48): Illuminate\\Pipeline\\Pipeline->Illuminate\\Pipeline\\{closure}(Object(Illuminate\\Http\\Request))
#29 C:\\laragon\\www\\Ariya\\vendor\\laravel\\framework\\src\\Illuminate\\Pipeline\\Pipeline.php(183): App\\Http\\Middleware\\Viewer->handle(Object(Illuminate\\Http\\Request), Object(Closure))
#30 C:\\laragon\\www\\Ariya\\vendor\\laravel\\framework\\src\\Illuminate\\Routing\\Middleware\\SubstituteBindings.php(50): Illuminate\\Pipeline\\Pipeline->Illuminate\\Pipeline\\{closure}(Object(Illuminate\\Http\\Request))
#31 C:\\laragon\\www\\Ariya\\vendor\\laravel\\framework\\src\\Illuminate\\Pipeline\\Pipeline.php(183): Illuminate\\Routing\\Middleware\\SubstituteBindings->handle(Object(Illuminate\\Http\\Request), Object(Closure))
#32 C:\\laragon\\www\\Ariya\\vendor\\laravel\\framework\\src\\Illuminate\\Foundation\\Http\\Middleware\\VerifyCsrfToken.php(78): Illuminate\\Pipeline\\Pipeline->Illuminate\\Pipeline\\{closure}(Object(Illuminate\\Http\\Request))
#33 C:\\laragon\\www\\Ariya\\app\\Http\\Middleware\\VerifyCsrfToken.php(30): Illuminate\\Foundation\\Http\\Middleware\\VerifyCsrfToken->handle(Object(Illuminate\\Http\\Request), Object(Closure))
#34 C:\\laragon\\www\\Ariya\\vendor\\laravel\\framework\\src\\Illuminate\\Pipeline\\Pipeline.php(183): App\\Http\\Middleware\\VerifyCsrfToken->handle(Object(Illuminate\\Http\\Request), Object(Closure))
#35 C:\\laragon\\www\\Ariya\\vendor\\laravel\\framework\\src\\Illuminate\\View\\Middleware\\ShareErrorsFromSession.php(49): Illuminate\\Pipeline\\Pipeline->Illuminate\\Pipeline\\{closure}(Object(Illuminate\\Http\\Request))
#36 C:\\laragon\\www\\Ariya\\vendor\\laravel\\framework\\src\\Illuminate\\Pipeline\\Pipeline.php(183): Illuminate\\View\\Middleware\\ShareErrorsFromSession->handle(Object(Illuminate\\Http\\Request), Object(Closure))
#37 C:\\laragon\\www\\Ariya\\vendor\\laravel\\framework\\src\\Illuminate\\Session\\Middleware\\StartSession.php(121): Illuminate\\Pipeline\\Pipeline->Illuminate\\Pipeline\\{closure}(Object(Illuminate\\Http\\Request))
#38 C:\\laragon\\www\\Ariya\\vendor\\laravel\\framework\\src\\Illuminate\\Session\\Middleware\\StartSession.php(64): Illuminate\\Session\\Middleware\\StartSession->handleStatefulRequest(Object(Illuminate\\Http\\Request), Object(Illuminate\\Session\\Store), Object(Closure))
#39 C:\\laragon\\www\\Ariya\\vendor\\laravel\\framework\\src\\Illuminate\\Pipeline\\Pipeline.php(183): Illuminate\\Session\\Middleware\\StartSession->handle(Object(Illuminate\\Http\\Request), Object(Closure))
#40 C:\\laragon\\www\\Ariya\\vendor\\laravel\\framework\\src\\Illuminate\\Cookie\\Middleware\\AddQueuedCookiesToResponse.php(37): Illuminate\\Pipeline\\Pipeline->Illuminate\\Pipeline\\{closure}(Object(Illuminate\\Http\\Request))
#41 C:\\laragon\\www\\Ariya\\vendor\\laravel\\framework\\src\\Illuminate\\Pipeline\\Pipeline.php(183): Illuminate\\Cookie\\Middleware\\AddQueuedCookiesToResponse->handle(Object(Illuminate\\Http\\Request), Object(Closure))
#42 C:\\laragon\\www\\Ariya\\vendor\\laravel\\framework\\src\\Illuminate\\Cookie\\Middleware\\EncryptCookies.php(67): Illuminate\\Pipeline\\Pipeline->Illuminate\\Pipeline\\{closure}(Object(Illuminate\\Http\\Request))
#43 C:\\laragon\\www\\Ariya\\vendor\\laravel\\framework\\src\\Illuminate\\Pipeline\\Pipeline.php(183): Illuminate\\Cookie\\Middleware\\EncryptCookies->handle(Object(Illuminate\\Http\\Request), Object(Closure))
#44 C:\\laragon\\www\\Ariya\\app\\Http\\Middleware\\Language.php(25): Illuminate\\Pipeline\\Pipeline->Illuminate\\Pipeline\\{closure}(Object(Illuminate\\Http\\Request))
#45 C:\\laragon\\www\\Ariya\\vendor\\laravel\\framework\\src\\Illuminate\\Pipeline\\Pipeline.php(183): App\\Http\\Middleware\\Language->handle(Object(Illuminate\\Http\\Request), Object(Closure))
#46 C:\\laragon\\www\\Ariya\\vendor\\laravel\\framework\\src\\Illuminate\\Pipeline\\Pipeline.php(119): Illuminate\\Pipeline\\Pipeline->Illuminate\\Pipeline\\{closure}(Object(Illuminate\\Http\\Request))
#47 C:\\laragon\\www\\Ariya\\vendor\\laravel\\framework\\src\\Illuminate\\Routing\\Router.php(805): Illuminate\\Pipeline\\Pipeline->then(Object(Closure))
#48 C:\\laragon\\www\\Ariya\\vendor\\laravel\\framework\\src\\Illuminate\\Routing\\Router.php(784): Illuminate\\Routing\\Router->runRouteWithinStack(Object(Illuminate\\Routing\\Route), Object(Illuminate\\Http\\Request))
#49 C:\\laragon\\www\\Ariya\\vendor\\laravel\\framework\\src\\Illuminate\\Routing\\Router.php(748): Illuminate\\Routing\\Router->runRoute(Object(Illuminate\\Http\\Request), Object(Illuminate\\Routing\\Route))
#50 C:\\laragon\\www\\Ariya\\vendor\\laravel\\framework\\src\\Illuminate\\Routing\\Router.php(737): Illuminate\\Routing\\Router->dispatchToRoute(Object(Illuminate\\Http\\Request))
#51 C:\\laragon\\www\\Ariya\\vendor\\laravel\\framework\\src\\Illuminate\\Foundation\\Http\\Kernel.php(200): Illuminate\\Routing\\Router->dispatch(Object(Illuminate\\Http\\Request))
#52 C:\\laragon\\www\\Ariya\\vendor\\laravel\\framework\\src\\Illuminate\\Pipeline\\Pipeline.php(144): Illuminate\\Foundation\\Http\\Kernel->Illuminate\\Foundation\\Http\\{closure}(Object(Illuminate\\Http\\Request))
#53 C:\\laragon\\www\\Ariya\\vendor\\barryvdh\\laravel-debugbar\\src\\Middleware\\InjectDebugbar.php(59): Illuminate\\Pipeline\\Pipeline->Illuminate\\Pipeline\\{closure}(Object(Illuminate\\Http\\Request))
#54 C:\\laragon\\www\\Ariya\\vendor\\laravel\\framework\\src\\Illuminate\\Pipeline\\Pipeline.php(183): Barryvdh\\Debugbar\\Middleware\\InjectDebugbar->handle(Object(Illuminate\\Http\\Request), Object(Closure))
#55 C:\\laragon\\www\\Ariya\\vendor\\laravel\\framework\\src\\Illuminate\\Foundation\\Http\\Middleware\\TransformsRequest.php(21): Illuminate\\Pipeline\\Pipeline->Illuminate\\Pipeline\\{closure}(Object(Illuminate\\Http\\Request))
#56 C:\\laragon\\www\\Ariya\\vendor\\laravel\\framework\\src\\Illuminate\\Foundation\\Http\\Middleware\\ConvertEmptyStringsToNull.php(31): Illuminate\\Foundation\\Http\\Middleware\\TransformsRequest->handle(Object(Illuminate\\Http\\Request), Object(Closure))
#57 C:\\laragon\\www\\Ariya\\vendor\\laravel\\framework\\src\\Illuminate\\Pipeline\\Pipeline.php(183): Illuminate\\Foundation\\Http\\Middleware\\ConvertEmptyStringsToNull->handle(Object(Illuminate\\Http\\Request), Object(Closure))
#58 C:\\laragon\\www\\Ariya\\vendor\\laravel\\framework\\src\\Illuminate\\Foundation\\Http\\Middleware\\TransformsRequest.php(21): Illuminate\\Pipeline\\Pipeline->Illuminate\\Pipeline\\{closure}(Object(Illuminate\\Http\\Request))
#59 C:\\laragon\\www\\Ariya\\vendor\\laravel\\framework\\src\\Illuminate\\Foundation\\Http\\Middleware\\TrimStrings.php(40): Illuminate\\Foundation\\Http\\Middleware\\TransformsRequest->handle(Object(Illuminate\\Http\\Request), Object(Closure))
#60 C:\\laragon\\www\\Ariya\\vendor\\laravel\\framework\\src\\Illuminate\\Pipeline\\Pipeline.php(183): Illuminate\\Foundation\\Http\\Middleware\\TrimStrings->handle(Object(Illuminate\\Http\\Request), Object(Closure))
#61 C:\\laragon\\www\\Ariya\\vendor\\laravel\\framework\\src\\Illuminate\\Foundation\\Http\\Middleware\\ValidatePostSize.php(27): Illuminate\\Pipeline\\Pipeline->Illuminate\\Pipeline\\{closure}(Object(Illuminate\\Http\\Request))
#62 C:\\laragon\\www\\Ariya\\vendor\\laravel\\framework\\src\\Illuminate\\Pipeline\\Pipeline.php(183): Illuminate\\Foundation\\Http\\Middleware\\ValidatePostSize->handle(Object(Illuminate\\Http\\Request), Object(Closure))
#63 C:\\laragon\\www\\Ariya\\vendor\\laravel\\framework\\src\\Illuminate\\Foundation\\Http\\Middleware\\PreventRequestsDuringMaintenance.php(99): Illuminate\\Pipeline\\Pipeline->Illuminate\\Pipeline\\{closure}(Object(Illuminate\\Http\\Request))
#64 C:\\laragon\\www\\Ariya\\vendor\\laravel\\framework\\src\\Illuminate\\Pipeline\\Pipeline.php(183): Illuminate\\Foundation\\Http\\Middleware\\PreventRequestsDuringMaintenance->handle(Object(Illuminate\\Http\\Request), Object(Closure))
#65 C:\\laragon\\www\\Ariya\\vendor\\laravel\\framework\\src\\Illuminate\\Http\\Middleware\\TrustProxies.php(39): Illuminate\\Pipeline\\Pipeline->Illuminate\\Pipeline\\{closure}(Object(Illuminate\\Http\\Request))
#66 C:\\laragon\\www\\Ariya\\vendor\\laravel\\framework\\src\\Illuminate\\Pipeline\\Pipeline.php(183): Illuminate\\Http\\Middleware\\TrustProxies->handle(Object(Illuminate\\Http\\Request), Object(Closure))
#67 C:\\laragon\\www\\Ariya\\vendor\\laravel\\framework\\src\\Illuminate\\Pipeline\\Pipeline.php(119): Illuminate\\Pipeline\\Pipeline->Illuminate\\Pipeline\\{closure}(Object(Illuminate\\Http\\Request))
#68 C:\\laragon\\www\\Ariya\\vendor\\laravel\\framework\\src\\Illuminate\\Foundation\\Http\\Kernel.php(175): Illuminate\\Pipeline\\Pipeline->then(Object(Closure))
#69 C:\\laragon\\www\\Ariya\\vendor\\laravel\\framework\\src\\Illuminate\\Foundation\\Http\\Kernel.php(144): Illuminate\\Foundation\\Http\\Kernel->sendRequestThroughRouter(Object(Illuminate\\Http\\Request))
#70 C:\\laragon\\www\\Ariya\\public\\index.php(52): Illuminate\\Foundation\\Http\\Kernel->handle(Object(Illuminate\\Http\\Request))
#71 C:\\laragon\\www\\Ariya\\server.php(21): require_once('C:\\\\laragon\\\\www\\\\...')
#72 {main}

[previous exception] [object] (Error(code: 0): Call to a member function allProducts() on null at C:\\laragon\\www\\Ariya\\themes\\DefaultTheme\\src\\helpers.php:238)
[stacktrace]
#0 C:\\laragon\\www\\Ariya\\storage\\framework\\views\\cd03be68fc934d7d56d380571bbb7372.php(2): get_widget(Object(App\\Models\\Widget))
#1 C:\\laragon\\www\\Ariya\\vendor\\laravel\\framework\\src\\Illuminate\\Filesystem\\Filesystem.php(123): require('C:\\\\laragon\\\\www\\\\...')
#2 C:\\laragon\\www\\Ariya\\vendor\\laravel\\framework\\src\\Illuminate\\Filesystem\\Filesystem.php(124): Illuminate\\Filesystem\\Filesystem::Illuminate\\Filesystem\\{closure}()
#3 C:\\laragon\\www\\Ariya\\vendor\\laravel\\framework\\src\\Illuminate\\View\\Engines\\PhpEngine.php(58): Illuminate\\Filesystem\\Filesystem->getRequire('C:\\\\laragon\\\\www\\\\...', Array)
#4 C:\\laragon\\www\\Ariya\\vendor\\laravel\\framework\\src\\Illuminate\\View\\Engines\\CompilerEngine.php(72): Illuminate\\View\\Engines\\PhpEngine->evaluatePath('C:\\\\laragon\\\\www\\\\...', Array)
#5 C:\\laragon\\www\\Ariya\\vendor\\laravel\\framework\\src\\Illuminate\\View\\View.php(207): Illuminate\\View\\Engines\\CompilerEngine->get('C:\\\\laragon\\\\www\\\\...', Array)
#6 C:\\laragon\\www\\Ariya\\vendor\\laravel\\framework\\src\\Illuminate\\View\\View.php(190): Illuminate\\View\\View->getContents()
#7 C:\\laragon\\www\\Ariya\\vendor\\laravel\\framework\\src\\Illuminate\\View\\View.php(159): Illuminate\\View\\View->renderContents()
#8 C:\\laragon\\www\\Ariya\\storage\\framework\\views\\82f9b23584602a6e7dec088ba23fc8fe.php(78): Illuminate\\View\\View->render()
#9 C:\\laragon\\www\\Ariya\\vendor\\laravel\\framework\\src\\Illuminate\\Filesystem\\Filesystem.php(123): require('C:\\\\laragon\\\\www\\\\...')
#10 C:\\laragon\\www\\Ariya\\vendor\\laravel\\framework\\src\\Illuminate\\Filesystem\\Filesystem.php(124): Illuminate\\Filesystem\\Filesystem::Illuminate\\Filesystem\\{closure}()
#11 C:\\laragon\\www\\Ariya\\vendor\\laravel\\framework\\src\\Illuminate\\View\\Engines\\PhpEngine.php(58): Illuminate\\Filesystem\\Filesystem->getRequire('C:\\\\laragon\\\\www\\\\...', Array)
#12 C:\\laragon\\www\\Ariya\\vendor\\laravel\\framework\\src\\Illuminate\\View\\Engines\\CompilerEngine.php(72): Illuminate\\View\\Engines\\PhpEngine->evaluatePath('C:\\\\laragon\\\\www\\\\...', Array)
#13 C:\\laragon\\www\\Ariya\\vendor\\laravel\\framework\\src\\Illuminate\\View\\View.php(207): Illuminate\\View\\Engines\\CompilerEngine->get('C:\\\\laragon\\\\www\\\\...', Array)
#14 C:\\laragon\\www\\Ariya\\vendor\\laravel\\framework\\src\\Illuminate\\View\\View.php(190): Illuminate\\View\\View->getContents()
#15 C:\\laragon\\www\\Ariya\\vendor\\laravel\\framework\\src\\Illuminate\\View\\View.php(159): Illuminate\\View\\View->renderContents()
#16 C:\\laragon\\www\\Ariya\\vendor\\laravel\\framework\\src\\Illuminate\\Http\\Response.php(69): Illuminate\\View\\View->render()
#17 C:\\laragon\\www\\Ariya\\vendor\\laravel\\framework\\src\\Illuminate\\Http\\Response.php(35): Illuminate\\Http\\Response->setContent(Object(Illuminate\\View\\View))
#18 C:\\laragon\\www\\Ariya\\vendor\\laravel\\framework\\src\\Illuminate\\Routing\\Router.php(918): Illuminate\\Http\\Response->__construct(Object(Illuminate\\View\\View), 200, Array)
#19 C:\\laragon\\www\\Ariya\\vendor\\laravel\\framework\\src\\Illuminate\\Routing\\Router.php(885): Illuminate\\Routing\\Router::toResponse(Object(Illuminate\\Http\\Request), Object(Illuminate\\View\\View))
#20 C:\\laragon\\www\\Ariya\\vendor\\laravel\\framework\\src\\Illuminate\\Routing\\Router.php(805): Illuminate\\Routing\\Router->prepareResponse(Object(Illuminate\\Http\\Request), Object(Illuminate\\View\\View))
#21 C:\\laragon\\www\\Ariya\\vendor\\laravel\\framework\\src\\Illuminate\\Pipeline\\Pipeline.php(144): Illuminate\\Routing\\Router->Illuminate\\Routing\\{closure}(Object(Illuminate\\Http\\Request))
#22 C:\\laragon\\www\\Ariya\\vendor\\php-flasher\\flasher-laravel\\Middleware\\FlasherMiddleware.php(34): Illuminate\\Pipeline\\Pipeline->Illuminate\\Pipeline\\{closure}(Object(Illuminate\\Http\\Request))
#23 C:\\laragon\\www\\Ariya\\vendor\\laravel\\framework\\src\\Illuminate\\Pipeline\\Pipeline.php(183): Flasher\\Laravel\\Middleware\\FlasherMiddleware->handle(Object(Illuminate\\Http\\Request), Object(Closure))
#24 C:\\laragon\\www\\Ariya\\vendor\\php-flasher\\flasher-laravel\\Middleware\\SessionMiddleware.php(34): Illuminate\\Pipeline\\Pipeline->Illuminate\\Pipeline\\{closure}(Object(Illuminate\\Http\\Request))
#25 C:\\laragon\\www\\Ariya\\vendor\\laravel\\framework\\src\\Illuminate\\Pipeline\\Pipeline.php(183): Flasher\\Laravel\\Middleware\\SessionMiddleware->handle(Object(Illuminate\\Http\\Request), Object(Closure))
#26 C:\\laragon\\www\\Ariya\\vendor\\barryvdh\\laravel-debugbar\\src\\Middleware\\InjectDebugbar.php(59): Illuminate\\Pipeline\\Pipeline->Illuminate\\Pipeline\\{closure}(Object(Illuminate\\Http\\Request))
#27 C:\\laragon\\www\\Ariya\\vendor\\laravel\\framework\\src\\Illuminate\\Pipeline\\Pipeline.php(183): Barryvdh\\Debugbar\\Middleware\\InjectDebugbar->handle(Object(Illuminate\\Http\\Request), Object(Closure))
#28 C:\\laragon\\www\\Ariya\\app\\Http\\Middleware\\Viewer.php(48): Illuminate\\Pipeline\\Pipeline->Illuminate\\Pipeline\\{closure}(Object(Illuminate\\Http\\Request))
#29 C:\\laragon\\www\\Ariya\\vendor\\laravel\\framework\\src\\Illuminate\\Pipeline\\Pipeline.php(183): App\\Http\\Middleware\\Viewer->handle(Object(Illuminate\\Http\\Request), Object(Closure))
#30 C:\\laragon\\www\\Ariya\\vendor\\laravel\\framework\\src\\Illuminate\\Routing\\Middleware\\SubstituteBindings.php(50): Illuminate\\Pipeline\\Pipeline->Illuminate\\Pipeline\\{closure}(Object(Illuminate\\Http\\Request))
#31 C:\\laragon\\www\\Ariya\\vendor\\laravel\\framework\\src\\Illuminate\\Pipeline\\Pipeline.php(183): Illuminate\\Routing\\Middleware\\SubstituteBindings->handle(Object(Illuminate\\Http\\Request), Object(Closure))
#32 C:\\laragon\\www\\Ariya\\vendor\\laravel\\framework\\src\\Illuminate\\Foundation\\Http\\Middleware\\VerifyCsrfToken.php(78): Illuminate\\Pipeline\\Pipeline->Illuminate\\Pipeline\\{closure}(Object(Illuminate\\Http\\Request))
#33 C:\\laragon\\www\\Ariya\\app\\Http\\Middleware\\VerifyCsrfToken.php(30): Illuminate\\Foundation\\Http\\Middleware\\VerifyCsrfToken->handle(Object(Illuminate\\Http\\Request), Object(Closure))
#34 C:\\laragon\\www\\Ariya\\vendor\\laravel\\framework\\src\\Illuminate\\Pipeline\\Pipeline.php(183): App\\Http\\Middleware\\VerifyCsrfToken->handle(Object(Illuminate\\Http\\Request), Object(Closure))
#35 C:\\laragon\\www\\Ariya\\vendor\\laravel\\framework\\src\\Illuminate\\View\\Middleware\\ShareErrorsFromSession.php(49): Illuminate\\Pipeline\\Pipeline->Illuminate\\Pipeline\\{closure}(Object(Illuminate\\Http\\Request))
#36 C:\\laragon\\www\\Ariya\\vendor\\laravel\\framework\\src\\Illuminate\\Pipeline\\Pipeline.php(183): Illuminate\\View\\Middleware\\ShareErrorsFromSession->handle(Object(Illuminate\\Http\\Request), Object(Closure))
#37 C:\\laragon\\www\\Ariya\\vendor\\laravel\\framework\\src\\Illuminate\\Session\\Middleware\\StartSession.php(121): Illuminate\\Pipeline\\Pipeline->Illuminate\\Pipeline\\{closure}(Object(Illuminate\\Http\\Request))
#38 C:\\laragon\\www\\Ariya\\vendor\\laravel\\framework\\src\\Illuminate\\Session\\Middleware\\StartSession.php(64): Illuminate\\Session\\Middleware\\StartSession->handleStatefulRequest(Object(Illuminate\\Http\\Request), Object(Illuminate\\Session\\Store), Object(Closure))
#39 C:\\laragon\\www\\Ariya\\vendor\\laravel\\framework\\src\\Illuminate\\Pipeline\\Pipeline.php(183): Illuminate\\Session\\Middleware\\StartSession->handle(Object(Illuminate\\Http\\Request), Object(Closure))
#40 C:\\laragon\\www\\Ariya\\vendor\\laravel\\framework\\src\\Illuminate\\Cookie\\Middleware\\AddQueuedCookiesToResponse.php(37): Illuminate\\Pipeline\\Pipeline->Illuminate\\Pipeline\\{closure}(Object(Illuminate\\Http\\Request))
#41 C:\\laragon\\www\\Ariya\\vendor\\laravel\\framework\\src\\Illuminate\\Pipeline\\Pipeline.php(183): Illuminate\\Cookie\\Middleware\\AddQueuedCookiesToResponse->handle(Object(Illuminate\\Http\\Request), Object(Closure))
#42 C:\\laragon\\www\\Ariya\\vendor\\laravel\\framework\\src\\Illuminate\\Cookie\\Middleware\\EncryptCookies.php(67): Illuminate\\Pipeline\\Pipeline->Illuminate\\Pipeline\\{closure}(Object(Illuminate\\Http\\Request))
#43 C:\\laragon\\www\\Ariya\\vendor\\laravel\\framework\\src\\Illuminate\\Pipeline\\Pipeline.php(183): Illuminate\\Cookie\\Middleware\\EncryptCookies->handle(Object(Illuminate\\Http\\Request), Object(Closure))
#44 C:\\laragon\\www\\Ariya\\app\\Http\\Middleware\\Language.php(25): Illuminate\\Pipeline\\Pipeline->Illuminate\\Pipeline\\{closure}(Object(Illuminate\\Http\\Request))
#45 C:\\laragon\\www\\Ariya\\vendor\\laravel\\framework\\src\\Illuminate\\Pipeline\\Pipeline.php(183): App\\Http\\Middleware\\Language->handle(Object(Illuminate\\Http\\Request), Object(Closure))
#46 C:\\laragon\\www\\Ariya\\vendor\\laravel\\framework\\src\\Illuminate\\Pipeline\\Pipeline.php(119): Illuminate\\Pipeline\\Pipeline->Illuminate\\Pipeline\\{closure}(Object(Illuminate\\Http\\Request))
#47 C:\\laragon\\www\\Ariya\\vendor\\laravel\\framework\\src\\Illuminate\\Routing\\Router.php(805): Illuminate\\Pipeline\\Pipeline->then(Object(Closure))
#48 C:\\laragon\\www\\Ariya\\vendor\\laravel\\framework\\src\\Illuminate\\Routing\\Router.php(784): Illuminate\\Routing\\Router->runRouteWithinStack(Object(Illuminate\\Routing\\Route), Object(Illuminate\\Http\\Request))
#49 C:\\laragon\\www\\Ariya\\vendor\\laravel\\framework\\src\\Illuminate\\Routing\\Router.php(748): Illuminate\\Routing\\Router->runRoute(Object(Illuminate\\Http\\Request), Object(Illuminate\\Routing\\Route))
#50 C:\\laragon\\www\\Ariya\\vendor\\laravel\\framework\\src\\Illuminate\\Routing\\Router.php(737): Illuminate\\Routing\\Router->dispatchToRoute(Object(Illuminate\\Http\\Request))
#51 C:\\laragon\\www\\Ariya\\vendor\\laravel\\framework\\src\\Illuminate\\Foundation\\Http\\Kernel.php(200): Illuminate\\Routing\\Router->dispatch(Object(Illuminate\\Http\\Request))
#52 C:\\laragon\\www\\Ariya\\vendor\\laravel\\framework\\src\\Illuminate\\Pipeline\\Pipeline.php(144): Illuminate\\Foundation\\Http\\Kernel->Illuminate\\Foundation\\Http\\{closure}(Object(Illuminate\\Http\\Request))
#53 C:\\laragon\\www\\Ariya\\vendor\\barryvdh\\laravel-debugbar\\src\\Middleware\\InjectDebugbar.php(59): Illuminate\\Pipeline\\Pipeline->Illuminate\\Pipeline\\{closure}(Object(Illuminate\\Http\\Request))
#54 C:\\laragon\\www\\Ariya\\vendor\\laravel\\framework\\src\\Illuminate\\Pipeline\\Pipeline.php(183): Barryvdh\\Debugbar\\Middleware\\InjectDebugbar->handle(Object(Illuminate\\Http\\Request), Object(Closure))
#55 C:\\laragon\\www\\Ariya\\vendor\\laravel\\framework\\src\\Illuminate\\Foundation\\Http\\Middleware\\TransformsRequest.php(21): Illuminate\\Pipeline\\Pipeline->Illuminate\\Pipeline\\{closure}(Object(Illuminate\\Http\\Request))
#56 C:\\laragon\\www\\Ariya\\vendor\\laravel\\framework\\src\\Illuminate\\Foundation\\Http\\Middleware\\ConvertEmptyStringsToNull.php(31): Illuminate\\Foundation\\Http\\Middleware\\TransformsRequest->handle(Object(Illuminate\\Http\\Request), Object(Closure))
#57 C:\\laragon\\www\\Ariya\\vendor\\laravel\\framework\\src\\Illuminate\\Pipeline\\Pipeline.php(183): Illuminate\\Foundation\\Http\\Middleware\\ConvertEmptyStringsToNull->handle(Object(Illuminate\\Http\\Request), Object(Closure))
#58 C:\\laragon\\www\\Ariya\\vendor\\laravel\\framework\\src\\Illuminate\\Foundation\\Http\\Middleware\\TransformsRequest.php(21): Illuminate\\Pipeline\\Pipeline->Illuminate\\Pipeline\\{closure}(Object(Illuminate\\Http\\Request))
#59 C:\\laragon\\www\\Ariya\\vendor\\laravel\\framework\\src\\Illuminate\\Foundation\\Http\\Middleware\\TrimStrings.php(40): Illuminate\\Foundation\\Http\\Middleware\\TransformsRequest->handle(Object(Illuminate\\Http\\Request), Object(Closure))
#60 C:\\laragon\\www\\Ariya\\vendor\\laravel\\framework\\src\\Illuminate\\Pipeline\\Pipeline.php(183): Illuminate\\Foundation\\Http\\Middleware\\TrimStrings->handle(Object(Illuminate\\Http\\Request), Object(Closure))
#61 C:\\laragon\\www\\Ariya\\vendor\\laravel\\framework\\src\\Illuminate\\Foundation\\Http\\Middleware\\ValidatePostSize.php(27): Illuminate\\Pipeline\\Pipeline->Illuminate\\Pipeline\\{closure}(Object(Illuminate\\Http\\Request))
#62 C:\\laragon\\www\\Ariya\\vendor\\laravel\\framework\\src\\Illuminate\\Pipeline\\Pipeline.php(183): Illuminate\\Foundation\\Http\\Middleware\\ValidatePostSize->handle(Object(Illuminate\\Http\\Request), Object(Closure))
#63 C:\\laragon\\www\\Ariya\\vendor\\laravel\\framework\\src\\Illuminate\\Foundation\\Http\\Middleware\\PreventRequestsDuringMaintenance.php(99): Illuminate\\Pipeline\\Pipeline->Illuminate\\Pipeline\\{closure}(Object(Illuminate\\Http\\Request))
#64 C:\\laragon\\www\\Ariya\\vendor\\laravel\\framework\\src\\Illuminate\\Pipeline\\Pipeline.php(183): Illuminate\\Foundation\\Http\\Middleware\\PreventRequestsDuringMaintenance->handle(Object(Illuminate\\Http\\Request), Object(Closure))
#65 C:\\laragon\\www\\Ariya\\vendor\\laravel\\framework\\src\\Illuminate\\Http\\Middleware\\TrustProxies.php(39): Illuminate\\Pipeline\\Pipeline->Illuminate\\Pipeline\\{closure}(Object(Illuminate\\Http\\Request))
#66 C:\\laragon\\www\\Ariya\\vendor\\laravel\\framework\\src\\Illuminate\\Pipeline\\Pipeline.php(183): Illuminate\\Http\\Middleware\\TrustProxies->handle(Object(Illuminate\\Http\\Request), Object(Closure))
#67 C:\\laragon\\www\\Ariya\\vendor\\laravel\\framework\\src\\Illuminate\\Pipeline\\Pipeline.php(119): Illuminate\\Pipeline\\Pipeline->Illuminate\\Pipeline\\{closure}(Object(Illuminate\\Http\\Request))
#68 C:\\laragon\\www\\Ariya\\vendor\\laravel\\framework\\src\\Illuminate\\Foundation\\Http\\Kernel.php(175): Illuminate\\Pipeline\\Pipeline->then(Object(Closure))
#69 C:\\laragon\\www\\Ariya\\vendor\\laravel\\framework\\src\\Illuminate\\Foundation\\Http\\Kernel.php(144): Illuminate\\Foundation\\Http\\Kernel->sendRequestThroughRouter(Object(Illuminate\\Http\\Request))
#70 C:\\laragon\\www\\Ariya\\public\\index.php(52): Illuminate\\Foundation\\Http\\Kernel->handle(Object(Illuminate\\Http\\Request))
#71 C:\\laragon\\www\\Ariya\\server.php(21): require_once('C:\\\\laragon\\\\www\\\\...')
#72 {main}
"} 
[2026-06-02 15:03:25] local.ERROR: Maximum execution time of 300 seconds exceeded {"exception":"[object] (Symfony\\Component\\ErrorHandler\\Error\\FatalError(code: 0): Maximum execution time of 300 seconds exceeded at C:\\laragon\\www\\Ariya\\vendor\\laravel\\framework\\src\\Illuminate\\Foundation\\Console\\ServeCommand.php:95)
[stacktrace]
#0 {main}
"} 
[2026-06-06 09:21:12] local.ERROR: Maximum execution time of 300 seconds exceeded {"exception":"[object] (Symfony\\Component\\ErrorHandler\\Error\\FatalError(code: 0): Maximum execution time of 300 seconds exceeded at C:\\laragon\\www\\Ariya\\vendor\\laravel\\framework\\src\\Illuminate\\Foundation\\Console\\ServeCommand.php:95)
[stacktrace]
#0 {main}
"} 
[2026-06-06 12:35:20] local.ERROR: syntax error, unexpected token "if" {"view":{"view":"C:\\laragon\\www\\Ariya\\themes\\DefaultTheme\\src\\resources\\views\\partials\\footer.blade.php","data":{"errors":"<pre class=sf-dump id=sf-dump-238598407 data-indent-pad=\"  \"><span class=sf-dump-note>Illuminate\\Support\\ViewErrorBag</span> {<a class=sf-dump-ref>#3925</a><samp data-depth=1 class=sf-dump-expanded>
  #<span class=sf-dump-protected title=\"Protected property\">bags</span>: []
</samp>}
</pre><script>Sfdump(\"sf-dump-238598407\", {\"maxDepth\":3,\"maxStringLength\":160})</script>
","widgets":"<pre class=sf-dump id=sf-dump-1490524414 data-indent-pad=\"  \"><span class=sf-dump-note>Illuminate\\Database\\Eloquent\\Collection</span> {<a class=sf-dump-ref>#3979</a><samp data-depth=1 class=sf-dump-expanded>
  #<span class=sf-dump-protected title=\"Protected property\">items</span>: <span class=sf-dump-note>array:6</span> [<samp data-depth=2 class=sf-dump-compact>
    <span class=sf-dump-index>0</span> => <span class=\"sf-dump-note sf-dump-ellipsization\" title=\"App\\Models\\Widget
\"><span class=\"sf-dump-ellipsis sf-dump-ellipsis-note\">App\\Models</span><span class=\"sf-dump-ellipsis sf-dump-ellipsis-note\">\\</span><span class=\"sf-dump-ellipsis-tail\">Widget</span></span> {<a class=sf-dump-ref>#3987</a><samp data-depth=3 class=sf-dump-compact>
      #<span class=sf-dump-protected title=\"Protected property\">connection</span>: \"<span class=sf-dump-str title=\"5 characters\">mysql</span>\"
      #<span class=sf-dump-protected title=\"Protected property\">table</span>: \"<span class=sf-dump-str title=\"7 characters\">widgets</span>\"
      #<span class=sf-dump-protected title=\"Protected property\">primaryKey</span>: \"<span class=sf-dump-str title=\"2 characters\">id</span>\"
      #<span class=sf-dump-protected title=\"Protected property\">keyType</span>: \"<span class=sf-dump-str title=\"3 characters\">int</span>\"
      +<span class=sf-dump-public title=\"Public property\">incrementing</span>: <span class=sf-dump-const>true</span>
      #<span class=sf-dump-protected title=\"Protected property\">with</span>: []
      #<span class=sf-dump-protected title=\"Protected property\">withCount</span>: []
      +<span class=sf-dump-public title=\"Public property\">preventsLazyLoading</span>: <span class=sf-dump-const>false</span>
      #<span class=sf-dump-protected title=\"Protected property\">perPage</span>: <span class=sf-dump-num>15</span>
      +<span class=sf-dump-public title=\"Public property\">exists</span>: <span class=sf-dump-const>true</span>
      +<span class=sf-dump-public title=\"Public property\">wasRecentlyCreated</span>: <span class=sf-dump-const>false</span>
      #<span class=sf-dump-protected title=\"Protected property\">escapeWhenCastingToString</span>: <span class=sf-dump-const>false</span>
      #<span class=sf-dump-protected title=\"Protected property\">attributes</span>: <span class=sf-dump-note>array:9</span> [ &#8230;9]
      #<span class=sf-dump-protected title=\"Protected property\">original</span>: <span class=sf-dump-note>array:9</span> [ &#8230;9]
      #<span class=sf-dump-protected title=\"Protected property\">changes</span>: []
      #<span class=sf-dump-protected title=\"Protected property\">casts</span>: []
      #<span class=sf-dump-protected title=\"Protected property\">classCastCache</span>: []
      #<span class=sf-dump-protected title=\"Protected property\">attributeCastCache</span>: []
      #<span class=sf-dump-protected title=\"Protected property\">dateFormat</span>: <span class=sf-dump-const>null</span>
      #<span class=sf-dump-protected title=\"Protected property\">appends</span>: []
      #<span class=sf-dump-protected title=\"Protected property\">dispatchesEvents</span>: []
      #<span class=sf-dump-protected title=\"Protected property\">observables</span>: []
      #<span class=sf-dump-protected title=\"Protected property\">relations</span>: <span class=sf-dump-note>array:1</span> [ &#8230;1]
      #<span class=sf-dump-protected title=\"Protected property\">touches</span>: []
      +<span class=sf-dump-public title=\"Public property\">timestamps</span>: <span class=sf-dump-const>true</span>
      +<span class=sf-dump-public title=\"Public property\">usesUniqueIds</span>: <span class=sf-dump-const>false</span>
      #<span class=sf-dump-protected title=\"Protected property\">hidden</span>: []
      #<span class=sf-dump-protected title=\"Protected property\">visible</span>: []
      #<span class=sf-dump-protected title=\"Protected property\">fillable</span>: []
      #<span class=sf-dump-protected title=\"Protected property\">guarded</span>: <span class=sf-dump-note>array:1</span> [ &#8230;1]
    </samp>}
    <span class=sf-dump-index>1</span> => <span class=\"sf-dump-note sf-dump-ellipsization\" title=\"App\\Models\\Widget
\"><span class=\"sf-dump-ellipsis sf-dump-ellipsis-note\">App\\Models</span><span class=\"sf-dump-ellipsis sf-dump-ellipsis-note\">\\</span><span class=\"sf-dump-ellipsis-tail\">Widget</span></span> {<a class=sf-dump-ref>#3988</a><samp data-depth=3 class=sf-dump-compact>
      #<span class=sf-dump-protected title=\"Protected property\">connection</span>: \"<span class=sf-dump-str title=\"5 characters\">mysql</span>\"
      #<span class=sf-dump-protected title=\"Protected property\">table</span>: \"<span class=sf-dump-str title=\"7 characters\">widgets</span>\"
      #<span class=sf-dump-protected title=\"Protected property\">primaryKey</span>: \"<span class=sf-dump-str title=\"2 characters\">id</span>\"
      #<span class=sf-dump-protected title=\"Protected property\">keyType</span>: \"<span class=sf-dump-str title=\"3 characters\">int</span>\"
      +<span class=sf-dump-public title=\"Public property\">incrementing</span>: <span class=sf-dump-const>true</span>
      #<span class=sf-dump-protected title=\"Protected property\">with</span>: []
      #<span class=sf-dump-protected title=\"Protected property\">withCount</span>: []
      +<span class=sf-dump-public title=\"Public property\">preventsLazyLoading</span>: <span class=sf-dump-const>false</span>
      #<span class=sf-dump-protected title=\"Protected property\">perPage</span>: <span class=sf-dump-num>15</span>
      +<span class=sf-dump-public title=\"Public property\">exists</span>: <span class=sf-dump-const>true</span>
      +<span class=sf-dump-public title=\"Public property\">wasRecentlyCreated</span>: <span class=sf-dump-const>false</span>
      #<span class=sf-dump-protected title=\"Protected property\">escapeWhenCastingToString</span>: <span class=sf-dump-const>false</span>
      #<span class=sf-dump-protected title=\"Protected property\">attributes</span>: <span class=sf-dump-note>array:9</span> [ &#8230;9]
      #<span class=sf-dump-protected title=\"Protected property\">original</span>: <span class=sf-dump-note>array:9</span> [ &#8230;9]
      #<span class=sf-dump-protected title=\"Protected property\">changes</span>: []
      #<span class=sf-dump-protected title=\"Protected property\">casts</span>: []
      #<span class=sf-dump-protected title=\"Protected property\">classCastCache</span>: []
      #<span class=sf-dump-protected title=\"Protected property\">attributeCastCache</span>: []
      #<span class=sf-dump-protected title=\"Protected property\">dateFormat</span>: <span class=sf-dump-const>null</span>
      #<span class=sf-dump-protected title=\"Protected property\">appends</span>: []
      #<span class=sf-dump-protected title=\"Protected property\">dispatchesEvents</span>: []
      #<span class=sf-dump-protected title=\"Protected property\">observables</span>: []
      #<span class=sf-dump-protected title=\"Protected property\">relations</span>: <span class=sf-dump-note>array:1</span> [ &#8230;1]
      #<span class=sf-dump-protected title=\"Protected property\">touches</span>: []
      +<span class=sf-dump-public title=\"Public property\">timestamps</span>: <span class=sf-dump-const>true</span>
      +<span class=sf-dump-public title=\"Public property\">usesUniqueIds</span>: <span class=sf-dump-const>false</span>
      #<span class=sf-dump-protected title=\"Protected property\">hidden</span>: []
      #<span class=sf-dump-protected title=\"Protected property\">visible</span>: []
      #<span class=sf-dump-protected title=\"Protected property\">fillable</span>: []
      #<span class=sf-dump-protected title=\"Protected property\">guarded</span>: <span class=sf-dump-note>array:1</span> [ &#8230;1]
    </samp>}
    <span class=sf-dump-index>2</span> => <span class=\"sf-dump-note sf-dump-ellipsization\" title=\"App\\Models\\Widget
\"><span class=\"sf-dump-ellipsis sf-dump-ellipsis-note\">App\\Models</span><span class=\"sf-dump-ellipsis sf-dump-ellipsis-note\">\\</span><span class=\"sf-dump-ellipsis-tail\">Widget</span></span> {<a class=sf-dump-ref>#3989</a><samp data-depth=3 class=sf-dump-compact>
      #<span class=sf-dump-protected title=\"Protected property\">connection</span>: \"<span class=sf-dump-str title=\"5 characters\">mysql</span>\"
      #<span class=sf-dump-protected title=\"Protected property\">table</span>: \"<span class=sf-dump-str title=\"7 characters\">widgets</span>\"
      #<span class=sf-dump-protected title=\"Protected property\">primaryKey</span>: \"<span class=sf-dump-str title=\"2 characters\">id</span>\"
      #<span class=sf-dump-protected title=\"Protected property\">keyType</span>: \"<span class=sf-dump-str title=\"3 characters\">int</span>\"
      +<span class=sf-dump-public title=\"Public property\">incrementing</span>: <span class=sf-dump-const>true</span>
      #<span class=sf-dump-protected title=\"Protected property\">with</span>: []
      #<span class=sf-dump-protected title=\"Protected property\">withCount</span>: []
      +<span class=sf-dump-public title=\"Public property\">preventsLazyLoading</span>: <span class=sf-dump-const>false</span>
      #<span class=sf-dump-protected title=\"Protected property\">perPage</span>: <span class=sf-dump-num>15</span>
      +<span class=sf-dump-public title=\"Public property\">exists</span>: <span class=sf-dump-const>true</span>
      +<span class=sf-dump-public title=\"Public property\">wasRecentlyCreated</span>: <span class=sf-dump-const>false</span>
      #<span class=sf-dump-protected title=\"Protected property\">escapeWhenCastingToString</span>: <span class=sf-dump-const>false</span>
      #<span class=sf-dump-protected title=\"Protected property\">attributes</span>: <span class=sf-dump-note>array:9</span> [ &#8230;9]
      #<span class=sf-dump-protected title=\"Protected property\">original</span>: <span class=sf-dump-note>array:9</span> [ &#8230;9]
      #<span class=sf-dump-protected title=\"Protected property\">changes</span>: []
      #<span class=sf-dump-protected title=\"Protected property\">casts</span>: []
      #<span class=sf-dump-protected title=\"Protected property\">classCastCache</span>: []
      #<span class=sf-dump-protected title=\"Protected property\">attributeCastCache</span>: []
      #<span class=sf-dump-protected title=\"Protected property\">dateFormat</span>: <span class=sf-dump-const>null</span>
      #<span class=sf-dump-protected title=\"Protected property\">appends</span>: []
      #<span class=sf-dump-protected title=\"Protected property\">dispatchesEvents</span>: []
      #<span class=sf-dump-protected title=\"Protected property\">observables</span>: []
      #<span class=sf-dump-protected title=\"Protected property\">relations</span>: <span class=sf-dump-note>array:1</span> [ &#8230;1]
      #<span class=sf-dump-protected title=\"Protected property\">touches</span>: []
      +<span class=sf-dump-public title=\"Public property\">timestamps</span>: <span class=sf-dump-const>true</span>
      +<span class=sf-dump-public title=\"Public property\">usesUniqueIds</span>: <span class=sf-dump-const>false</span>
      #<span class=sf-dump-protected title=\"Protected property\">hidden</span>: []
      #<span class=sf-dump-protected title=\"Protected property\">visible</span>: []
      #<span class=sf-dump-protected title=\"Protected property\">fillable</span>: []
      #<span class=sf-dump-protected title=\"Protected property\">guarded</span>: <span class=sf-dump-note>array:1</span> [ &#8230;1]
    </samp>}
    <span class=sf-dump-index>3</span> => <span class=\"sf-dump-note sf-dump-ellipsization\" title=\"App\\Models\\Widget
\"><span class=\"sf-dump-ellipsis sf-dump-ellipsis-note\">App\\Models</span><span class=\"sf-dump-ellipsis sf-dump-ellipsis-note\">\\</span><span class=\"sf-dump-ellipsis-tail\">Widget</span></span> {<a class=sf-dump-ref>#3990</a><samp data-depth=3 class=sf-dump-compact>
      #<span class=sf-dump-protected title=\"Protected property\">connection</span>: \"<span class=sf-dump-str title=\"5 characters\">mysql</span>\"
      #<span class=sf-dump-protected title=\"Protected property\">table</span>: \"<span class=sf-dump-str title=\"7 characters\">widgets</span>\"
      #<span class=sf-dump-protected title=\"Protected property\">primaryKey</span>: \"<span class=sf-dump-str title=\"2 characters\">id</span>\"
      #<span class=sf-dump-protected title=\"Protected property\">keyType</span>: \"<span class=sf-dump-str title=\"3 characters\">int</span>\"
      +<span class=sf-dump-public title=\"Public property\">incrementing</span>: <span class=sf-dump-const>true</span>
      #<span class=sf-dump-protected title=\"Protected property\">with</span>: []
      #<span class=sf-dump-protected title=\"Protected property\">withCount</span>: []
      +<span class=sf-dump-public title=\"Public property\">preventsLazyLoading</span>: <span class=sf-dump-const>false</span>
      #<span class=sf-dump-protected title=\"Protected property\">perPage</span>: <span class=sf-dump-num>15</span>
      +<span class=sf-dump-public title=\"Public property\">exists</span>: <span class=sf-dump-const>true</span>
      +<span class=sf-dump-public title=\"Public property\">wasRecentlyCreated</span>: <span class=sf-dump-const>false</span>
      #<span class=sf-dump-protected title=\"Protected property\">escapeWhenCastingToString</span>: <span class=sf-dump-const>false</span>
      #<span class=sf-dump-protected title=\"Protected property\">attributes</span>: <span class=sf-dump-note>array:9</span> [ &#8230;9]
      #<span class=sf-dump-protected title=\"Protected property\">original</span>: <span class=sf-dump-note>array:9</span> [ &#8230;9]
      #<span class=sf-dump-protected title=\"Protected property\">changes</span>: []
      #<span class=sf-dump-protected title=\"Protected property\">casts</span>: []
      #<span class=sf-dump-protected title=\"Protected property\">classCastCache</span>: []
      #<span class=sf-dump-protected title=\"Protected property\">attributeCastCache</span>: []
      #<span class=sf-dump-protected title=\"Protected property\">dateFormat</span>: <span class=sf-dump-const>null</span>
      #<span class=sf-dump-protected title=\"Protected property\">appends</span>: []
      #<span class=sf-dump-protected title=\"Protected property\">dispatchesEvents</span>: []
      #<span class=sf-dump-protected title=\"Protected property\">observables</span>: []
      #<span class=sf-dump-protected title=\"Protected property\">relations</span>: <span class=sf-dump-note>array:1</span> [ &#8230;1]
      #<span class=sf-dump-protected title=\"Protected property\">touches</span>: []
      +<span class=sf-dump-public title=\"Public property\">timestamps</span>: <span class=sf-dump-const>true</span>
      +<span class=sf-dump-public title=\"Public property\">usesUniqueIds</span>: <span class=sf-dump-const>false</span>
      #<span class=sf-dump-protected title=\"Protected property\">hidden</span>: []
      #<span class=sf-dump-protected title=\"Protected property\">visible</span>: []
      #<span class=sf-dump-protected title=\"Protected property\">fillable</span>: []
      #<span class=sf-dump-protected title=\"Protected property\">guarded</span>: <span class=sf-dump-note>array:1</span> [ &#8230;1]
    </samp>}
    <span class=sf-dump-index>4</span> => <span class=\"sf-dump-note sf-dump-ellipsization\" title=\"App\\Models\\Widget
\"><span class=\"sf-dump-ellipsis sf-dump-ellipsis-note\">App\\Models</span><span class=\"sf-dump-ellipsis sf-dump-ellipsis-note\">\\</span><span class=\"sf-dump-ellipsis-tail\">Widget</span></span> {<a class=sf-dump-ref>#3991</a><samp data-depth=3 class=sf-dump-compact>
      #<span class=sf-dump-protected title=\"Protected property\">connection</span>: \"<span class=sf-dump-str title=\"5 characters\">mysql</span>\"
      #<span class=sf-dump-protected title=\"Protected property\">table</span>: \"<span class=sf-dump-str title=\"7 characters\">widgets</span>\"
      #<span class=sf-dump-protected title=\"Protected property\">primaryKey</span>: \"<span class=sf-dump-str title=\"2 characters\">id</span>\"
      #<span class=sf-dump-protected title=\"Protected property\">keyType</span>: \"<span class=sf-dump-str title=\"3 characters\">int</span>\"
      +<span class=sf-dump-public title=\"Public property\">incrementing</span>: <span class=sf-dump-const>true</span>
      #<span class=sf-dump-protected title=\"Protected property\">with</span>: []
      #<span class=sf-dump-protected title=\"Protected property\">withCount</span>: []
      +<span class=sf-dump-public title=\"Public property\">preventsLazyLoading</span>: <span class=sf-dump-const>false</span>
      #<span class=sf-dump-protected title=\"Protected property\">perPage</span>: <span class=sf-dump-num>15</span>
      +<span class=sf-dump-public title=\"Public property\">exists</span>: <span class=sf-dump-const>true</span>
      +<span class=sf-dump-public title=\"Public property\">wasRecentlyCreated</span>: <span class=sf-dump-const>false</span>
      #<span class=sf-dump-protected title=\"Protected property\">escapeWhenCastingToString</span>: <span class=sf-dump-const>false</span>
      #<span class=sf-dump-protected title=\"Protected property\">attributes</span>: <span class=sf-dump-note>array:9</span> [ &#8230;9]
      #<span class=sf-dump-protected title=\"Protected property\">original</span>: <span class=sf-dump-note>array:9</span> [ &#8230;9]
      #<span class=sf-dump-protected title=\"Protected property\">changes</span>: []
      #<span class=sf-dump-protected title=\"Protected property\">casts</span>: []
      #<span class=sf-dump-protected title=\"Protected property\">classCastCache</span>: []
      #<span class=sf-dump-protected title=\"Protected property\">attributeCastCache</span>: []
      #<span class=sf-dump-protected title=\"Protected property\">dateFormat</span>: <span class=sf-dump-const>null</span>
      #<span class=sf-dump-protected title=\"Protected property\">appends</span>: []
      #<span class=sf-dump-protected title=\"Protected property\">dispatchesEvents</span>: []
      #<span class=sf-dump-protected title=\"Protected property\">observables</span>: []
      #<span class=sf-dump-protected title=\"Protected property\">relations</span>: <span class=sf-dump-note>array:1</span> [ &#8230;1]
      #<span class=sf-dump-protected title=\"Protected property\">touches</span>: []
      +<span class=sf-dump-public title=\"Public property\">timestamps</span>: <span class=sf-dump-const>true</span>
      +<span class=sf-dump-public title=\"Public property\">usesUniqueIds</span>: <span class=sf-dump-const>false</span>
      #<span class=sf-dump-protected title=\"Protected property\">hidden</span>: []
      #<span class=sf-dump-protected title=\"Protected property\">visible</span>: []
      #<span class=sf-dump-protected title=\"Protected property\">fillable</span>: []
      #<span class=sf-dump-protected title=\"Protected property\">guarded</span>: <span class=sf-dump-note>array:1</span> [ &#8230;1]
    </samp>}
    <span class=sf-dump-index>5</span> => <span class=\"sf-dump-note sf-dump-ellipsization\" title=\"App\\Models\\Widget
\"><span class=\"sf-dump-ellipsis sf-dump-ellipsis-note\">App\\Models</span><span class=\"sf-dump-ellipsis sf-dump-ellipsis-note\">\\</span><span class=\"sf-dump-ellipsis-tail\">Widget</span></span> {<a class=sf-dump-ref>#3992</a><samp data-depth=3 class=sf-dump-compact>
      #<span class=sf-dump-protected title=\"Protected property\">connection</span>: \"<span class=sf-dump-str title=\"5 characters\">mysql</span>\"
      #<span class=sf-dump-protected title=\"Protected property\">table</span>: \"<span class=sf-dump-str title=\"7 characters\">widgets</span>\"
      #<span class=sf-dump-protected title=\"Protected property\">primaryKey</span>: \"<span class=sf-dump-str title=\"2 characters\">id</span>\"
      #<span class=sf-dump-protected title=\"Protected property\">keyType</span>: \"<span class=sf-dump-str title=\"3 characters\">int</span>\"
      +<span class=sf-dump-public title=\"Public property\">incrementing</span>: <span class=sf-dump-const>true</span>
      #<span class=sf-dump-protected title=\"Protected property\">with</span>: []
      #<span class=sf-dump-protected title=\"Protected property\">withCount</span>: []
      +<span class=sf-dump-public title=\"Public property\">preventsLazyLoading</span>: <span class=sf-dump-const>false</span>
      #<span class=sf-dump-protected title=\"Protected property\">perPage</span>: <span class=sf-dump-num>15</span>
      +<span class=sf-dump-public title=\"Public property\">exists</span>: <span class=sf-dump-const>true</span>
      +<span class=sf-dump-public title=\"Public property\">wasRecentlyCreated</span>: <span class=sf-dump-const>false</span>
      #<span class=sf-dump-protected title=\"Protected property\">escapeWhenCastingToString</span>: <span class=sf-dump-const>false</span>
      #<span class=sf-dump-protected title=\"Protected property\">attributes</span>: <span class=sf-dump-note>array:9</span> [ &#8230;9]
      #<span class=sf-dump-protected title=\"Protected property\">original</span>: <span class=sf-dump-note>array:9</span> [ &#8230;9]
      #<span class=sf-dump-protected title=\"Protected property\">changes</span>: []
      #<span class=sf-dump-protected title=\"Protected property\">casts</span>: []
      #<span class=sf-dump-protected title=\"Protected property\">classCastCache</span>: []
      #<span class=sf-dump-protected title=\"Protected property\">attributeCastCache</span>: []
      #<span class=sf-dump-protected title=\"Protected property\">dateFormat</span>: <span class=sf-dump-const>null</span>
      #<span class=sf-dump-protected title=\"Protected property\">appends</span>: []
      #<span class=sf-dump-protected title=\"Protected property\">dispatchesEvents</span>: []
      #<span class=sf-dump-protected title=\"Protected property\">observables</span>: []
      #<span class=sf-dump-protected title=\"Protected property\">relations</span>: <span class=sf-dump-note>array:1</span> [ &#8230;1]
      #<span class=sf-dump-protected title=\"Protected property\">touches</span>: []
      +<span class=sf-dump-public title=\"Public property\">timestamps</span>: <span class=sf-dump-const>true</span>
      +<span class=sf-dump-public title=\"Public property\">usesUniqueIds</span>: <span class=sf-dump-const>false</span>
      #<span class=sf-dump-protected title=\"Protected property\">hidden</span>: []
      #<span class=sf-dump-protected title=\"Protected property\">visible</span>: []
      #<span class=sf-dump-protected title=\"Protected property\">fillable</span>: []
      #<span class=sf-dump-protected title=\"Protected property\">guarded</span>: <span class=sf-dump-note>array:1</span> [ &#8230;1]
    </samp>}
  </samp>]
  #<span class=sf-dump-protected title=\"Protected property\">escapeWhenCastingToString</span>: <span class=sf-dump-const>false</span>
</samp>}
</pre><script>Sfdump(\"sf-dump-1490524414\", {\"maxDepth\":3,\"maxStringLength\":160})</script>
","current_local":"<pre class=sf-dump id=sf-dump-624575953 data-indent-pad=\"  \"><span class=sf-dump-note>array:3</span> [<samp data-depth=1 class=sf-dump-expanded>
  \"<span class=sf-dump-key>name</span>\" => \"<span class=sf-dump-str title=\"5 characters\">&#1601;&#1575;&#1585;&#1587;&#1740;</span>\"
  \"<span class=sf-dump-key>direction</span>\" => \"<span class=sf-dump-str title=\"3 characters\">rtl</span>\"
  \"<span class=sf-dump-key>english_name</span>\" => \"<span class=sf-dump-str title=\"7 characters\">Persian</span>\"
</samp>]
</pre><script>Sfdump(\"sf-dump-624575953\", {\"maxDepth\":3,\"maxStringLength\":160})</script>
","__currentLoopData":"<pre class=sf-dump id=sf-dump-407673476 data-indent-pad=\"  \"><span class=sf-dump-note>Illuminate\\Database\\Eloquent\\Collection</span> {<a class=sf-dump-ref>#3979</a><samp data-depth=1 class=sf-dump-expanded>
  #<span class=sf-dump-protected title=\"Protected property\">items</span>: <span class=sf-dump-note>array:6</span> [<samp data-depth=2 class=sf-dump-compact>
    <span class=sf-dump-index>0</span> => <span class=\"sf-dump-note sf-dump-ellipsization\" title=\"App\\Models\\Widget
\"><span class=\"sf-dump-ellipsis sf-dump-ellipsis-note\">App\\Models</span><span class=\"sf-dump-ellipsis sf-dump-ellipsis-note\">\\</span><span class=\"sf-dump-ellipsis-tail\">Widget</span></span> {<a class=sf-dump-ref>#3987</a><samp data-depth=3 class=sf-dump-compact>
      #<span class=sf-dump-protected title=\"Protected property\">connection</span>: \"<span class=sf-dump-str title=\"5 characters\">mysql</span>\"
      #<span class=sf-dump-protected title=\"Protected property\">table</span>: \"<span class=sf-dump-str title=\"7 characters\">widgets</span>\"
      #<span class=sf-dump-protected title=\"Protected property\">primaryKey</span>: \"<span class=sf-dump-str title=\"2 characters\">id</span>\"
      #<span class=sf-dump-protected title=\"Protected property\">keyType</span>: \"<span class=sf-dump-str title=\"3 characters\">int</span>\"
      +<span class=sf-dump-public title=\"Public property\">incrementing</span>: <span class=sf-dump-const>true</span>
      #<span class=sf-dump-protected title=\"Protected property\">with</span>: []
      #<span class=sf-dump-protected title=\"Protected property\">withCount</span>: []
      +<span class=sf-dump-public title=\"Public property\">preventsLazyLoading</span>: <span class=sf-dump-const>false</span>
      #<span class=sf-dump-protected title=\"Protected property\">perPage</span>: <span class=sf-dump-num>15</span>
      +<span class=sf-dump-public title=\"Public property\">exists</span>: <span class=sf-dump-const>true</span>
      +<span class=sf-dump-public title=\"Public property\">wasRecentlyCreated</span>: <span class=sf-dump-const>false</span>
      #<span class=sf-dump-protected title=\"Protected property\">escapeWhenCastingToString</span>: <span class=sf-dump-const>false</span>
      #<span class=sf-dump-protected title=\"Protected property\">attributes</span>: <span class=sf-dump-note>array:9</span> [ &#8230;9]
      #<span class=sf-dump-protected title=\"Protected property\">original</span>: <span class=sf-dump-note>array:9</span> [ &#8230;9]
      #<span class=sf-dump-protected title=\"Protected property\">changes</span>: []
      #<span class=sf-dump-protected title=\"Protected property\">casts</span>: []
      #<span class=sf-dump-protected title=\"Protected property\">classCastCache</span>: []
      #<span class=sf-dump-protected title=\"Protected property\">attributeCastCache</span>: []
      #<span class=sf-dump-protected title=\"Protected property\">dateFormat</span>: <span class=sf-dump-const>null</span>
      #<span class=sf-dump-protected title=\"Protected property\">appends</span>: []
      #<span class=sf-dump-protected title=\"Protected property\">dispatchesEvents</span>: []
      #<span class=sf-dump-protected title=\"Protected property\">observables</span>: []
      #<span class=sf-dump-protected title=\"Protected property\">relations</span>: <span class=sf-dump-note>array:1</span> [ &#8230;1]
      #<span class=sf-dump-protected title=\"Protected property\">touches</span>: []
      +<span class=sf-dump-public title=\"Public property\">timestamps</span>: <span class=sf-dump-const>true</span>
      +<span class=sf-dump-public title=\"Public property\">usesUniqueIds</span>: <span class=sf-dump-const>false</span>
      #<span class=sf-dump-protected title=\"Protected property\">hidden</span>: []
      #<span class=sf-dump-protected title=\"Protected property\">visible</span>: []
      #<span class=sf-dump-protected title=\"Protected property\">fillable</span>: []
      #<span class=sf-dump-protected title=\"Protected property\">guarded</span>: <span class=sf-dump-note>array:1</span> [ &#8230;1]
    </samp>}
    <span class=sf-dump-index>1</span> => <span class=\"sf-dump-note sf-dump-ellipsization\" title=\"App\\Models\\Widget
\"><span class=\"sf-dump-ellipsis sf-dump-ellipsis-note\">App\\Models</span><span class=\"sf-dump-ellipsis sf-dump-ellipsis-note\">\\</span><span class=\"sf-dump-ellipsis-tail\">Widget</span></span> {<a class=sf-dump-ref>#3988</a><samp data-depth=3 class=sf-dump-compact>
      #<span class=sf-dump-protected title=\"Protected property\">connection</span>: \"<span class=sf-dump-str title=\"5 characters\">mysql</span>\"
      #<span class=sf-dump-protected title=\"Protected property\">table</span>: \"<span class=sf-dump-str title=\"7 characters\">widgets</span>\"
      #<span class=sf-dump-protected title=\"Protected property\">primaryKey</span>: \"<span class=sf-dump-str title=\"2 characters\">id</span>\"
      #<span class=sf-dump-protected title=\"Protected property\">keyType</span>: \"<span class=sf-dump-str title=\"3 characters\">int</span>\"
      +<span class=sf-dump-public title=\"Public property\">incrementing</span>: <span class=sf-dump-const>true</span>
      #<span class=sf-dump-protected title=\"Protected property\">with</span>: []
      #<span class=sf-dump-protected title=\"Protected property\">withCount</span>: []
      +<span class=sf-dump-public title=\"Public property\">preventsLazyLoading</span>: <span class=sf-dump-const>false</span>
      #<span class=sf-dump-protected title=\"Protected property\">perPage</span>: <span class=sf-dump-num>15</span>
      +<span class=sf-dump-public title=\"Public property\">exists</span>: <span class=sf-dump-const>true</span>
      +<span class=sf-dump-public title=\"Public property\">wasRecentlyCreated</span>: <span class=sf-dump-const>false</span>
      #<span class=sf-dump-protected title=\"Protected property\">escapeWhenCastingToString</span>: <span class=sf-dump-const>false</span>
      #<span class=sf-dump-protected title=\"Protected property\">attributes</span>: <span class=sf-dump-note>array:9</span> [ &#8230;9]
      #<span class=sf-dump-protected title=\"Protected property\">original</span>: <span class=sf-dump-note>array:9</span> [ &#8230;9]
      #<span class=sf-dump-protected title=\"Protected property\">changes</span>: []
      #<span class=sf-dump-protected title=\"Protected property\">casts</span>: []
      #<span class=sf-dump-protected title=\"Protected property\">classCastCache</span>: []
      #<span class=sf-dump-protected title=\"Protected property\">attributeCastCache</span>: []
      #<span class=sf-dump-protected title=\"Protected property\">dateFormat</span>: <span class=sf-dump-const>null</span>
      #<span class=sf-dump-protected title=\"Protected property\">appends</span>: []
      #<span class=sf-dump-protected title=\"Protected property\">dispatchesEvents</span>: []
      #<span class=sf-dump-protected title=\"Protected property\">observables</span>: []
      #<span class=sf-dump-protected title=\"Protected property\">relations</span>: <span class=sf-dump-note>array:1</span> [ &#8230;1]
      #<span class=sf-dump-protected title=\"Protected property\">touches</span>: []
      +<span class=sf-dump-public title=\"Public property\">timestamps</span>: <span class=sf-dump-const>true</span>
      +<span class=sf-dump-public title=\"Public property\">usesUniqueIds</span>: <span class=sf-dump-const>false</span>
      #<span class=sf-dump-protected title=\"Protected property\">hidden</span>: []
      #<span class=sf-dump-protected title=\"Protected property\">visible</span>: []
      #<span class=sf-dump-protected title=\"Protected property\">fillable</span>: []
      #<span class=sf-dump-protected title=\"Protected property\">guarded</span>: <span class=sf-dump-note>array:1</span> [ &#8230;1]
    </samp>}
    <span class=sf-dump-index>2</span> => <span class=\"sf-dump-note sf-dump-ellipsization\" title=\"App\\Models\\Widget
\"><span class=\"sf-dump-ellipsis sf-dump-ellipsis-note\">App\\Models</span><span class=\"sf-dump-ellipsis sf-dump-ellipsis-note\">\\</span><span class=\"sf-dump-ellipsis-tail\">Widget</span></span> {<a class=sf-dump-ref>#3989</a><samp data-depth=3 class=sf-dump-compact>
      #<span class=sf-dump-protected title=\"Protected property\">connection</span>: \"<span class=sf-dump-str title=\"5 characters\">mysql</span>\"
      #<span class=sf-dump-protected title=\"Protected property\">table</span>: \"<span class=sf-dump-str title=\"7 characters\">widgets</span>\"
      #<span class=sf-dump-protected title=\"Protected property\">primaryKey</span>: \"<span class=sf-dump-str title=\"2 characters\">id</span>\"
      #<span class=sf-dump-protected title=\"Protected property\">keyType</span>: \"<span class=sf-dump-str title=\"3 characters\">int</span>\"
      +<span class=sf-dump-public title=\"Public property\">incrementing</span>: <span class=sf-dump-const>true</span>
      #<span class=sf-dump-protected title=\"Protected property\">with</span>: []
      #<span class=sf-dump-protected title=\"Protected property\">withCount</span>: []
      +<span class=sf-dump-public title=\"Public property\">preventsLazyLoading</span>: <span class=sf-dump-const>false</span>
      #<span class=sf-dump-protected title=\"Protected property\">perPage</span>: <span class=sf-dump-num>15</span>
      +<span class=sf-dump-public title=\"Public property\">exists</span>: <span class=sf-dump-const>true</span>
      +<span class=sf-dump-public title=\"Public property\">wasRecentlyCreated</span>: <span class=sf-dump-const>false</span>
      #<span class=sf-dump-protected title=\"Protected property\">escapeWhenCastingToString</span>: <span class=sf-dump-const>false</span>
      #<span class=sf-dump-protected title=\"Protected property\">attributes</span>: <span class=sf-dump-note>array:9</span> [ &#8230;9]
      #<span class=sf-dump-protected title=\"Protected property\">original</span>: <span class=sf-dump-note>array:9</span> [ &#8230;9]
      #<span class=sf-dump-protected title=\"Protected property\">changes</span>: []
      #<span class=sf-dump-protected title=\"Protected property\">casts</span>: []
      #<span class=sf-dump-protected title=\"Protected property\">classCastCache</span>: []
      #<span class=sf-dump-protected title=\"Protected property\">attributeCastCache</span>: []
      #<span class=sf-dump-protected title=\"Protected property\">dateFormat</span>: <span class=sf-dump-const>null</span>
      #<span class=sf-dump-protected title=\"Protected property\">appends</span>: []
      #<span class=sf-dump-protected title=\"Protected property\">dispatchesEvents</span>: []
      #<span class=sf-dump-protected title=\"Protected property\">observables</span>: []
      #<span class=sf-dump-protected title=\"Protected property\">relations</span>: <span class=sf-dump-note>array:1</span> [ &#8230;1]
      #<span class=sf-dump-protected title=\"Protected property\">touches</span>: []
      +<span class=sf-dump-public title=\"Public property\">timestamps</span>: <span class=sf-dump-const>true</span>
      +<span class=sf-dump-public title=\"Public property\">usesUniqueIds</span>: <span class=sf-dump-const>false</span>
      #<span class=sf-dump-protected title=\"Protected property\">hidden</span>: []
      #<span class=sf-dump-protected title=\"Protected property\">visible</span>: []
      #<span class=sf-dump-protected title=\"Protected property\">fillable</span>: []
      #<span class=sf-dump-protected title=\"Protected property\">guarded</span>: <span class=sf-dump-note>array:1</span> [ &#8230;1]
    </samp>}
    <span class=sf-dump-index>3</span> => <span class=\"sf-dump-note sf-dump-ellipsization\" title=\"App\\Models\\Widget
\"><span class=\"sf-dump-ellipsis sf-dump-ellipsis-note\">App\\Models</span><span class=\"sf-dump-ellipsis sf-dump-ellipsis-note\">\\</span><span class=\"sf-dump-ellipsis-tail\">Widget</span></span> {<a class=sf-dump-ref>#3990</a><samp data-depth=3 class=sf-dump-compact>
      #<span class=sf-dump-protected title=\"Protected property\">connection</span>: \"<span class=sf-dump-str title=\"5 characters\">mysql</span>\"
      #<span class=sf-dump-protected title=\"Protected property\">table</span>: \"<span class=sf-dump-str title=\"7 characters\">widgets</span>\"
      #<span class=sf-dump-protected title=\"Protected property\">primaryKey</span>: \"<span class=sf-dump-str title=\"2 characters\">id</span>\"
      #<span class=sf-dump-protected title=\"Protected property\">keyType</span>: \"<span class=sf-dump-str title=\"3 characters\">int</span>\"
      +<span class=sf-dump-public title=\"Public property\">incrementing</span>: <span class=sf-dump-const>true</span>
      #<span class=sf-dump-protected title=\"Protected property\">with</span>: []
      #<span class=sf-dump-protected title=\"Protected property\">withCount</span>: []
      +<span class=sf-dump-public title=\"Public property\">preventsLazyLoading</span>: <span class=sf-dump-const>false</span>
      #<span class=sf-dump-protected title=\"Protected property\">perPage</span>: <span class=sf-dump-num>15</span>
      +<span class=sf-dump-public title=\"Public property\">exists</span>: <span class=sf-dump-const>true</span>
      +<span class=sf-dump-public title=\"Public property\">wasRecentlyCreated</span>: <span class=sf-dump-const>false</span>
      #<span class=sf-dump-protected title=\"Protected property\">escapeWhenCastingToString</span>: <span class=sf-dump-const>false</span>
      #<span class=sf-dump-protected title=\"Protected property\">attributes</span>: <span class=sf-dump-note>array:9</span> [ &#8230;9]
      #<span class=sf-dump-protected title=\"Protected property\">original</span>: <span class=sf-dump-note>array:9</span> [ &#8230;9]
      #<span class=sf-dump-protected title=\"Protected property\">changes</span>: []
      #<span class=sf-dump-protected title=\"Protected property\">casts</span>: []
      #<span class=sf-dump-protected title=\"Protected property\">classCastCache</span>: []
      #<span class=sf-dump-protected title=\"Protected property\">attributeCastCache</span>: []
      #<span class=sf-dump-protected title=\"Protected property\">dateFormat</span>: <span class=sf-dump-const>null</span>
      #<span class=sf-dump-protected title=\"Protected property\">appends</span>: []
      #<span class=sf-dump-protected title=\"Protected property\">dispatchesEvents</span>: []
      #<span class=sf-dump-protected title=\"Protected property\">observables</span>: []
      #<span class=sf-dump-protected title=\"Protected property\">relations</span>: <span class=sf-dump-note>array:1</span> [ &#8230;1]
      #<span class=sf-dump-protected title=\"Protected property\">touches</span>: []
      +<span class=sf-dump-public title=\"Public property\">timestamps</span>: <span class=sf-dump-const>true</span>
      +<span class=sf-dump-public title=\"Public property\">usesUniqueIds</span>: <span class=sf-dump-const>false</span>
      #<span class=sf-dump-protected title=\"Protected property\">hidden</span>: []
      #<span class=sf-dump-protected title=\"Protected property\">visible</span>: []
      #<span class=sf-dump-protected title=\"Protected property\">fillable</span>: []
      #<span class=sf-dump-protected title=\"Protected property\">guarded</span>: <span class=sf-dump-note>array:1</span> [ &#8230;1]
    </samp>}
    <span class=sf-dump-index>4</span> => <span class=\"sf-dump-note sf-dump-ellipsization\" title=\"App\\Models\\Widget
\"><span class=\"sf-dump-ellipsis sf-dump-ellipsis-note\">App\\Models</span><span class=\"sf-dump-ellipsis sf-dump-ellipsis-note\">\\</span><span class=\"sf-dump-ellipsis-tail\">Widget</span></span> {<a class=sf-dump-ref>#3991</a><samp data-depth=3 class=sf-dump-compact>
      #<span class=sf-dump-protected title=\"Protected property\">connection</span>: \"<span class=sf-dump-str title=\"5 characters\">mysql</span>\"
      #<span class=sf-dump-protected title=\"Protected property\">table</span>: \"<span class=sf-dump-str title=\"7 characters\">widgets</span>\"
      #<span class=sf-dump-protected title=\"Protected property\">primaryKey</span>: \"<span class=sf-dump-str title=\"2 characters\">id</span>\"
      #<span class=sf-dump-protected title=\"Protected property\">keyType</span>: \"<span class=sf-dump-str title=\"3 characters\">int</span>\"
      +<span class=sf-dump-public title=\"Public property\">incrementing</span>: <span class=sf-dump-const>true</span>
      #<span class=sf-dump-protected title=\"Protected property\">with</span>: []
      #<span class=sf-dump-protected title=\"Protected property\">withCount</span>: []
      +<span class=sf-dump-public title=\"Public property\">preventsLazyLoading</span>: <span class=sf-dump-const>false</span>
      #<span class=sf-dump-protected title=\"Protected property\">perPage</span>: <span class=sf-dump-num>15</span>
      +<span class=sf-dump-public title=\"Public property\">exists</span>: <span class=sf-dump-const>true</span>
      +<span class=sf-dump-public title=\"Public property\">wasRecentlyCreated</span>: <span class=sf-dump-const>false</span>
      #<span class=sf-dump-protected title=\"Protected property\">escapeWhenCastingToString</span>: <span class=sf-dump-const>false</span>
      #<span class=sf-dump-protected title=\"Protected property\">attributes</span>: <span class=sf-dump-note>array:9</span> [ &#8230;9]
      #<span class=sf-dump-protected title=\"Protected property\">original</span>: <span class=sf-dump-note>array:9</span> [ &#8230;9]
      #<span class=sf-dump-protected title=\"Protected property\">changes</span>: []
      #<span class=sf-dump-protected title=\"Protected property\">casts</span>: []
      #<span class=sf-dump-protected title=\"Protected property\">classCastCache</span>: []
      #<span class=sf-dump-protected title=\"Protected property\">attributeCastCache</span>: []
      #<span class=sf-dump-protected title=\"Protected property\">dateFormat</span>: <span class=sf-dump-const>null</span>
      #<span class=sf-dump-protected title=\"Protected property\">appends</span>: []
      #<span class=sf-dump-protected title=\"Protected property\">dispatchesEvents</span>: []
      #<span class=sf-dump-protected title=\"Protected property\">observables</span>: []
      #<span class=sf-dump-protected title=\"Protected property\">relations</span>: <span class=sf-dump-note>array:1</span> [ &#8230;1]
      #<span class=sf-dump-protected title=\"Protected property\">touches</span>: []
      +<span class=sf-dump-public title=\"Public property\">timestamps</span>: <span class=sf-dump-const>true</span>
      +<span class=sf-dump-public title=\"Public property\">usesUniqueIds</span>: <span class=sf-dump-const>false</span>
      #<span class=sf-dump-protected title=\"Protected property\">hidden</span>: []
      #<span class=sf-dump-protected title=\"Protected property\">visible</span>: []
      #<span class=sf-dump-protected title=\"Protected property\">fillable</span>: []
      #<span class=sf-dump-protected title=\"Protected property\">guarded</span>: <span class=sf-dump-note>array:1</span> [ &#8230;1]
    </samp>}
    <span class=sf-dump-index>5</span> => <span class=\"sf-dump-note sf-dump-ellipsization\" title=\"App\\Models\\Widget
\"><span class=\"sf-dump-ellipsis sf-dump-ellipsis-note\">App\\Models</span><span class=\"sf-dump-ellipsis sf-dump-ellipsis-note\">\\</span><span class=\"sf-dump-ellipsis-tail\">Widget</span></span> {<a class=sf-dump-ref>#3992</a><samp data-depth=3 class=sf-dump-compact>
      #<span class=sf-dump-protected title=\"Protected property\">connection</span>: \"<span class=sf-dump-str title=\"5 characters\">mysql</span>\"
      #<span class=sf-dump-protected title=\"Protected property\">table</span>: \"<span class=sf-dump-str title=\"7 characters\">widgets</span>\"
      #<span class=sf-dump-protected title=\"Protected property\">primaryKey</span>: \"<span class=sf-dump-str title=\"2 characters\">id</span>\"
      #<span class=sf-dump-protected title=\"Protected property\">keyType</span>: \"<span class=sf-dump-str title=\"3 characters\">int</span>\"
      +<span class=sf-dump-public title=\"Public property\">incrementing</span>: <span class=sf-dump-const>true</span>
      #<span class=sf-dump-protected title=\"Protected property\">with</span>: []
      #<span class=sf-dump-protected title=\"Protected property\">withCount</span>: []
      +<span class=sf-dump-public title=\"Public property\">preventsLazyLoading</span>: <span class=sf-dump-const>false</span>
      #<span class=sf-dump-protected title=\"Protected property\">perPage</span>: <span class=sf-dump-num>15</span>
      +<span class=sf-dump-public title=\"Public property\">exists</span>: <span class=sf-dump-const>true</span>
      +<span class=sf-dump-public title=\"Public property\">wasRecentlyCreated</span>: <span class=sf-dump-const>false</span>
      #<span class=sf-dump-protected title=\"Protected property\">escapeWhenCastingToString</span>: <span class=sf-dump-const>false</span>
      #<span class=sf-dump-protected title=\"Protected property\">attributes</span>: <span class=sf-dump-note>array:9</span> [ &#8230;9]
      #<span class=sf-dump-protected title=\"Protected property\">original</span>: <span class=sf-dump-note>array:9</span> [ &#8230;9]
      #<span class=sf-dump-protected title=\"Protected property\">changes</span>: []
      #<span class=sf-dump-protected title=\"Protected property\">casts</span>: []
      #<span class=sf-dump-protected title=\"Protected property\">classCastCache</span>: []
      #<span class=sf-dump-protected title=\"Protected property\">attributeCastCache</span>: []
      #<span class=sf-dump-protected title=\"Protected property\">dateFormat</span>: <span class=sf-dump-const>null</span>
      #<span class=sf-dump-protected title=\"Protected property\">appends</span>: []
      #<span class=sf-dump-protected title=\"Protected property\">dispatchesEvents</span>: []
      #<span class=sf-dump-protected title=\"Protected property\">observables</span>: []
      #<span class=sf-dump-protected title=\"Protected property\">relations</span>: <span class=sf-dump-note>array:1</span> [ &#8230;1]
      #<span class=sf-dump-protected title=\"Protected property\">touches</span>: []
      +<span class=sf-dump-public title=\"Public property\">timestamps</span>: <span class=sf-dump-const>true</span>
      +<span class=sf-dump-public title=\"Public property\">usesUniqueIds</span>: <span class=sf-dump-const>false</span>
      #<span class=sf-dump-protected title=\"Protected property\">hidden</span>: []
      #<span class=sf-dump-protected title=\"Protected property\">visible</span>: []
      #<span class=sf-dump-protected title=\"Protected property\">fillable</span>: []
      #<span class=sf-dump-protected title=\"Protected property\">guarded</span>: <span class=sf-dump-note>array:1</span> [ &#8230;1]
    </samp>}
  </samp>]
  #<span class=sf-dump-protected title=\"Protected property\">escapeWhenCastingToString</span>: <span class=sf-dump-const>false</span>
</samp>}
</pre><script>Sfdump(\"sf-dump-407673476\", {\"maxDepth\":3,\"maxStringLength\":160})</script>
","widget":"<pre class=sf-dump id=sf-dump-504399735 data-indent-pad=\"  \"><span class=sf-dump-note>App\\Models\\Widget</span> {<a class=sf-dump-ref>#3992</a><samp data-depth=1 class=sf-dump-expanded>
  #<span class=sf-dump-protected title=\"Protected property\">connection</span>: \"<span class=sf-dump-str title=\"5 characters\">mysql</span>\"
  #<span class=sf-dump-protected title=\"Protected property\">table</span>: \"<span class=sf-dump-str title=\"7 characters\">widgets</span>\"
  #<span class=sf-dump-protected title=\"Protected property\">primaryKey</span>: \"<span class=sf-dump-str title=\"2 characters\">id</span>\"
  #<span class=sf-dump-protected title=\"Protected property\">keyType</span>: \"<span class=sf-dump-str title=\"3 characters\">int</span>\"
  +<span class=sf-dump-public title=\"Public property\">incrementing</span>: <span class=sf-dump-const>true</span>
  #<span class=sf-dump-protected title=\"Protected property\">with</span>: []
  #<span class=sf-dump-protected title=\"Protected property\">withCount</span>: []
  +<span class=sf-dump-public title=\"Public property\">preventsLazyLoading</span>: <span class=sf-dump-const>false</span>
  #<span class=sf-dump-protected title=\"Protected property\">perPage</span>: <span class=sf-dump-num>15</span>
  +<span class=sf-dump-public title=\"Public property\">exists</span>: <span class=sf-dump-const>true</span>
  +<span class=sf-dump-public title=\"Public property\">wasRecentlyCreated</span>: <span class=sf-dump-const>false</span>
  #<span class=sf-dump-protected title=\"Protected property\">escapeWhenCastingToString</span>: <span class=sf-dump-const>false</span>
  #<span class=sf-dump-protected title=\"Protected property\">attributes</span>: <span class=sf-dump-note>array:9</span> [<samp data-depth=2 class=sf-dump-compact>
    \"<span class=sf-dump-key>id</span>\" => <span class=sf-dump-num>6</span>
    \"<span class=sf-dump-key>title</span>\" => \"<span class=sf-dump-str title=\"8 characters\">&#1608;&#1576;&#1604;&#1575;&#1711; &#1607;&#1575;</span>\"
    \"<span class=sf-dump-key>lang</span>\" => \"<span class=sf-dump-str title=\"2 characters\">fa</span>\"
    \"<span class=sf-dump-key>key</span>\" => \"<span class=sf-dump-str title=\"5 characters\">posts</span>\"
    \"<span class=sf-dump-key>is_active</span>\" => <span class=sf-dump-num>1</span>
    \"<span class=sf-dump-key>theme</span>\" => \"<span class=sf-dump-str title=\"12 characters\">DefaultTheme</span>\"
    \"<span class=sf-dump-key>ordering</span>\" => <span class=sf-dump-const>null</span>
    \"<span class=sf-dump-key>created_at</span>\" => \"<span class=sf-dump-str title=\"19 characters\">2026-06-02 09:42:58</span>\"
    \"<span class=sf-dump-key>updated_at</span>\" => \"<span class=sf-dump-str title=\"19 characters\">2026-06-02 09:42:58</span>\"
  </samp>]
  #<span class=sf-dump-protected title=\"Protected property\">original</span>: <span class=sf-dump-note>array:9</span> [<samp data-depth=2 class=sf-dump-compact>
    \"<span class=sf-dump-key>id</span>\" => <span class=sf-dump-num>6</span>
    \"<span class=sf-dump-key>title</span>\" => \"<span class=sf-dump-str title=\"8 characters\">&#1608;&#1576;&#1604;&#1575;&#1711; &#1607;&#1575;</span>\"
    \"<span class=sf-dump-key>lang</span>\" => \"<span class=sf-dump-str title=\"2 characters\">fa</span>\"
    \"<span class=sf-dump-key>key</span>\" => \"<span class=sf-dump-str title=\"5 characters\">posts</span>\"
    \"<span class=sf-dump-key>is_active</span>\" => <span class=sf-dump-num>1</span>
    \"<span class=sf-dump-key>theme</span>\" => \"<span class=sf-dump-str title=\"12 characters\">DefaultTheme</span>\"
    \"<span class=sf-dump-key>ordering</span>\" => <span class=sf-dump-const>null</span>
    \"<span class=sf-dump-key>created_at</span>\" => \"<span class=sf-dump-str title=\"19 characters\">2026-06-02 09:42:58</span>\"
    \"<span class=sf-dump-key>updated_at</span>\" => \"<span class=sf-dump-str title=\"19 characters\">2026-06-02 09:42:58</span>\"
  </samp>]
  #<span class=sf-dump-protected title=\"Protected property\">changes</span>: []
  #<span class=sf-dump-protected title=\"Protected property\">casts</span>: []
  #<span class=sf-dump-protected title=\"Protected property\">classCastCache</span>: []
  #<span class=sf-dump-protected title=\"Protected property\">attributeCastCache</span>: []
  #<span class=sf-dump-protected title=\"Protected property\">dateFormat</span>: <span class=sf-dump-const>null</span>
  #<span class=sf-dump-protected title=\"Protected property\">appends</span>: []
  #<span class=sf-dump-protected title=\"Protected property\">dispatchesEvents</span>: []
  #<span class=sf-dump-protected title=\"Protected property\">observables</span>: []
  #<span class=sf-dump-protected title=\"Protected property\">relations</span>: <span class=sf-dump-note>array:1</span> [<samp data-depth=2 class=sf-dump-compact>
    \"<span class=sf-dump-key>options</span>\" => <span class=\"sf-dump-note sf-dump-ellipsization\" title=\"Illuminate\\Database\\Eloquent\\Collection
\"><span class=\"sf-dump-ellipsis sf-dump-ellipsis-note\">Illuminate\\Database\\Eloquent</span><span class=\"sf-dump-ellipsis sf-dump-ellipsis-note\">\\</span><span class=\"sf-dump-ellipsis-tail\">Collection</span></span> {<a class=sf-dump-ref>#3975</a><samp data-depth=3 class=sf-dump-compact>
      #<span class=sf-dump-protected title=\"Protected property\">items</span>: <span class=sf-dump-note>array:6</span> [ &#8230;6]
      #<span class=sf-dump-protected title=\"Protected property\">escapeWhenCastingToString</span>: <span class=sf-dump-const>false</span>
    </samp>}
  </samp>]
  #<span class=sf-dump-protected title=\"Protected property\">touches</span>: []
  +<span class=sf-dump-public title=\"Public property\">timestamps</span>: <span class=sf-dump-const>true</span>
  +<span class=sf-dump-public title=\"Public property\">usesUniqueIds</span>: <span class=sf-dump-const>false</span>
  #<span class=sf-dump-protected title=\"Protected property\">hidden</span>: []
  #<span class=sf-dump-protected title=\"Protected property\">visible</span>: []
  #<span class=sf-dump-protected title=\"Protected property\">fillable</span>: []
  #<span class=sf-dump-protected title=\"Protected property\">guarded</span>: <span class=sf-dump-note>array:1</span> [<samp data-depth=2 class=sf-dump-compact>
    <span class=sf-dump-index>0</span> => \"<span class=sf-dump-str title=\"2 characters\">id</span>\"
  </samp>]
</samp>}
</pre><script>Sfdump(\"sf-dump-504399735\", {\"maxDepth\":3,\"maxStringLength\":160})</script>
","loop":"<pre class=sf-dump id=sf-dump-943390714 data-indent-pad=\"  \"><span class=sf-dump-const>null</span>
</pre><script>Sfdump(\"sf-dump-943390714\", {\"maxDepth\":3,\"maxStringLength\":160})</script>
"}},"userId":1,"exception":"[object] (Spatie\\LaravelIgnition\\Exceptions\\ViewException(code: 0): syntax error, unexpected token \"if\" at C:\\laragon\\www\\Ariya\\themes\\DefaultTheme\\src\\resources\\views\\partials\\footer.blade.php:25)
[stacktrace]
#0 C:\\laragon\\www\\Ariya\\vendor\\laravel\\framework\\src\\Illuminate\\Filesystem\\Filesystem.php(123): require('C:\\\\laragon\\\\www\\\\...')
#1 C:\\laragon\\www\\Ariya\\vendor\\laravel\\framework\\src\\Illuminate\\Filesystem\\Filesystem.php(124): Illuminate\\Filesystem\\Filesystem::Illuminate\\Filesystem\\{closure}()
#2 C:\\laragon\\www\\Ariya\\vendor\\laravel\\framework\\src\\Illuminate\\View\\Engines\\PhpEngine.php(58): Illuminate\\Filesystem\\Filesystem->getRequire('C:\\\\laragon\\\\www\\\\...', Array)
#3 C:\\laragon\\www\\Ariya\\vendor\\laravel\\framework\\src\\Illuminate\\View\\Engines\\CompilerEngine.php(72): Illuminate\\View\\Engines\\PhpEngine->evaluatePath('C:\\\\laragon\\\\www\\\\...', Array)
#4 C:\\laragon\\www\\Ariya\\vendor\\laravel\\framework\\src\\Illuminate\\View\\View.php(207): Illuminate\\View\\Engines\\CompilerEngine->get('C:\\\\laragon\\\\www\\\\...', Array)
#5 C:\\laragon\\www\\Ariya\\vendor\\laravel\\framework\\src\\Illuminate\\View\\View.php(190): Illuminate\\View\\View->getContents()
#6 C:\\laragon\\www\\Ariya\\vendor\\laravel\\framework\\src\\Illuminate\\View\\View.php(159): Illuminate\\View\\View->renderContents()
#7 C:\\laragon\\www\\Ariya\\themes\\DefaultTheme\\src\\resources\\views\\index.blade.php(155): Illuminate\\View\\View->render()
#8 C:\\laragon\\www\\Ariya\\vendor\\laravel\\framework\\src\\Illuminate\\Filesystem\\Filesystem.php(123): require('C:\\\\laragon\\\\www\\\\...')
#9 C:\\laragon\\www\\Ariya\\vendor\\laravel\\framework\\src\\Illuminate\\Filesystem\\Filesystem.php(124): Illuminate\\Filesystem\\Filesystem::Illuminate\\Filesystem\\{closure}()
#10 C:\\laragon\\www\\Ariya\\vendor\\laravel\\framework\\src\\Illuminate\\View\\Engines\\PhpEngine.php(58): Illuminate\\Filesystem\\Filesystem->getRequire('C:\\\\laragon\\\\www\\\\...', Array)
#11 C:\\laragon\\www\\Ariya\\vendor\\laravel\\framework\\src\\Illuminate\\View\\Engines\\CompilerEngine.php(72): Illuminate\\View\\Engines\\PhpEngine->evaluatePath('C:\\\\laragon\\\\www\\\\...', Array)
#12 C:\\laragon\\www\\Ariya\\vendor\\laravel\\framework\\src\\Illuminate\\View\\View.php(207): Illuminate\\View\\Engines\\CompilerEngine->get('C:\\\\laragon\\\\www\\\\...', Array)
#13 C:\\laragon\\www\\Ariya\\vendor\\laravel\\framework\\src\\Illuminate\\View\\View.php(190): Illuminate\\View\\View->getContents()
#14 C:\\laragon\\www\\Ariya\\vendor\\laravel\\framework\\src\\Illuminate\\View\\View.php(159): Illuminate\\View\\View->renderContents()
#15 C:\\laragon\\www\\Ariya\\vendor\\laravel\\framework\\src\\Illuminate\\Http\\Response.php(69): Illuminate\\View\\View->render()
#16 C:\\laragon\\www\\Ariya\\vendor\\laravel\\framework\\src\\Illuminate\\Http\\Response.php(35): Illuminate\\Http\\Response->setContent(Object(Illuminate\\View\\View))
#17 C:\\laragon\\www\\Ariya\\vendor\\laravel\\framework\\src\\Illuminate\\Routing\\Router.php(918): Illuminate\\Http\\Response->__construct(Object(Illuminate\\View\\View), 200, Array)
#18 C:\\laragon\\www\\Ariya\\vendor\\laravel\\framework\\src\\Illuminate\\Routing\\Router.php(885): Illuminate\\Routing\\Router::toResponse(Object(Illuminate\\Http\\Request), Object(Illuminate\\View\\View))
#19 C:\\laragon\\www\\Ariya\\vendor\\laravel\\framework\\src\\Illuminate\\Routing\\Router.php(805): Illuminate\\Routing\\Router->prepareResponse(Object(Illuminate\\Http\\Request), Object(Illuminate\\View\\View))
#20 C:\\laragon\\www\\Ariya\\vendor\\laravel\\framework\\src\\Illuminate\\Pipeline\\Pipeline.php(144): Illuminate\\Routing\\Router->Illuminate\\Routing\\{closure}(Object(Illuminate\\Http\\Request))
#21 C:\\laragon\\www\\Ariya\\vendor\\php-flasher\\flasher-laravel\\Middleware\\FlasherMiddleware.php(34): Illuminate\\Pipeline\\Pipeline->Illuminate\\Pipeline\\{closure}(Object(Illuminate\\Http\\Request))
#22 C:\\laragon\\www\\Ariya\\vendor\\laravel\\framework\\src\\Illuminate\\Pipeline\\Pipeline.php(183): Flasher\\Laravel\\Middleware\\FlasherMiddleware->handle(Object(Illuminate\\Http\\Request), Object(Closure))
#23 C:\\laragon\\www\\Ariya\\vendor\\php-flasher\\flasher-laravel\\Middleware\\SessionMiddleware.php(34): Illuminate\\Pipeline\\Pipeline->Illuminate\\Pipeline\\{closure}(Object(Illuminate\\Http\\Request))
#24 C:\\laragon\\www\\Ariya\\vendor\\laravel\\framework\\src\\Illuminate\\Pipeline\\Pipeline.php(183): Flasher\\Laravel\\Middleware\\SessionMiddleware->handle(Object(Illuminate\\Http\\Request), Object(Closure))
#25 C:\\laragon\\www\\Ariya\\vendor\\barryvdh\\laravel-debugbar\\src\\Middleware\\InjectDebugbar.php(59): Illuminate\\Pipeline\\Pipeline->Illuminate\\Pipeline\\{closure}(Object(Illuminate\\Http\\Request))
#26 C:\\laragon\\www\\Ariya\\vendor\\laravel\\framework\\src\\Illuminate\\Pipeline\\Pipeline.php(183): Barryvdh\\Debugbar\\Middleware\\InjectDebugbar->handle(Object(Illuminate\\Http\\Request), Object(Closure))
#27 C:\\laragon\\www\\Ariya\\app\\Http\\Middleware\\Viewer.php(48): Illuminate\\Pipeline\\Pipeline->Illuminate\\Pipeline\\{closure}(Object(Illuminate\\Http\\Request))
#28 C:\\laragon\\www\\Ariya\\vendor\\laravel\\framework\\src\\Illuminate\\Pipeline\\Pipeline.php(183): App\\Http\\Middleware\\Viewer->handle(Object(Illuminate\\Http\\Request), Object(Closure))
#29 C:\\laragon\\www\\Ariya\\vendor\\laravel\\framework\\src\\Illuminate\\Routing\\Middleware\\SubstituteBindings.php(50): Illuminate\\Pipeline\\Pipeline->Illuminate\\Pipeline\\{closure}(Object(Illuminate\\Http\\Request))
#30 C:\\laragon\\www\\Ariya\\vendor\\laravel\\framework\\src\\Illuminate\\Pipeline\\Pipeline.php(183): Illuminate\\Routing\\Middleware\\SubstituteBindings->handle(Object(Illuminate\\Http\\Request), Object(Closure))
#31 C:\\laragon\\www\\Ariya\\vendor\\laravel\\framework\\src\\Illuminate\\Foundation\\Http\\Middleware\\VerifyCsrfToken.php(78): Illuminate\\Pipeline\\Pipeline->Illuminate\\Pipeline\\{closure}(Object(Illuminate\\Http\\Request))
#32 C:\\laragon\\www\\Ariya\\app\\Http\\Middleware\\VerifyCsrfToken.php(30): Illuminate\\Foundation\\Http\\Middleware\\VerifyCsrfToken->handle(Object(Illuminate\\Http\\Request), Object(Closure))
#33 C:\\laragon\\www\\Ariya\\vendor\\laravel\\framework\\src\\Illuminate\\Pipeline\\Pipeline.php(183): App\\Http\\Middleware\\VerifyCsrfToken->handle(Object(Illuminate\\Http\\Request), Object(Closure))
#34 C:\\laragon\\www\\Ariya\\vendor\\laravel\\framework\\src\\Illuminate\\View\\Middleware\\ShareErrorsFromSession.php(49): Illuminate\\Pipeline\\Pipeline->Illuminate\\Pipeline\\{closure}(Object(Illuminate\\Http\\Request))
#35 C:\\laragon\\www\\Ariya\\vendor\\laravel\\framework\\src\\Illuminate\\Pipeline\\Pipeline.php(183): Illuminate\\View\\Middleware\\ShareErrorsFromSession->handle(Object(Illuminate\\Http\\Request), Object(Closure))
#36 C:\\laragon\\www\\Ariya\\vendor\\laravel\\framework\\src\\Illuminate\\Session\\Middleware\\StartSession.php(121): Illuminate\\Pipeline\\Pipeline->Illuminate\\Pipeline\\{closure}(Object(Illuminate\\Http\\Request))
#37 C:\\laragon\\www\\Ariya\\vendor\\laravel\\framework\\src\\Illuminate\\Session\\Middleware\\StartSession.php(64): Illuminate\\Session\\Middleware\\StartSession->handleStatefulRequest(Object(Illuminate\\Http\\Request), Object(Illuminate\\Session\\Store), Object(Closure))
#38 C:\\laragon\\www\\Ariya\\vendor\\laravel\\framework\\src\\Illuminate\\Pipeline\\Pipeline.php(183): Illuminate\\Session\\Middleware\\StartSession->handle(Object(Illuminate\\Http\\Request), Object(Closure))
#39 C:\\laragon\\www\\Ariya\\vendor\\laravel\\framework\\src\\Illuminate\\Cookie\\Middleware\\AddQueuedCookiesToResponse.php(37): Illuminate\\Pipeline\\Pipeline->Illuminate\\Pipeline\\{closure}(Object(Illuminate\\Http\\Request))
#40 C:\\laragon\\www\\Ariya\\vendor\\laravel\\framework\\src\\Illuminate\\Pipeline\\Pipeline.php(183): Illuminate\\Cookie\\Middleware\\AddQueuedCookiesToResponse->handle(Object(Illuminate\\Http\\Request), Object(Closure))
#41 C:\\laragon\\www\\Ariya\\vendor\\laravel\\framework\\src\\Illuminate\\Cookie\\Middleware\\EncryptCookies.php(67): Illuminate\\Pipeline\\Pipeline->Illuminate\\Pipeline\\{closure}(Object(Illuminate\\Http\\Request))
#42 C:\\laragon\\www\\Ariya\\vendor\\laravel\\framework\\src\\Illuminate\\Pipeline\\Pipeline.php(183): Illuminate\\Cookie\\Middleware\\EncryptCookies->handle(Object(Illuminate\\Http\\Request), Object(Closure))
#43 C:\\laragon\\www\\Ariya\\app\\Http\\Middleware\\Language.php(25): Illuminate\\Pipeline\\Pipeline->Illuminate\\Pipeline\\{closure}(Object(Illuminate\\Http\\Request))
#44 C:\\laragon\\www\\Ariya\\vendor\\laravel\\framework\\src\\Illuminate\\Pipeline\\Pipeline.php(183): App\\Http\\Middleware\\Language->handle(Object(Illuminate\\Http\\Request), Object(Closure))
#45 C:\\laragon\\www\\Ariya\\vendor\\laravel\\framework\\src\\Illuminate\\Pipeline\\Pipeline.php(119): Illuminate\\Pipeline\\Pipeline->Illuminate\\Pipeline\\{closure}(Object(Illuminate\\Http\\Request))
#46 C:\\laragon\\www\\Ariya\\vendor\\laravel\\framework\\src\\Illuminate\\Routing\\Router.php(805): Illuminate\\Pipeline\\Pipeline->then(Object(Closure))
#47 C:\\laragon\\www\\Ariya\\vendor\\laravel\\framework\\src\\Illuminate\\Routing\\Router.php(784): Illuminate\\Routing\\Router->runRouteWithinStack(Object(Illuminate\\Routing\\Route), Object(Illuminate\\Http\\Request))
#48 C:\\laragon\\www\\Ariya\\vendor\\laravel\\framework\\src\\Illuminate\\Routing\\Router.php(748): Illuminate\\Routing\\Router->runRoute(Object(Illuminate\\Http\\Request), Object(Illuminate\\Routing\\Route))
#49 C:\\laragon\\www\\Ariya\\vendor\\laravel\\framework\\src\\Illuminate\\Routing\\Router.php(737): Illuminate\\Routing\\Router->dispatchToRoute(Object(Illuminate\\Http\\Request))
#50 C:\\laragon\\www\\Ariya\\vendor\\laravel\\framework\\src\\Illuminate\\Foundation\\Http\\Kernel.php(200): Illuminate\\Routing\\Router->dispatch(Object(Illuminate\\Http\\Request))
#51 C:\\laragon\\www\\Ariya\\vendor\\laravel\\framework\\src\\Illuminate\\Pipeline\\Pipeline.php(144): Illuminate\\Foundation\\Http\\Kernel->Illuminate\\Foundation\\Http\\{closure}(Object(Illuminate\\Http\\Request))
#52 C:\\laragon\\www\\Ariya\\vendor\\barryvdh\\laravel-debugbar\\src\\Middleware\\InjectDebugbar.php(59): Illuminate\\Pipeline\\Pipeline->Illuminate\\Pipeline\\{closure}(Object(Illuminate\\Http\\Request))
#53 C:\\laragon\\www\\Ariya\\vendor\\laravel\\framework\\src\\Illuminate\\Pipeline\\Pipeline.php(183): Barryvdh\\Debugbar\\Middleware\\InjectDebugbar->handle(Object(Illuminate\\Http\\Request), Object(Closure))
#54 C:\\laragon\\www\\Ariya\\vendor\\laravel\\framework\\src\\Illuminate\\Foundation\\Http\\Middleware\\TransformsRequest.php(21): Illuminate\\Pipeline\\Pipeline->Illuminate\\Pipeline\\{closure}(Object(Illuminate\\Http\\Request))
#55 C:\\laragon\\www\\Ariya\\vendor\\laravel\\framework\\src\\Illuminate\\Foundation\\Http\\Middleware\\ConvertEmptyStringsToNull.php(31): Illuminate\\Foundation\\Http\\Middleware\\TransformsRequest->handle(Object(Illuminate\\Http\\Request), Object(Closure))
#56 C:\\laragon\\www\\Ariya\\vendor\\laravel\\framework\\src\\Illuminate\\Pipeline\\Pipeline.php(183): Illuminate\\Foundation\\Http\\Middleware\\ConvertEmptyStringsToNull->handle(Object(Illuminate\\Http\\Request), Object(Closure))
#57 C:\\laragon\\www\\Ariya\\vendor\\laravel\\framework\\src\\Illuminate\\Foundation\\Http\\Middleware\\TransformsRequest.php(21): Illuminate\\Pipeline\\Pipeline->Illuminate\\Pipeline\\{closure}(Object(Illuminate\\Http\\Request))
#58 C:\\laragon\\www\\Ariya\\vendor\\laravel\\framework\\src\\Illuminate\\Foundation\\Http\\Middleware\\TrimStrings.php(40): Illuminate\\Foundation\\Http\\Middleware\\TransformsRequest->handle(Object(Illuminate\\Http\\Request), Object(Closure))
#59 C:\\laragon\\www\\Ariya\\vendor\\laravel\\framework\\src\\Illuminate\\Pipeline\\Pipeline.php(183): Illuminate\\Foundation\\Http\\Middleware\\TrimStrings->handle(Object(Illuminate\\Http\\Request), Object(Closure))
#60 C:\\laragon\\www\\Ariya\\vendor\\laravel\\framework\\src\\Illuminate\\Foundation\\Http\\Middleware\\ValidatePostSize.php(27): Illuminate\\Pipeline\\Pipeline->Illuminate\\Pipeline\\{closure}(Object(Illuminate\\Http\\Request))
#61 C:\\laragon\\www\\Ariya\\vendor\\laravel\\framework\\src\\Illuminate\\Pipeline\\Pipeline.php(183): Illuminate\\Foundation\\Http\\Middleware\\ValidatePostSize->handle(Object(Illuminate\\Http\\Request), Object(Closure))
#62 C:\\laragon\\www\\Ariya\\vendor\\laravel\\framework\\src\\Illuminate\\Foundation\\Http\\Middleware\\PreventRequestsDuringMaintenance.php(99): Illuminate\\Pipeline\\Pipeline->Illuminate\\Pipeline\\{closure}(Object(Illuminate\\Http\\Request))
#63 C:\\laragon\\www\\Ariya\\vendor\\laravel\\framework\\src\\Illuminate\\Pipeline\\Pipeline.php(183): Illuminate\\Foundation\\Http\\Middleware\\PreventRequestsDuringMaintenance->handle(Object(Illuminate\\Http\\Request), Object(Closure))
#64 C:\\laragon\\www\\Ariya\\vendor\\laravel\\framework\\src\\Illuminate\\Http\\Middleware\\TrustProxies.php(39): Illuminate\\Pipeline\\Pipeline->Illuminate\\Pipeline\\{closure}(Object(Illuminate\\Http\\Request))
#65 C:\\laragon\\www\\Ariya\\vendor\\laravel\\framework\\src\\Illuminate\\Pipeline\\Pipeline.php(183): Illuminate\\Http\\Middleware\\TrustProxies->handle(Object(Illuminate\\Http\\Request), Object(Closure))
#66 C:\\laragon\\www\\Ariya\\vendor\\laravel\\framework\\src\\Illuminate\\Pipeline\\Pipeline.php(119): Illuminate\\Pipeline\\Pipeline->Illuminate\\Pipeline\\{closure}(Object(Illuminate\\Http\\Request))
#67 C:\\laragon\\www\\Ariya\\vendor\\laravel\\framework\\src\\Illuminate\\Foundation\\Http\\Kernel.php(175): Illuminate\\Pipeline\\Pipeline->then(Object(Closure))
#68 C:\\laragon\\www\\Ariya\\vendor\\laravel\\framework\\src\\Illuminate\\Foundation\\Http\\Kernel.php(144): Illuminate\\Foundation\\Http\\Kernel->sendRequestThroughRouter(Object(Illuminate\\Http\\Request))
#69 C:\\laragon\\www\\Ariya\\public\\index.php(52): Illuminate\\Foundation\\Http\\Kernel->handle(Object(Illuminate\\Http\\Request))
#70 C:\\laragon\\www\\Ariya\\server.php(21): require_once('C:\\\\laragon\\\\www\\\\...')
#71 {main}

[previous exception] [object] (ParseError(code: 0): syntax error, unexpected token \"if\" at C:\\laragon\\www\\Ariya\\storage\\framework\\views\\df777ce5a09dd279c7463d8f5f801e88.php:25)
[stacktrace]
#0 C:\\laragon\\www\\Ariya\\vendor\\laravel\\framework\\src\\Illuminate\\Filesystem\\Filesystem.php(124): Illuminate\\Filesystem\\Filesystem::Illuminate\\Filesystem\\{closure}()
#1 C:\\laragon\\www\\Ariya\\vendor\\laravel\\framework\\src\\Illuminate\\View\\Engines\\PhpEngine.php(58): Illuminate\\Filesystem\\Filesystem->getRequire('C:\\\\laragon\\\\www\\\\...', Array)
#2 C:\\laragon\\www\\Ariya\\vendor\\laravel\\framework\\src\\Illuminate\\View\\Engines\\CompilerEngine.php(72): Illuminate\\View\\Engines\\PhpEngine->evaluatePath('C:\\\\laragon\\\\www\\\\...', Array)
#3 C:\\laragon\\www\\Ariya\\vendor\\laravel\\framework\\src\\Illuminate\\View\\View.php(207): Illuminate\\View\\Engines\\CompilerEngine->get('C:\\\\laragon\\\\www\\\\...', Array)
#4 C:\\laragon\\www\\Ariya\\vendor\\laravel\\framework\\src\\Illuminate\\View\\View.php(190): Illuminate\\View\\View->getContents()
#5 C:\\laragon\\www\\Ariya\\vendor\\laravel\\framework\\src\\Illuminate\\View\\View.php(159): Illuminate\\View\\View->renderContents()
#6 C:\\laragon\\www\\Ariya\\storage\\framework\\views\\a794d880eb51c1ff15c477f39e31caaa.php(145): Illuminate\\View\\View->render()
#7 C:\\laragon\\www\\Ariya\\vendor\\laravel\\framework\\src\\Illuminate\\Filesystem\\Filesystem.php(123): require('C:\\\\laragon\\\\www\\\\...')
#8 C:\\laragon\\www\\Ariya\\vendor\\laravel\\framework\\src\\Illuminate\\Filesystem\\Filesystem.php(124): Illuminate\\Filesystem\\Filesystem::Illuminate\\Filesystem\\{closure}()
#9 C:\\laragon\\www\\Ariya\\vendor\\laravel\\framework\\src\\Illuminate\\View\\Engines\\PhpEngine.php(58): Illuminate\\Filesystem\\Filesystem->getRequire('C:\\\\laragon\\\\www\\\\...', Array)
#10 C:\\laragon\\www\\Ariya\\vendor\\laravel\\framework\\src\\Illuminate\\View\\Engines\\CompilerEngine.php(72): Illuminate\\View\\Engines\\PhpEngine->evaluatePath('C:\\\\laragon\\\\www\\\\...', Array)
#11 C:\\laragon\\www\\Ariya\\vendor\\laravel\\framework\\src\\Illuminate\\View\\View.php(207): Illuminate\\View\\Engines\\CompilerEngine->get('C:\\\\laragon\\\\www\\\\...', Array)
#12 C:\\laragon\\www\\Ariya\\vendor\\laravel\\framework\\src\\Illuminate\\View\\View.php(190): Illuminate\\View\\View->getContents()
#13 C:\\laragon\\www\\Ariya\\vendor\\laravel\\framework\\src\\Illuminate\\View\\View.php(159): Illuminate\\View\\View->renderContents()
#14 C:\\laragon\\www\\Ariya\\storage\\framework\\views\\82f9b23584602a6e7dec088ba23fc8fe.php(155): Illuminate\\View\\View->render()
#15 C:\\laragon\\www\\Ariya\\vendor\\laravel\\framework\\src\\Illuminate\\Filesystem\\Filesystem.php(123): require('C:\\\\laragon\\\\www\\\\...')
#16 C:\\laragon\\www\\Ariya\\vendor\\laravel\\framework\\src\\Illuminate\\Filesystem\\Filesystem.php(124): Illuminate\\Filesystem\\Filesystem::Illuminate\\Filesystem\\{closure}()
#17 C:\\laragon\\www\\Ariya\\vendor\\laravel\\framework\\src\\Illuminate\\View\\Engines\\PhpEngine.php(58): Illuminate\\Filesystem\\Filesystem->getRequire('C:\\\\laragon\\\\www\\\\...', Array)
#18 C:\\laragon\\www\\Ariya\\vendor\\laravel\\framework\\src\\Illuminate\\View\\Engines\\CompilerEngine.php(72): Illuminate\\View\\Engines\\PhpEngine->evaluatePath('C:\\\\laragon\\\\www\\\\...', Array)
#19 C:\\laragon\\www\\Ariya\\vendor\\laravel\\framework\\src\\Illuminate\\View\\View.php(207): Illuminate\\View\\Engines\\CompilerEngine->get('C:\\\\laragon\\\\www\\\\...', Array)
#20 C:\\laragon\\www\\Ariya\\vendor\\laravel\\framework\\src\\Illuminate\\View\\View.php(190): Illuminate\\View\\View->getContents()
#21 C:\\laragon\\www\\Ariya\\vendor\\laravel\\framework\\src\\Illuminate\\View\\View.php(159): Illuminate\\View\\View->renderContents()
#22 C:\\laragon\\www\\Ariya\\vendor\\laravel\\framework\\src\\Illuminate\\Http\\Response.php(69): Illuminate\\View\\View->render()
#23 C:\\laragon\\www\\Ariya\\vendor\\laravel\\framework\\src\\Illuminate\\Http\\Response.php(35): Illuminate\\Http\\Response->setContent(Object(Illuminate\\View\\View))
#24 C:\\laragon\\www\\Ariya\\vendor\\laravel\\framework\\src\\Illuminate\\Routing\\Router.php(918): Illuminate\\Http\\Response->__construct(Object(Illuminate\\View\\View), 200, Array)
#25 C:\\laragon\\www\\Ariya\\vendor\\laravel\\framework\\src\\Illuminate\\Routing\\Router.php(885): Illuminate\\Routing\\Router::toResponse(Object(Illuminate\\Http\\Request), Object(Illuminate\\View\\View))
#26 C:\\laragon\\www\\Ariya\\vendor\\laravel\\framework\\src\\Illuminate\\Routing\\Router.php(805): Illuminate\\Routing\\Router->prepareResponse(Object(Illuminate\\Http\\Request), Object(Illuminate\\View\\View))
#27 C:\\laragon\\www\\Ariya\\vendor\\laravel\\framework\\src\\Illuminate\\Pipeline\\Pipeline.php(144): Illuminate\\Routing\\Router->Illuminate\\Routing\\{closure}(Object(Illuminate\\Http\\Request))
#28 C:\\laragon\\www\\Ariya\\vendor\\php-flasher\\flasher-laravel\\Middleware\\FlasherMiddleware.php(34): Illuminate\\Pipeline\\Pipeline->Illuminate\\Pipeline\\{closure}(Object(Illuminate\\Http\\Request))
#29 C:\\laragon\\www\\Ariya\\vendor\\laravel\\framework\\src\\Illuminate\\Pipeline\\Pipeline.php(183): Flasher\\Laravel\\Middleware\\FlasherMiddleware->handle(Object(Illuminate\\Http\\Request), Object(Closure))
#30 C:\\laragon\\www\\Ariya\\vendor\\php-flasher\\flasher-laravel\\Middleware\\SessionMiddleware.php(34): Illuminate\\Pipeline\\Pipeline->Illuminate\\Pipeline\\{closure}(Object(Illuminate\\Http\\Request))
#31 C:\\laragon\\www\\Ariya\\vendor\\laravel\\framework\\src\\Illuminate\\Pipeline\\Pipeline.php(183): Flasher\\Laravel\\Middleware\\SessionMiddleware->handle(Object(Illuminate\\Http\\Request), Object(Closure))
#32 C:\\laragon\\www\\Ariya\\vendor\\barryvdh\\laravel-debugbar\\src\\Middleware\\InjectDebugbar.php(59): Illuminate\\Pipeline\\Pipeline->Illuminate\\Pipeline\\{closure}(Object(Illuminate\\Http\\Request))
#33 C:\\laragon\\www\\Ariya\\vendor\\laravel\\framework\\src\\Illuminate\\Pipeline\\Pipeline.php(183): Barryvdh\\Debugbar\\Middleware\\InjectDebugbar->handle(Object(Illuminate\\Http\\Request), Object(Closure))
#34 C:\\laragon\\www\\Ariya\\app\\Http\\Middleware\\Viewer.php(48): Illuminate\\Pipeline\\Pipeline->Illuminate\\Pipeline\\{closure}(Object(Illuminate\\Http\\Request))
#35 C:\\laragon\\www\\Ariya\\vendor\\laravel\\framework\\src\\Illuminate\\Pipeline\\Pipeline.php(183): App\\Http\\Middleware\\Viewer->handle(Object(Illuminate\\Http\\Request), Object(Closure))
#36 C:\\laragon\\www\\Ariya\\vendor\\laravel\\framework\\src\\Illuminate\\Routing\\Middleware\\SubstituteBindings.php(50): Illuminate\\Pipeline\\Pipeline->Illuminate\\Pipeline\\{closure}(Object(Illuminate\\Http\\Request))
#37 C:\\laragon\\www\\Ariya\\vendor\\laravel\\framework\\src\\Illuminate\\Pipeline\\Pipeline.php(183): Illuminate\\Routing\\Middleware\\SubstituteBindings->handle(Object(Illuminate\\Http\\Request), Object(Closure))
#38 C:\\laragon\\www\\Ariya\\vendor\\laravel\\framework\\src\\Illuminate\\Foundation\\Http\\Middleware\\VerifyCsrfToken.php(78): Illuminate\\Pipeline\\Pipeline->Illuminate\\Pipeline\\{closure}(Object(Illuminate\\Http\\Request))
#39 C:\\laragon\\www\\Ariya\\app\\Http\\Middleware\\VerifyCsrfToken.php(30): Illuminate\\Foundation\\Http\\Middleware\\VerifyCsrfToken->handle(Object(Illuminate\\Http\\Request), Object(Closure))
#40 C:\\laragon\\www\\Ariya\\vendor\\laravel\\framework\\src\\Illuminate\\Pipeline\\Pipeline.php(183): App\\Http\\Middleware\\VerifyCsrfToken->handle(Object(Illuminate\\Http\\Request), Object(Closure))
#41 C:\\laragon\\www\\Ariya\\vendor\\laravel\\framework\\src\\Illuminate\\View\\Middleware\\ShareErrorsFromSession.php(49): Illuminate\\Pipeline\\Pipeline->Illuminate\\Pipeline\\{closure}(Object(Illuminate\\Http\\Request))
#42 C:\\laragon\\www\\Ariya\\vendor\\laravel\\framework\\src\\Illuminate\\Pipeline\\Pipeline.php(183): Illuminate\\View\\Middleware\\ShareErrorsFromSession->handle(Object(Illuminate\\Http\\Request), Object(Closure))
#43 C:\\laragon\\www\\Ariya\\vendor\\laravel\\framework\\src\\Illuminate\\Session\\Middleware\\StartSession.php(121): Illuminate\\Pipeline\\Pipeline->Illuminate\\Pipeline\\{closure}(Object(Illuminate\\Http\\Request))
#44 C:\\laragon\\www\\Ariya\\vendor\\laravel\\framework\\src\\Illuminate\\Session\\Middleware\\StartSession.php(64): Illuminate\\Session\\Middleware\\StartSession->handleStatefulRequest(Object(Illuminate\\Http\\Request), Object(Illuminate\\Session\\Store), Object(Closure))
#45 C:\\laragon\\www\\Ariya\\vendor\\laravel\\framework\\src\\Illuminate\\Pipeline\\Pipeline.php(183): Illuminate\\Session\\Middleware\\StartSession->handle(Object(Illuminate\\Http\\Request), Object(Closure))
#46 C:\\laragon\\www\\Ariya\\vendor\\laravel\\framework\\src\\Illuminate\\Cookie\\Middleware\\AddQueuedCookiesToResponse.php(37): Illuminate\\Pipeline\\Pipeline->Illuminate\\Pipeline\\{closure}(Object(Illuminate\\Http\\Request))
#47 C:\\laragon\\www\\Ariya\\vendor\\laravel\\framework\\src\\Illuminate\\Pipeline\\Pipeline.php(183): Illuminate\\Cookie\\Middleware\\AddQueuedCookiesToResponse->handle(Object(Illuminate\\Http\\Request), Object(Closure))
#48 C:\\laragon\\www\\Ariya\\vendor\\laravel\\framework\\src\\Illuminate\\Cookie\\Middleware\\EncryptCookies.php(67): Illuminate\\Pipeline\\Pipeline->Illuminate\\Pipeline\\{closure}(Object(Illuminate\\Http\\Request))
#49 C:\\laragon\\www\\Ariya\\vendor\\laravel\\framework\\src\\Illuminate\\Pipeline\\Pipeline.php(183): Illuminate\\Cookie\\Middleware\\EncryptCookies->handle(Object(Illuminate\\Http\\Request), Object(Closure))
#50 C:\\laragon\\www\\Ariya\\app\\Http\\Middleware\\Language.php(25): Illuminate\\Pipeline\\Pipeline->Illuminate\\Pipeline\\{closure}(Object(Illuminate\\Http\\Request))
#51 C:\\laragon\\www\\Ariya\\vendor\\laravel\\framework\\src\\Illuminate\\Pipeline\\Pipeline.php(183): App\\Http\\Middleware\\Language->handle(Object(Illuminate\\Http\\Request), Object(Closure))
#52 C:\\laragon\\www\\Ariya\\vendor\\laravel\\framework\\src\\Illuminate\\Pipeline\\Pipeline.php(119): Illuminate\\Pipeline\\Pipeline->Illuminate\\Pipeline\\{closure}(Object(Illuminate\\Http\\Request))
#53 C:\\laragon\\www\\Ariya\\vendor\\laravel\\framework\\src\\Illuminate\\Routing\\Router.php(805): Illuminate\\Pipeline\\Pipeline->then(Object(Closure))
#54 C:\\laragon\\www\\Ariya\\vendor\\laravel\\framework\\src\\Illuminate\\Routing\\Router.php(784): Illuminate\\Routing\\Router->runRouteWithinStack(Object(Illuminate\\Routing\\Route), Object(Illuminate\\Http\\Request))
#55 C:\\laragon\\www\\Ariya\\vendor\\laravel\\framework\\src\\Illuminate\\Routing\\Router.php(748): Illuminate\\Routing\\Router->runRoute(Object(Illuminate\\Http\\Request), Object(Illuminate\\Routing\\Route))
#56 C:\\laragon\\www\\Ariya\\vendor\\laravel\\framework\\src\\Illuminate\\Routing\\Router.php(737): Illuminate\\Routing\\Router->dispatchToRoute(Object(Illuminate\\Http\\Request))
#57 C:\\laragon\\www\\Ariya\\vendor\\laravel\\framework\\src\\Illuminate\\Foundation\\Http\\Kernel.php(200): Illuminate\\Routing\\Router->dispatch(Object(Illuminate\\Http\\Request))
#58 C:\\laragon\\www\\Ariya\\vendor\\laravel\\framework\\src\\Illuminate\\Pipeline\\Pipeline.php(144): Illuminate\\Foundation\\Http\\Kernel->Illuminate\\Foundation\\Http\\{closure}(Object(Illuminate\\Http\\Request))
#59 C:\\laragon\\www\\Ariya\\vendor\\barryvdh\\laravel-debugbar\\src\\Middleware\\InjectDebugbar.php(59): Illuminate\\Pipeline\\Pipeline->Illuminate\\Pipeline\\{closure}(Object(Illuminate\\Http\\Request))
#60 C:\\laragon\\www\\Ariya\\vendor\\laravel\\framework\\src\\Illuminate\\Pipeline\\Pipeline.php(183): Barryvdh\\Debugbar\\Middleware\\InjectDebugbar->handle(Object(Illuminate\\Http\\Request), Object(Closure))
#61 C:\\laragon\\www\\Ariya\\vendor\\laravel\\framework\\src\\Illuminate\\Foundation\\Http\\Middleware\\TransformsRequest.php(21): Illuminate\\Pipeline\\Pipeline->Illuminate\\Pipeline\\{closure}(Object(Illuminate\\Http\\Request))
#62 C:\\laragon\\www\\Ariya\\vendor\\laravel\\framework\\src\\Illuminate\\Foundation\\Http\\Middleware\\ConvertEmptyStringsToNull.php(31): Illuminate\\Foundation\\Http\\Middleware\\TransformsRequest->handle(Object(Illuminate\\Http\\Request), Object(Closure))
#63 C:\\laragon\\www\\Ariya\\vendor\\laravel\\framework\\src\\Illuminate\\Pipeline\\Pipeline.php(183): Illuminate\\Foundation\\Http\\Middleware\\ConvertEmptyStringsToNull->handle(Object(Illuminate\\Http\\Request), Object(Closure))
#64 C:\\laragon\\www\\Ariya\\vendor\\laravel\\framework\\src\\Illuminate\\Foundation\\Http\\Middleware\\TransformsRequest.php(21): Illuminate\\Pipeline\\Pipeline->Illuminate\\Pipeline\\{closure}(Object(Illuminate\\Http\\Request))
#65 C:\\laragon\\www\\Ariya\\vendor\\laravel\\framework\\src\\Illuminate\\Foundation\\Http\\Middleware\\TrimStrings.php(40): Illuminate\\Foundation\\Http\\Middleware\\TransformsRequest->handle(Object(Illuminate\\Http\\Request), Object(Closure))
#66 C:\\laragon\\www\\Ariya\\vendor\\laravel\\framework\\src\\Illuminate\\Pipeline\\Pipeline.php(183): Illuminate\\Foundation\\Http\\Middleware\\TrimStrings->handle(Object(Illuminate\\Http\\Request), Object(Closure))
#67 C:\\laragon\\www\\Ariya\\vendor\\laravel\\framework\\src\\Illuminate\\Foundation\\Http\\Middleware\\ValidatePostSize.php(27): Illuminate\\Pipeline\\Pipeline->Illuminate\\Pipeline\\{closure}(Object(Illuminate\\Http\\Request))
#68 C:\\laragon\\www\\Ariya\\vendor\\laravel\\framework\\src\\Illuminate\\Pipeline\\Pipeline.php(183): Illuminate\\Foundation\\Http\\Middleware\\ValidatePostSize->handle(Object(Illuminate\\Http\\Request), Object(Closure))
#69 C:\\laragon\\www\\Ariya\\vendor\\laravel\\framework\\src\\Illuminate\\Foundation\\Http\\Middleware\\PreventRequestsDuringMaintenance.php(99): Illuminate\\Pipeline\\Pipeline->Illuminate\\Pipeline\\{closure}(Object(Illuminate\\Http\\Request))
#70 C:\\laragon\\www\\Ariya\\vendor\\laravel\\framework\\src\\Illuminate\\Pipeline\\Pipeline.php(183): Illuminate\\Foundation\\Http\\Middleware\\PreventRequestsDuringMaintenance->handle(Object(Illuminate\\Http\\Request), Object(Closure))
#71 C:\\laragon\\www\\Ariya\\vendor\\laravel\\framework\\src\\Illuminate\\Http\\Middleware\\TrustProxies.php(39): Illuminate\\Pipeline\\Pipeline->Illuminate\\Pipeline\\{closure}(Object(Illuminate\\Http\\Request))
#72 C:\\laragon\\www\\Ariya\\vendor\\laravel\\framework\\src\\Illuminate\\Pipeline\\Pipeline.php(183): Illuminate\\Http\\Middleware\\TrustProxies->handle(Object(Illuminate\\Http\\Request), Object(Closure))
#73 C:\\laragon\\www\\Ariya\\vendor\\laravel\\framework\\src\\Illuminate\\Pipeline\\Pipeline.php(119): Illuminate\\Pipeline\\Pipeline->Illuminate\\Pipeline\\{closure}(Object(Illuminate\\Http\\Request))
#74 C:\\laragon\\www\\Ariya\\vendor\\laravel\\framework\\src\\Illuminate\\Foundation\\Http\\Kernel.php(175): Illuminate\\Pipeline\\Pipeline->then(Object(Closure))
#75 C:\\laragon\\www\\Ariya\\vendor\\laravel\\framework\\src\\Illuminate\\Foundation\\Http\\Kernel.php(144): Illuminate\\Foundation\\Http\\Kernel->sendRequestThroughRouter(Object(Illuminate\\Http\\Request))
#76 C:\\laragon\\www\\Ariya\\public\\index.php(52): Illuminate\\Foundation\\Http\\Kernel->handle(Object(Illuminate\\Http\\Request))
#77 C:\\laragon\\www\\Ariya\\server.php(21): require_once('C:\\\\laragon\\\\www\\\\...')
#78 {main}
"} 
[2026-06-22 09:30:27] local.ERROR: Maximum execution time of 300 seconds exceeded {"exception":"[object] (Symfony\\Component\\ErrorHandler\\Error\\FatalError(code: 0): Maximum execution time of 300 seconds exceeded at C:\\laragon\\www\\Ariya\\vendor\\laravel\\framework\\src\\Illuminate\\Foundation\\Console\\ServeCommand.php:95)
[stacktrace]
#0 {main}
"} 
[2026-06-22 10:24:15] local.ERROR: Maximum execution time of 300 seconds exceeded {"exception":"[object] (Symfony\\Component\\ErrorHandler\\Error\\FatalError(code: 0): Maximum execution time of 300 seconds exceeded at C:\\laragon\\www\\Ariya\\vendor\\laravel\\framework\\src\\Illuminate\\Foundation\\Console\\ServeCommand.php:95)
[stacktrace]
#0 {main}
"} 
[2026-07-04 15:25:59] local.ERROR: Class "ZipArchive" not found {"exception":"[object] (Error(code: 0): Class \"ZipArchive\" not found at C:\\laragon\\www\\Ariya\\vendor\\spatie\\laravel-backup\\config\\backup.php:133)
[stacktrace]
#0 C:\\laragon\\www\\Ariya\\vendor\\laravel\\framework\\src\\Illuminate\\Support\\ServiceProvider.php(138): require()
#1 C:\\laragon\\www\\Ariya\\vendor\\spatie\\laravel-package-tools\\src\\Concerns\\PackageServiceProvider\\ProcessConfigs.php(21): Illuminate\\Support\\ServiceProvider->mergeConfigFrom('C:\\\\laragon\\\\www\\\\...', 'backup')
#2 C:\\laragon\\www\\Ariya\\vendor\\spatie\\laravel-package-tools\\src\\PackageServiceProvider.php(53): Spatie\\LaravelPackageTools\\PackageServiceProvider->registerPackageConfigs()
#3 C:\\laragon\\www\\Ariya\\vendor\\laravel\\framework\\src\\Illuminate\\Foundation\\Application.php(817): Spatie\\LaravelPackageTools\\PackageServiceProvider->register()
#4 C:\\laragon\\www\\Ariya\\vendor\\laravel\\framework\\src\\Illuminate\\Foundation\\ProviderRepository.php(75): Illuminate\\Foundation\\Application->register(Object(Spatie\\Backup\\BackupServiceProvider))
#5 C:\\laragon\\www\\Ariya\\vendor\\laravel\\framework\\src\\Illuminate\\Foundation\\Application.php(794): Illuminate\\Foundation\\ProviderRepository->load(Array)
#6 C:\\laragon\\www\\Ariya\\vendor\\laravel\\framework\\src\\Illuminate\\Foundation\\Bootstrap\\RegisterProviders.php(17): Illuminate\\Foundation\\Application->registerConfiguredProviders()
#7 C:\\laragon\\www\\Ariya\\vendor\\laravel\\framework\\src\\Illuminate\\Foundation\\Application.php(286): Illuminate\\Foundation\\Bootstrap\\RegisterProviders->bootstrap(Object(Illuminate\\Foundation\\Application))
#8 C:\\laragon\\www\\Ariya\\vendor\\laravel\\framework\\src\\Illuminate\\Foundation\\Console\\Kernel.php(447): Illuminate\\Foundation\\Application->bootstrapWith(Array)
#9 C:\\laragon\\www\\Ariya\\vendor\\laravel\\framework\\src\\Illuminate\\Foundation\\Console\\Kernel.php(199): Illuminate\\Foundation\\Console\\Kernel->bootstrap()
#10 C:\\laragon\\www\\Ariya\\artisan(35): Illuminate\\Foundation\\Console\\Kernel->handle(Object(Symfony\\Component\\Console\\Input\\ArgvInput), Object(Symfony\\Component\\Console\\Output\\ConsoleOutput))
#11 {main}
"} 
[2026-07-04 15:27:02] local.ERROR: Class "ZipArchive" not found {"exception":"[object] (Error(code: 0): Class \"ZipArchive\" not found at C:\\laragon\\www\\Ariya\\vendor\\spatie\\laravel-backup\\config\\backup.php:133)
[stacktrace]
#0 C:\\laragon\\www\\Ariya\\vendor\\laravel\\framework\\src\\Illuminate\\Support\\ServiceProvider.php(138): require()
#1 C:\\laragon\\www\\Ariya\\vendor\\spatie\\laravel-package-tools\\src\\Concerns\\PackageServiceProvider\\ProcessConfigs.php(21): Illuminate\\Support\\ServiceProvider->mergeConfigFrom('C:\\\\laragon\\\\www\\\\...', 'backup')
#2 C:\\laragon\\www\\Ariya\\vendor\\spatie\\laravel-package-tools\\src\\PackageServiceProvider.php(53): Spatie\\LaravelPackageTools\\PackageServiceProvider->registerPackageConfigs()
#3 C:\\laragon\\www\\Ariya\\vendor\\laravel\\framework\\src\\Illuminate\\Foundation\\Application.php(817): Spatie\\LaravelPackageTools\\PackageServiceProvider->register()
#4 C:\\laragon\\www\\Ariya\\vendor\\laravel\\framework\\src\\Illuminate\\Foundation\\ProviderRepository.php(75): Illuminate\\Foundation\\Application->register(Object(Spatie\\Backup\\BackupServiceProvider))
#5 C:\\laragon\\www\\Ariya\\vendor\\laravel\\framework\\src\\Illuminate\\Foundation\\Application.php(794): Illuminate\\Foundation\\ProviderRepository->load(Array)
#6 C:\\laragon\\www\\Ariya\\vendor\\laravel\\framework\\src\\Illuminate\\Foundation\\Bootstrap\\RegisterProviders.php(17): Illuminate\\Foundation\\Application->registerConfiguredProviders()
#7 C:\\laragon\\www\\Ariya\\vendor\\laravel\\framework\\src\\Illuminate\\Foundation\\Application.php(286): Illuminate\\Foundation\\Bootstrap\\RegisterProviders->bootstrap(Object(Illuminate\\Foundation\\Application))
#8 C:\\laragon\\www\\Ariya\\vendor\\laravel\\framework\\src\\Illuminate\\Foundation\\Console\\Kernel.php(447): Illuminate\\Foundation\\Application->bootstrapWith(Array)
#9 C:\\laragon\\www\\Ariya\\vendor\\laravel\\framework\\src\\Illuminate\\Foundation\\Console\\Kernel.php(199): Illuminate\\Foundation\\Console\\Kernel->bootstrap()
#10 C:\\laragon\\www\\Ariya\\artisan(35): Illuminate\\Foundation\\Console\\Kernel->handle(Object(Symfony\\Component\\Console\\Input\\ArgvInput), Object(Symfony\\Component\\Console\\Output\\ConsoleOutput))
#11 {main}
"} 
[2026-07-04 15:27:59] local.ERROR: SQLSTATE[HY000] [1049] Unknown database 'ariya' (Connection: mysql, SQL: select * from `permissions` where `active` = 1) {"exception":"[object] (Illuminate\\Database\\QueryException(code: 1049): SQLSTATE[HY000] [1049] Unknown database 'ariya' (Connection: mysql, SQL: select * from `permissions` where `active` = 1) at C:\\laragon\\www\\Ariya\\vendor\\laravel\\framework\\src\\Illuminate\\Database\\Connection.php:829)
[stacktrace]
#0 C:\\laragon\\www\\Ariya\\vendor\\laravel\\framework\\src\\Illuminate\\Database\\Connection.php(783): Illuminate\\Database\\Connection->runQueryCallback('select * from `...', Array, Object(Closure))
#1 C:\\laragon\\www\\Ariya\\vendor\\laravel\\framework\\src\\Illuminate\\Database\\Connection.php(414): Illuminate\\Database\\Connection->run('select * from `...', Array, Object(Closure))
#2 C:\\laragon\\www\\Ariya\\vendor\\laravel\\framework\\src\\Illuminate\\Database\\Query\\Builder.php(2913): Illuminate\\Database\\Connection->select('select * from `...', Array, true)
#3 C:\\laragon\\www\\Ariya\\vendor\\laravel\\framework\\src\\Illuminate\\Database\\Query\\Builder.php(2902): Illuminate\\Database\\Query\\Builder->runSelect()
#4 C:\\laragon\\www\\Ariya\\vendor\\laravel\\framework\\src\\Illuminate\\Database\\Query\\Builder.php(3456): Illuminate\\Database\\Query\\Builder->Illuminate\\Database\\Query\\{closure}()
#5 C:\\laragon\\www\\Ariya\\vendor\\laravel\\framework\\src\\Illuminate\\Database\\Query\\Builder.php(2901): Illuminate\\Database\\Query\\Builder->onceWithColumns(Array, Object(Closure))
#6 C:\\laragon\\www\\Ariya\\vendor\\laravel\\framework\\src\\Illuminate\\Database\\Eloquent\\Builder.php(739): Illuminate\\Database\\Query\\Builder->get(Array)
#7 C:\\laragon\\www\\Ariya\\vendor\\laravel\\framework\\src\\Illuminate\\Database\\Eloquent\\Builder.php(723): Illuminate\\Database\\Eloquent\\Builder->getModels(Array)
#8 C:\\laragon\\www\\Ariya\\app\\Providers\\AuthServiceProvider.php(40): Illuminate\\Database\\Eloquent\\Builder->get()
#9 C:\\laragon\\www\\Ariya\\app\\Providers\\AuthServiceProvider.php(30): App\\Providers\\AuthServiceProvider->getPermissions()
#10 C:\\laragon\\www\\Ariya\\vendor\\laravel\\framework\\src\\Illuminate\\Container\\BoundMethod.php(36): App\\Providers\\AuthServiceProvider->boot()
#11 C:\\laragon\\www\\Ariya\\vendor\\laravel\\framework\\src\\Illuminate\\Container\\Util.php(41): Illuminate\\Container\\BoundMethod::Illuminate\\Container\\{closure}()
#12 C:\\laragon\\www\\Ariya\\vendor\\laravel\\framework\\src\\Illuminate\\Container\\BoundMethod.php(93): Illuminate\\Container\\Util::unwrapIfClosure(Object(Closure))
#13 C:\\laragon\\www\\Ariya\\vendor\\laravel\\framework\\src\\Illuminate\\Container\\BoundMethod.php(35): Illuminate\\Container\\BoundMethod::callBoundMethod(Object(Illuminate\\Foundation\\Application), Array, Object(Closure))
#14 C:\\laragon\\www\\Ariya\\vendor\\laravel\\framework\\src\\Illuminate\\Container\\Container.php(662): Illuminate\\Container\\BoundMethod::call(Object(Illuminate\\Foundation\\Application), Array, Array, NULL)
#15 C:\\laragon\\www\\Ariya\\vendor\\laravel\\framework\\src\\Illuminate\\Foundation\\Application.php(1059): Illuminate\\Container\\Container->call(Array)
#16 C:\\laragon\\www\\Ariya\\vendor\\laravel\\framework\\src\\Illuminate\\Foundation\\Application.php(1040): Illuminate\\Foundation\\Application->bootProvider(Object(App\\Providers\\AuthServiceProvider))
#17 [internal function]: Illuminate\\Foundation\\Application->Illuminate\\Foundation\\{closure}(Object(App\\Providers\\AuthServiceProvider), 43)
#18 C:\\laragon\\www\\Ariya\\vendor\\laravel\\framework\\src\\Illuminate\\Foundation\\Application.php(1039): array_walk(Array, Object(Closure))
#19 C:\\laragon\\www\\Ariya\\vendor\\laravel\\framework\\src\\Illuminate\\Foundation\\Bootstrap\\BootProviders.php(17): Illuminate\\Foundation\\Application->boot()
#20 C:\\laragon\\www\\Ariya\\vendor\\laravel\\framework\\src\\Illuminate\\Foundation\\Application.php(286): Illuminate\\Foundation\\Bootstrap\\BootProviders->bootstrap(Object(Illuminate\\Foundation\\Application))
#21 C:\\laragon\\www\\Ariya\\vendor\\laravel\\framework\\src\\Illuminate\\Foundation\\Http\\Kernel.php(186): Illuminate\\Foundation\\Application->bootstrapWith(Array)
#22 C:\\laragon\\www\\Ariya\\vendor\\laravel\\framework\\src\\Illuminate\\Foundation\\Http\\Kernel.php(170): Illuminate\\Foundation\\Http\\Kernel->bootstrap()
#23 C:\\laragon\\www\\Ariya\\vendor\\laravel\\framework\\src\\Illuminate\\Foundation\\Http\\Kernel.php(144): Illuminate\\Foundation\\Http\\Kernel->sendRequestThroughRouter(Object(Illuminate\\Http\\Request))
#24 C:\\laragon\\www\\Ariya\\public\\index.php(52): Illuminate\\Foundation\\Http\\Kernel->handle(Object(Illuminate\\Http\\Request))
#25 C:\\laragon\\www\\Ariya\\server.php(21): require_once('C:\\\\laragon\\\\www\\\\...')
#26 {main}

[previous exception] [object] (PDOException(code: 1049): SQLSTATE[HY000] [1049] Unknown database 'ariya' at C:\\laragon\\www\\Ariya\\vendor\\laravel\\framework\\src\\Illuminate\\Database\\Connectors\\Connector.php:65)
[stacktrace]
#0 C:\\laragon\\www\\Ariya\\vendor\\laravel\\framework\\src\\Illuminate\\Database\\Connectors\\Connector.php(65): PDO->__construct('mysql:host=127....', 'root', Object(SensitiveParameterValue), Array)
#1 C:\\laragon\\www\\Ariya\\vendor\\laravel\\framework\\src\\Illuminate\\Database\\Connectors\\Connector.php(44): Illuminate\\Database\\Connectors\\Connector->createPdoConnection('mysql:host=127....', 'root', '', Array)
#2 C:\\laragon\\www\\Ariya\\vendor\\laravel\\framework\\src\\Illuminate\\Database\\Connectors\\MySqlConnector.php(24): Illuminate\\Database\\Connectors\\Connector->createConnection('mysql:host=127....', Array, Array)
#3 C:\\laragon\\www\\Ariya\\vendor\\laravel\\framework\\src\\Illuminate\\Database\\Connectors\\ConnectionFactory.php(184): Illuminate\\Database\\Connectors\\MySqlConnector->connect(Array)
#4 [internal function]: Illuminate\\Database\\Connectors\\ConnectionFactory->Illuminate\\Database\\Connectors\\{closure}()
#5 C:\\laragon\\www\\Ariya\\vendor\\laravel\\framework\\src\\Illuminate\\Database\\Connection.php(1339): call_user_func(Object(Closure))
#6 C:\\laragon\\www\\Ariya\\vendor\\laravel\\framework\\src\\Illuminate\\Database\\Connection.php(1375): Illuminate\\Database\\Connection->getPdo()
#7 C:\\laragon\\www\\Ariya\\vendor\\laravel\\framework\\src\\Illuminate\\Database\\Connection.php(528): Illuminate\\Database\\Connection->getReadPdo()
#8 C:\\laragon\\www\\Ariya\\vendor\\laravel\\framework\\src\\Illuminate\\Database\\Connection.php(423): Illuminate\\Database\\Connection->getPdoForSelect(true)
#9 C:\\laragon\\www\\Ariya\\vendor\\laravel\\framework\\src\\Illuminate\\Database\\Connection.php(816): Illuminate\\Database\\Connection->Illuminate\\Database\\{closure}('select * from `...', Array)
#10 C:\\laragon\\www\\Ariya\\vendor\\laravel\\framework\\src\\Illuminate\\Database\\Connection.php(783): Illuminate\\Database\\Connection->runQueryCallback('select * from `...', Array, Object(Closure))
#11 C:\\laragon\\www\\Ariya\\vendor\\laravel\\framework\\src\\Illuminate\\Database\\Connection.php(414): Illuminate\\Database\\Connection->run('select * from `...', Array, Object(Closure))
#12 C:\\laragon\\www\\Ariya\\vendor\\laravel\\framework\\src\\Illuminate\\Database\\Query\\Builder.php(2913): Illuminate\\Database\\Connection->select('select * from `...', Array, true)
#13 C:\\laragon\\www\\Ariya\\vendor\\laravel\\framework\\src\\Illuminate\\Database\\Query\\Builder.php(2902): Illuminate\\Database\\Query\\Builder->runSelect()
#14 C:\\laragon\\www\\Ariya\\vendor\\laravel\\framework\\src\\Illuminate\\Database\\Query\\Builder.php(3456): Illuminate\\Database\\Query\\Builder->Illuminate\\Database\\Query\\{closure}()
#15 C:\\laragon\\www\\Ariya\\vendor\\laravel\\framework\\src\\Illuminate\\Database\\Query\\Builder.php(2901): Illuminate\\Database\\Query\\Builder->onceWithColumns(Array, Object(Closure))
#16 C:\\laragon\\www\\Ariya\\vendor\\laravel\\framework\\src\\Illuminate\\Database\\Eloquent\\Builder.php(739): Illuminate\\Database\\Query\\Builder->get(Array)
#17 C:\\laragon\\www\\Ariya\\vendor\\laravel\\framework\\src\\Illuminate\\Database\\Eloquent\\Builder.php(723): Illuminate\\Database\\Eloquent\\Builder->getModels(Array)
#18 C:\\laragon\\www\\Ariya\\app\\Providers\\AuthServiceProvider.php(40): Illuminate\\Database\\Eloquent\\Builder->get()
#19 C:\\laragon\\www\\Ariya\\app\\Providers\\AuthServiceProvider.php(30): App\\Providers\\AuthServiceProvider->getPermissions()
#20 C:\\laragon\\www\\Ariya\\vendor\\laravel\\framework\\src\\Illuminate\\Container\\BoundMethod.php(36): App\\Providers\\AuthServiceProvider->boot()
#21 C:\\laragon\\www\\Ariya\\vendor\\laravel\\framework\\src\\Illuminate\\Container\\Util.php(41): Illuminate\\Container\\BoundMethod::Illuminate\\Container\\{closure}()
#22 C:\\laragon\\www\\Ariya\\vendor\\laravel\\framework\\src\\Illuminate\\Container\\BoundMethod.php(93): Illuminate\\Container\\Util::unwrapIfClosure(Object(Closure))
#23 C:\\laragon\\www\\Ariya\\vendor\\laravel\\framework\\src\\Illuminate\\Container\\BoundMethod.php(35): Illuminate\\Container\\BoundMethod::callBoundMethod(Object(Illuminate\\Foundation\\Application), Array, Object(Closure))
#24 C:\\laragon\\www\\Ariya\\vendor\\laravel\\framework\\src\\Illuminate\\Container\\Container.php(662): Illuminate\\Container\\BoundMethod::call(Object(Illuminate\\Foundation\\Application), Array, Array, NULL)
#25 C:\\laragon\\www\\Ariya\\vendor\\laravel\\framework\\src\\Illuminate\\Foundation\\Application.php(1059): Illuminate\\Container\\Container->call(Array)
#26 C:\\laragon\\www\\Ariya\\vendor\\laravel\\framework\\src\\Illuminate\\Foundation\\Application.php(1040): Illuminate\\Foundation\\Application->bootProvider(Object(App\\Providers\\AuthServiceProvider))
#27 [internal function]: Illuminate\\Foundation\\Application->Illuminate\\Foundation\\{closure}(Object(App\\Providers\\AuthServiceProvider), 43)
#28 C:\\laragon\\www\\Ariya\\vendor\\laravel\\framework\\src\\Illuminate\\Foundation\\Application.php(1039): array_walk(Array, Object(Closure))
#29 C:\\laragon\\www\\Ariya\\vendor\\laravel\\framework\\src\\Illuminate\\Foundation\\Bootstrap\\BootProviders.php(17): Illuminate\\Foundation\\Application->boot()
#30 C:\\laragon\\www\\Ariya\\vendor\\laravel\\framework\\src\\Illuminate\\Foundation\\Application.php(286): Illuminate\\Foundation\\Bootstrap\\BootProviders->bootstrap(Object(Illuminate\\Foundation\\Application))
#31 C:\\laragon\\www\\Ariya\\vendor\\laravel\\framework\\src\\Illuminate\\Foundation\\Http\\Kernel.php(186): Illuminate\\Foundation\\Application->bootstrapWith(Array)
#32 C:\\laragon\\www\\Ariya\\vendor\\laravel\\framework\\src\\Illuminate\\Foundation\\Http\\Kernel.php(170): Illuminate\\Foundation\\Http\\Kernel->bootstrap()
#33 C:\\laragon\\www\\Ariya\\vendor\\laravel\\framework\\src\\Illuminate\\Foundation\\Http\\Kernel.php(144): Illuminate\\Foundation\\Http\\Kernel->sendRequestThroughRouter(Object(Illuminate\\Http\\Request))
#34 C:\\laragon\\www\\Ariya\\public\\index.php(52): Illuminate\\Foundation\\Http\\Kernel->handle(Object(Illuminate\\Http\\Request))
#35 C:\\laragon\\www\\Ariya\\server.php(21): require_once('C:\\\\laragon\\\\www\\\\...')
#36 {main}
"} 
[2026-07-04 15:27:59] local.ERROR: Route [csrf] not defined. {"view":{"view":"C:\\laragon\\www\\Ariya\\resources\\views\\back\\partials\\meta.blade.php","data":{"errors":"<pre class=sf-dump id=sf-dump-1149684939 data-indent-pad=\"  \"><span class=sf-dump-note>Illuminate\\Support\\ViewErrorBag</span> {<a class=sf-dump-ref>#1162</a><samp data-depth=1 class=sf-dump-expanded>
  #<span class=sf-dump-protected title=\"Protected property\">bags</span>: []
</samp>}
</pre><script>Sfdump(\"sf-dump-1149684939\", {\"maxDepth\":3,\"maxStringLength\":160})</script>
","exception":"<pre class=sf-dump id=sf-dump-1271141376 data-indent-pad=\"  \"><span class=sf-dump-note>Symfony\\Component\\HttpKernel\\Exception\\HttpException</span> {<a class=sf-dump-ref>#1170</a><samp data-depth=1 class=sf-dump-expanded>
  #<span class=sf-dump-protected title=\"Protected property\">message</span>: \"<span class=sf-dump-str title=\"120 characters\">SQLSTATE[HY000] [1049] Unknown database &#039;ariya&#039; (Connection: mysql, SQL: select * from `permissions` where `active` = 1)</span>\"
  #<span class=sf-dump-protected title=\"Protected property\">code</span>: <span class=sf-dump-num>0</span>
  #<span class=sf-dump-protected title=\"Protected property\">file</span>: \"<span class=\"sf-dump-str sf-dump-ellipsization\" title=\"C:\\laragon\\www\\Ariya\\vendor\\laravel\\framework\\src\\Illuminate\\Foundation\\Exceptions\\Handler.php
94 characters\"><span class=\"sf-dump-ellipsis sf-dump-ellipsis-path\">C:\\laragon\\www\\Ariya\\vendor</span><span class=\"sf-dump-ellipsis sf-dump-ellipsis-path\">\\laravel\\framework\\</span><span class=\"sf-dump-ellipsis-tail\">src\\Illuminate\\Foundation\\Exceptions\\Handler.php</span></span>\"
  #<span class=sf-dump-protected title=\"Protected property\">line</span>: <span class=sf-dump-num>646</span>
  -<span class=sf-dump-private title=\"Private property defined in class:&#10;`Exception`\">previous</span>: <span class=\"sf-dump-note sf-dump-ellipsization\" title=\"Illuminate\\Database\\QueryException
\"><span class=\"sf-dump-ellipsis sf-dump-ellipsis-note\">Illuminate\\Database</span><span class=\"sf-dump-ellipsis sf-dump-ellipsis-note\">\\</span><span class=\"sf-dump-ellipsis-tail\">QueryException</span></span> {<a class=sf-dump-ref href=#sf-dump-1271141376-ref21133 title=\"6 occurrences\">#1133</a><samp data-depth=2 id=sf-dump-1271141376-ref21133 class=sf-dump-compact>
    #<span class=sf-dump-protected title=\"Protected property\">message</span>: \"<span class=sf-dump-str title=\"120 characters\">SQLSTATE[HY000] [1049] Unknown database &#039;ariya&#039; (Connection: mysql, SQL: select * from `permissions` where `active` = 1)</span>\"
    #<span class=sf-dump-protected title=\"Protected property\">code</span>: <span class=sf-dump-num>1049</span>
    #<span class=sf-dump-protected title=\"Protected property\">file</span>: \"<span class=\"sf-dump-str sf-dump-ellipsization\" title=\"C:\\laragon\\www\\Ariya\\vendor\\laravel\\framework\\src\\Illuminate\\Database\\Connection.php
84 characters\"><span class=\"sf-dump-ellipsis sf-dump-ellipsis-path\">C:\\laragon\\www\\Ariya\\vendor</span><span class=\"sf-dump-ellipsis sf-dump-ellipsis-path\">\\laravel\\framework\\</span><span class=\"sf-dump-ellipsis-tail\">src\\Illuminate\\Database\\Connection.php</span></span>\"
    #<span class=sf-dump-protected title=\"Protected property\">line</span>: <span class=sf-dump-num>829</span>
    -<span class=sf-dump-private title=\"Private property defined in class:&#10;`Exception`\">previous</span>: <span class=sf-dump-note>PDOException</span> {<a class=sf-dump-ref>#1137</a><samp data-depth=3 class=sf-dump-compact>
      #<span class=sf-dump-protected title=\"Protected property\">message</span>: \"<span class=sf-dump-str title=\"47 characters\">SQLSTATE[HY000] [1049] Unknown database &#039;ariya&#039;</span>\"
      #<span class=sf-dump-protected title=\"Protected property\">code</span>: <span class=sf-dump-num>1049</span>
      #<span class=sf-dump-protected title=\"Protected property\">file</span>: \"<span class=\"sf-dump-str sf-dump-ellipsization\" title=\"C:\\laragon\\www\\Ariya\\vendor\\laravel\\framework\\src\\Illuminate\\Database\\Connectors\\Connector.php
94 characters\"><span class=\"sf-dump-ellipsis sf-dump-ellipsis-path\">C:\\laragon\\www\\Ariya\\vendor</span><span class=\"sf-dump-ellipsis sf-dump-ellipsis-path\">\\laravel\\framework\\</span><span class=\"sf-dump-ellipsis-tail\">src\\Illuminate\\Database\\Connectors\\Connector.php</span></span>\"
      #<span class=sf-dump-protected title=\"Protected property\">line</span>: <span class=sf-dump-num>65</span>
      +<span class=sf-dump-public title=\"Public property\">errorInfo</span>: <span class=sf-dump-note>array:3</span> [ &#8230;3]
      <span class=sf-dump-meta>trace</span>: { &#8230;36}
    </samp>}
    +<span class=sf-dump-public title=\"Public property\">errorInfo</span>: <span class=sf-dump-note>array:3</span> [<samp data-depth=3 class=sf-dump-compact>
      <span class=sf-dump-index>0</span> => \"<span class=sf-dump-str title=\"5 characters\">HY000</span>\"
      <span class=sf-dump-index>1</span> => <span class=sf-dump-num>1049</span>
      <span class=sf-dump-index>2</span> => \"<span class=sf-dump-str title=\"24 characters\">Unknown database &#039;ariya&#039;</span>\"
    </samp>]
    +<span class=sf-dump-public title=\"Public property\">connectionName</span>: \"<span class=sf-dump-str title=\"5 characters\">mysql</span>\"
    #<span class=sf-dump-protected title=\"Protected property\">sql</span>: \"<span class=sf-dump-str title=\"46 characters\">select * from `permissions` where `active` = ?</span>\"
    #<span class=sf-dump-protected title=\"Protected property\">bindings</span>: <span class=sf-dump-note>array:1</span> [<samp data-depth=3 class=sf-dump-compact>
      <span class=sf-dump-index>0</span> => <span class=sf-dump-num>1</span>
    </samp>]
    <span class=sf-dump-meta>trace</span>: {<samp data-depth=3 class=sf-dump-compact>
      <span class=\"sf-dump-meta sf-dump-ellipsization\" title=\"C:\\laragon\\www\\Ariya\\vendor\\laravel\\framework\\src\\Illuminate\\Database\\Connection.php:829
Stack level 27.\"><span class=\"sf-dump-ellipsis sf-dump-ellipsis-path\">C:\\laragon\\www\\Ariya\\vendor</span><span class=\"sf-dump-ellipsis sf-dump-ellipsis-path\">\\laravel\\framework\\</span><span class=\"sf-dump-ellipsis-tail\">src\\Illuminate\\Database\\Connection.php:829</span></span> { &#8230;4}
      <span class=\"sf-dump-meta sf-dump-ellipsization\" title=\"C:\\laragon\\www\\Ariya\\vendor\\laravel\\framework\\src\\Illuminate\\Database\\Connection.php:783
Stack level 26.\"><span class=\"sf-dump-ellipsis sf-dump-ellipsis-path\">C:\\laragon\\www\\Ariya\\vendor</span><span class=\"sf-dump-ellipsis sf-dump-ellipsis-path\">\\laravel\\framework\\</span><span class=\"sf-dump-ellipsis-tail\">src\\Illuminate\\Database\\Connection.php:783</span></span> { &#8230;5}
      <span class=\"sf-dump-meta sf-dump-ellipsization\" title=\"C:\\laragon\\www\\Ariya\\vendor\\laravel\\framework\\src\\Illuminate\\Database\\Connection.php:414
Stack level 25.\"><span class=\"sf-dump-ellipsis sf-dump-ellipsis-path\">C:\\laragon\\www\\Ariya\\vendor</span><span class=\"sf-dump-ellipsis sf-dump-ellipsis-path\">\\laravel\\framework\\</span><span class=\"sf-dump-ellipsis-tail\">src\\Illuminate\\Database\\Connection.php:414</span></span> { &#8230;5}
      <span class=\"sf-dump-meta sf-dump-ellipsization\" title=\"C:\\laragon\\www\\Ariya\\vendor\\laravel\\framework\\src\\Illuminate\\Database\\Query\\Builder.php:2913
Stack level 24.\"><span class=\"sf-dump-ellipsis sf-dump-ellipsis-path\">C:\\laragon\\www\\Ariya\\vendor</span><span class=\"sf-dump-ellipsis sf-dump-ellipsis-path\">\\laravel\\framework\\</span><span class=\"sf-dump-ellipsis-tail\">src\\Illuminate\\Database\\Query\\Builder.php:2913</span></span> { &#8230;5}
      <span class=\"sf-dump-meta sf-dump-ellipsization\" title=\"C:\\laragon\\www\\Ariya\\vendor\\laravel\\framework\\src\\Illuminate\\Database\\Query\\Builder.php:2902
Stack level 23.\"><span class=\"sf-dump-ellipsis sf-dump-ellipsis-path\">C:\\laragon\\www\\Ariya\\vendor</span><span class=\"sf-dump-ellipsis sf-dump-ellipsis-path\">\\laravel\\framework\\</span><span class=\"sf-dump-ellipsis-tail\">src\\Illuminate\\Database\\Query\\Builder.php:2902</span></span> { &#8230;4}
      <span class=\"sf-dump-meta sf-dump-ellipsization\" title=\"C:\\laragon\\www\\Ariya\\vendor\\laravel\\framework\\src\\Illuminate\\Database\\Query\\Builder.php:3456
Stack level 22.\"><span class=\"sf-dump-ellipsis sf-dump-ellipsis-path\">C:\\laragon\\www\\Ariya\\vendor</span><span class=\"sf-dump-ellipsis sf-dump-ellipsis-path\">\\laravel\\framework\\</span><span class=\"sf-dump-ellipsis-tail\">src\\Illuminate\\Database\\Query\\Builder.php:3456</span></span> { &#8230;4}
      <span class=\"sf-dump-meta sf-dump-ellipsization\" title=\"C:\\laragon\\www\\Ariya\\vendor\\laravel\\framework\\src\\Illuminate\\Database\\Query\\Builder.php:2901
Stack level 21.\"><span class=\"sf-dump-ellipsis sf-dump-ellipsis-path\">C:\\laragon\\www\\Ariya\\vendor</span><span class=\"sf-dump-ellipsis sf-dump-ellipsis-path\">\\laravel\\framework\\</span><span class=\"sf-dump-ellipsis-tail\">src\\Illuminate\\Database\\Query\\Builder.php:2901</span></span> { &#8230;5}
      <span class=\"sf-dump-meta sf-dump-ellipsization\" title=\"C:\\laragon\\www\\Ariya\\vendor\\laravel\\framework\\src\\Illuminate\\Database\\Eloquent\\Builder.php:739
Stack level 20.\"><span class=\"sf-dump-ellipsis sf-dump-ellipsis-path\">C:\\laragon\\www\\Ariya\\vendor</span><span class=\"sf-dump-ellipsis sf-dump-ellipsis-path\">\\laravel\\framework\\</span><span class=\"sf-dump-ellipsis-tail\">src\\Illuminate\\Database\\Eloquent\\Builder.php:739</span></span> { &#8230;5}
      <span class=\"sf-dump-meta sf-dump-ellipsization\" title=\"C:\\laragon\\www\\Ariya\\vendor\\laravel\\framework\\src\\Illuminate\\Database\\Eloquent\\Builder.php:723
Stack level 19.\"><span class=\"sf-dump-ellipsis sf-dump-ellipsis-path\">C:\\laragon\\www\\Ariya\\vendor</span><span class=\"sf-dump-ellipsis sf-dump-ellipsis-path\">\\laravel\\framework\\</span><span class=\"sf-dump-ellipsis-tail\">src\\Illuminate\\Database\\Eloquent\\Builder.php:723</span></span> { &#8230;5}
      <span class=\"sf-dump-meta sf-dump-ellipsization\" title=\"C:\\laragon\\www\\Ariya\\app\\Providers\\AuthServiceProvider.php:40
Stack level 18.\"><span class=\"sf-dump-ellipsis sf-dump-ellipsis-path\">C:\\laragon\\www\\Ariya</span><span class=\"sf-dump-ellipsis sf-dump-ellipsis-path\">\\</span><span class=\"sf-dump-ellipsis-tail\">app\\Providers\\AuthServiceProvider.php:40</span></span> { &#8230;4}
      <span class=\"sf-dump-meta sf-dump-ellipsization\" title=\"C:\\laragon\\www\\Ariya\\app\\Providers\\AuthServiceProvider.php:30
Stack level 17.\"><span class=\"sf-dump-ellipsis sf-dump-ellipsis-path\">C:\\laragon\\www\\Ariya</span><span class=\"sf-dump-ellipsis sf-dump-ellipsis-path\">\\</span><span class=\"sf-dump-ellipsis-tail\">app\\Providers\\AuthServiceProvider.php:30</span></span> { &#8230;4}
      <span class=\"sf-dump-meta sf-dump-ellipsization\" title=\"C:\\laragon\\www\\Ariya\\vendor\\laravel\\framework\\src\\Illuminate\\Container\\BoundMethod.php:36
Stack level 16.\"><span class=\"sf-dump-ellipsis sf-dump-ellipsis-path\">C:\\laragon\\www\\Ariya\\vendor</span><span class=\"sf-dump-ellipsis sf-dump-ellipsis-path\">\\laravel\\framework\\</span><span class=\"sf-dump-ellipsis-tail\">src\\Illuminate\\Container\\BoundMethod.php:36</span></span> { &#8230;4}
      <span class=\"sf-dump-meta sf-dump-ellipsization\" title=\"C:\\laragon\\www\\Ariya\\vendor\\laravel\\framework\\src\\Illuminate\\Container\\Util.php:41
Stack level 15.\"><span class=\"sf-dump-ellipsis sf-dump-ellipsis-path\">C:\\laragon\\www\\Ariya\\vendor</span><span class=\"sf-dump-ellipsis sf-dump-ellipsis-path\">\\laravel\\framework\\</span><span class=\"sf-dump-ellipsis-tail\">src\\Illuminate\\Container\\Util.php:41</span></span> { &#8230;4}
      <span class=\"sf-dump-meta sf-dump-ellipsization\" title=\"C:\\laragon\\www\\Ariya\\vendor\\laravel\\framework\\src\\Illuminate\\Container\\BoundMethod.php:93
Stack level 14.\"><span class=\"sf-dump-ellipsis sf-dump-ellipsis-path\">C:\\laragon\\www\\Ariya\\vendor</span><span class=\"sf-dump-ellipsis sf-dump-ellipsis-path\">\\laravel\\framework\\</span><span class=\"sf-dump-ellipsis-tail\">src\\Illuminate\\Container\\BoundMethod.php:93</span></span> { &#8230;5}
      <span class=\"sf-dump-meta sf-dump-ellipsization\" title=\"C:\\laragon\\www\\Ariya\\vendor\\laravel\\framework\\src\\Illuminate\\Container\\BoundMethod.php:35
Stack level 13.\"><span class=\"sf-dump-ellipsis sf-dump-ellipsis-path\">C:\\laragon\\www\\Ariya\\vendor</span><span class=\"sf-dump-ellipsis sf-dump-ellipsis-path\">\\laravel\\framework\\</span><span class=\"sf-dump-ellipsis-tail\">src\\Illuminate\\Container\\BoundMethod.php:35</span></span> { &#8230;5}
      <span class=\"sf-dump-meta sf-dump-ellipsization\" title=\"C:\\laragon\\www\\Ariya\\vendor\\laravel\\framework\\src\\Illuminate\\Container\\Container.php:662
Stack level 12.\"><span class=\"sf-dump-ellipsis sf-dump-ellipsis-path\">C:\\laragon\\www\\Ariya\\vendor</span><span class=\"sf-dump-ellipsis sf-dump-ellipsis-path\">\\laravel\\framework\\</span><span class=\"sf-dump-ellipsis-tail\">src\\Illuminate\\Container\\Container.php:662</span></span> { &#8230;5}
      <span class=\"sf-dump-meta sf-dump-ellipsization\" title=\"C:\\laragon\\www\\Ariya\\vendor\\laravel\\framework\\src\\Illuminate\\Foundation\\Application.php:1059
Stack level 11.\"><span class=\"sf-dump-ellipsis sf-dump-ellipsis-path\">C:\\laragon\\www\\Ariya\\vendor</span><span class=\"sf-dump-ellipsis sf-dump-ellipsis-path\">\\laravel\\framework\\</span><span class=\"sf-dump-ellipsis-tail\">src\\Illuminate\\Foundation\\Application.php:1059</span></span> { &#8230;5}
      <span class=\"sf-dump-meta sf-dump-ellipsization\" title=\"C:\\laragon\\www\\Ariya\\vendor\\laravel\\framework\\src\\Illuminate\\Foundation\\Application.php:1040
Stack level 10.\"><span class=\"sf-dump-ellipsis sf-dump-ellipsis-path\">C:\\laragon\\www\\Ariya\\vendor</span><span class=\"sf-dump-ellipsis sf-dump-ellipsis-path\">\\laravel\\framework\\</span><span class=\"sf-dump-ellipsis-tail\">src\\Illuminate\\Foundation\\Application.php:1040</span></span> { &#8230;5}
      <span class=\"sf-dump-meta sf-dump-ellipsization\" title=\"Illuminate\\Foundation\\Application-&gt;Illuminate\\Foundation\\{closure}()
Stack level 9.\"><span class=\"sf-dump-ellipsis sf-dump-ellipsis-class\">Illuminate\\Foundation\\Application-&gt;Illuminate\\Foundation</span><span class=\"sf-dump-ellipsis sf-dump-ellipsis-class\">\\</span><span class=\"sf-dump-ellipsis-tail\">{closure}()</span></span> {}
      <span class=\"sf-dump-meta sf-dump-ellipsization\" title=\"C:\\laragon\\www\\Ariya\\vendor\\laravel\\framework\\src\\Illuminate\\Foundation\\Application.php:1039
Stack level 8.\"><span class=\"sf-dump-ellipsis sf-dump-ellipsis-path\">C:\\laragon\\www\\Ariya\\vendor</span><span class=\"sf-dump-ellipsis sf-dump-ellipsis-path\">\\laravel\\framework\\</span><span class=\"sf-dump-ellipsis-tail\">src\\Illuminate\\Foundation\\Application.php:1039</span></span> { &#8230;5}
      <span class=\"sf-dump-meta sf-dump-ellipsization\" title=\"C:\\laragon\\www\\Ariya\\vendor\\laravel\\framework\\src\\Illuminate\\Foundation\\Bootstrap\\BootProviders.php:17
Stack level 7.\"><span class=\"sf-dump-ellipsis sf-dump-ellipsis-path\">C:\\laragon\\www\\Ariya\\vendor</span><span class=\"sf-dump-ellipsis sf-dump-ellipsis-path\">\\laravel\\framework\\</span><span class=\"sf-dump-ellipsis-tail\">src\\Illuminate\\Foundation\\Bootstrap\\BootProviders.php:17</span></span> { &#8230;4}
      <span class=\"sf-dump-meta sf-dump-ellipsization\" title=\"C:\\laragon\\www\\Ariya\\vendor\\laravel\\framework\\src\\Illuminate\\Foundation\\Application.php:286
Stack level 6.\"><span class=\"sf-dump-ellipsis sf-dump-ellipsis-path\">C:\\laragon\\www\\Ariya\\vendor</span><span class=\"sf-dump-ellipsis sf-dump-ellipsis-path\">\\laravel\\framework\\</span><span class=\"sf-dump-ellipsis-tail\">src\\Illuminate\\Foundation\\Application.php:286</span></span> { &#8230;5}
      <span class=\"sf-dump-meta sf-dump-ellipsization\" title=\"C:\\laragon\\www\\Ariya\\vendor\\laravel\\framework\\src\\Illuminate\\Foundation\\Http\\Kernel.php:186
Stack level 5.\"><span class=\"sf-dump-ellipsis sf-dump-ellipsis-path\">C:\\laragon\\www\\Ariya\\vendor</span><span class=\"sf-dump-ellipsis sf-dump-ellipsis-path\">\\laravel\\framework\\</span><span class=\"sf-dump-ellipsis-tail\">src\\Illuminate\\Foundation\\Http\\Kernel.php:186</span></span> { &#8230;5}
      <span class=\"sf-dump-meta sf-dump-ellipsization\" title=\"C:\\laragon\\www\\Ariya\\vendor\\laravel\\framework\\src\\Illuminate\\Foundation\\Http\\Kernel.php:170
Stack level 4.\"><span class=\"sf-dump-ellipsis sf-dump-ellipsis-path\">C:\\laragon\\www\\Ariya\\vendor</span><span class=\"sf-dump-ellipsis sf-dump-ellipsis-path\">\\laravel\\framework\\</span><span class=\"sf-dump-ellipsis-tail\">src\\Illuminate\\Foundation\\Http\\Kernel.php:170</span></span> { &#8230;4}
      <span class=\"sf-dump-meta sf-dump-ellipsization\" title=\"C:\\laragon\\www\\Ariya\\vendor\\laravel\\framework\\src\\Illuminate\\Foundation\\Http\\Kernel.php:144
Stack level 3.\"><span class=\"sf-dump-ellipsis sf-dump-ellipsis-path\">C:\\laragon\\www\\Ariya\\vendor</span><span class=\"sf-dump-ellipsis sf-dump-ellipsis-path\">\\laravel\\framework\\</span><span class=\"sf-dump-ellipsis-tail\">src\\Illuminate\\Foundation\\Http\\Kernel.php:144</span></span> { &#8230;5}
      <span class=\"sf-dump-meta sf-dump-ellipsization\" title=\"C:\\laragon\\www\\Ariya\\public\\index.php:52
Stack level 2.\"><span class=\"sf-dump-ellipsis sf-dump-ellipsis-path\">C:\\laragon\\www\\Ariya</span><span class=\"sf-dump-ellipsis sf-dump-ellipsis-path\">\\</span><span class=\"sf-dump-ellipsis-tail\">public\\index.php:52</span></span> { &#8230;5}
      <span class=\"sf-dump-meta sf-dump-ellipsization\" title=\"C:\\laragon\\www\\Ariya\\server.php:21
Stack level 1.\"><span class=\"sf-dump-ellipsis sf-dump-ellipsis-path\">C:\\laragon\\www\\Ariya</span><span class=\"sf-dump-ellipsis sf-dump-ellipsis-path\">\\</span><span class=\"sf-dump-ellipsis-tail\">server.php:21</span></span> { &#8230;4}
    </samp>}
  </samp>}
  -<span class=sf-dump-private title=\"Private property defined in class:&#10;`Symfony\\Component\\HttpKernel\\Exception\\HttpException`\">statusCode</span>: <span class=sf-dump-num>500</span>
  -<span class=sf-dump-private title=\"Private property defined in class:&#10;`Symfony\\Component\\HttpKernel\\Exception\\HttpException`\">headers</span>: []
  <span class=sf-dump-meta>trace</span>: {<samp data-depth=2 class=sf-dump-compact>
    <span class=\"sf-dump-meta sf-dump-ellipsization\" title=\"C:\\laragon\\www\\Ariya\\vendor\\laravel\\framework\\src\\Illuminate\\Foundation\\Exceptions\\Handler.php:646
Stack level 8.\"><span class=\"sf-dump-ellipsis sf-dump-ellipsis-path\">C:\\laragon\\www\\Ariya\\vendor</span><span class=\"sf-dump-ellipsis sf-dump-ellipsis-path\">\\laravel\\framework\\</span><span class=\"sf-dump-ellipsis-tail\">src\\Illuminate\\Foundation\\Exceptions\\Handler.php:646</span></span> {<samp data-depth=3 class=sf-dump-compact>
      <span class=\"sf-dump-note sf-dump-ellipsization\" title=\"Illuminate\\Foundation\\Exceptions\\Handler-&gt;prepareResponse($request, Throwable $e)
\"><span class=\"sf-dump-ellipsis sf-dump-ellipsis-note\">Illuminate\\Foundation\\Exceptions</span><span class=\"sf-dump-ellipsis sf-dump-ellipsis-note\">\\</span><span class=\"sf-dump-ellipsis-tail\">Handler-&gt;prepareResponse($request, Throwable $e)</span></span> &#8230;
      &#8250; <code class=\"php\"><span class=sf-dump-default>if (! $this-&gt;isHttpException($e)) {</span></code>
      &#8250; <code class=\"php\"><span class=sf-dump-const title=\"in Illuminate\\Foundation\\Exceptions\\Handler-&gt;prepareResponse($request, Throwable $e)\">    $e = new HttpException(500, $e-&gt;getMessage(), $e);</span></code>
      &#8250; <code class=\"php\"><span class=sf-dump-default>}</span></code>
    </samp>}
    <span class=\"sf-dump-meta sf-dump-ellipsization\" title=\"C:\\laragon\\www\\Ariya\\vendor\\laravel\\framework\\src\\Illuminate\\Foundation\\Exceptions\\Handler.php:556
Stack level 7.\"><span class=\"sf-dump-ellipsis sf-dump-ellipsis-path\">C:\\laragon\\www\\Ariya\\vendor</span><span class=\"sf-dump-ellipsis sf-dump-ellipsis-path\">\\laravel\\framework\\</span><span class=\"sf-dump-ellipsis-tail\">src\\Illuminate\\Foundation\\Exceptions\\Handler.php:556</span></span> {<samp data-depth=3 class=sf-dump-compact>
      <span class=\"sf-dump-note sf-dump-ellipsization\" title=\"Illuminate\\Foundation\\Exceptions\\Handler-&gt;renderExceptionResponse($request, Throwable $e)
\"><span class=\"sf-dump-ellipsis sf-dump-ellipsis-note\">Illuminate\\Foundation\\Exceptions</span><span class=\"sf-dump-ellipsis sf-dump-ellipsis-note\">\\</span><span class=\"sf-dump-ellipsis-tail\">Handler-&gt;renderExceptionResponse($request, Throwable $e)</span></span> &#8230;
      &#8250; <code class=\"php\"><span class=sf-dump-default>                ? $this-&gt;prepareJsonResponse($request, $e)</span></code>
      &#8250; <code class=\"php\"><span class=sf-dump-const title=\"in Illuminate\\Foundation\\Exceptions\\Handler-&gt;renderExceptionResponse($request, Throwable $e)\">                : $this-&gt;prepareResponse($request, $e);</span></code>
      &#8250; <code class=\"php\"><span class=sf-dump-default>}</span></code>
      <span class=sf-dump-meta>arguments</span>: { &#8230;2}
    </samp>}
    <span class=\"sf-dump-meta sf-dump-ellipsization\" title=\"C:\\laragon\\www\\Ariya\\vendor\\laravel\\framework\\src\\Illuminate\\Foundation\\Exceptions\\Handler.php:473
Stack level 6.\"><span class=\"sf-dump-ellipsis sf-dump-ellipsis-path\">C:\\laragon\\www\\Ariya\\vendor</span><span class=\"sf-dump-ellipsis sf-dump-ellipsis-path\">\\laravel\\framework\\</span><span class=\"sf-dump-ellipsis-tail\">src\\Illuminate\\Foundation\\Exceptions\\Handler.php:473</span></span> {<samp data-depth=3 class=sf-dump-compact>
      <span class=\"sf-dump-note sf-dump-ellipsization\" title=\"Illuminate\\Foundation\\Exceptions\\Handler-&gt;render($request, Throwable $e)
\"><span class=\"sf-dump-ellipsis sf-dump-ellipsis-note\">Illuminate\\Foundation\\Exceptions</span><span class=\"sf-dump-ellipsis sf-dump-ellipsis-note\">\\</span><span class=\"sf-dump-ellipsis-tail\">Handler-&gt;render($request, Throwable $e)</span></span> &#8230;
      &#8250; <code class=\"php\"><span class=sf-dump-default>    $e instanceof ValidationException =&gt; $this-&gt;convertValidationExceptionToResponse($e, $request),</span></code>
      &#8250; <code class=\"php\"><span class=sf-dump-const title=\"in Illuminate\\Foundation\\Exceptions\\Handler-&gt;render($request, Throwable $e)\">    default =&gt; $this-&gt;renderExceptionResponse($request, $e),</span></code>
      &#8250; <code class=\"php\"><span class=sf-dump-default>};</span></code>
      <span class=sf-dump-meta>arguments</span>: { &#8230;2}
    </samp>}
    <span class=\"sf-dump-meta sf-dump-ellipsization\" title=\"C:\\laragon\\www\\Ariya\\app\\Exceptions\\Handler.php:134
Stack level 5.\"><span class=\"sf-dump-ellipsis sf-dump-ellipsis-path\">C:\\laragon\\www\\Ariya</span><span class=\"sf-dump-ellipsis sf-dump-ellipsis-path\">\\</span><span class=\"sf-dump-ellipsis-tail\">app\\Exceptions\\Handler.php:134</span></span> {<samp data-depth=3 class=sf-dump-compact>
      <span class=\"sf-dump-note sf-dump-ellipsization\" title=\"App\\Exceptions\\Handler-&gt;render($request, Throwable $exception)
\"><span class=\"sf-dump-ellipsis sf-dump-ellipsis-note\">App\\Exceptions</span><span class=\"sf-dump-ellipsis sf-dump-ellipsis-note\">\\</span><span class=\"sf-dump-ellipsis-tail\">Handler-&gt;render($request, Throwable $exception)</span></span> &#8230;
      &#8250; 
      &#8250; <code class=\"php\"><span class=sf-dump-const title=\"in App\\Exceptions\\Handler-&gt;render($request, Throwable $exception)\">    return parent::render($request, $exception);</span></code>
      &#8250; <code class=\"php\"><span class=sf-dump-default>}</span></code>
      <span class=sf-dump-meta>arguments</span>: { &#8230;2}
    </samp>}
    <span class=\"sf-dump-meta sf-dump-ellipsization\" title=\"C:\\laragon\\www\\Ariya\\vendor\\laravel\\framework\\src\\Illuminate\\Foundation\\Http\\Kernel.php:509
Stack level 4.\"><span class=\"sf-dump-ellipsis sf-dump-ellipsis-path\">C:\\laragon\\www\\Ariya\\vendor</span><span class=\"sf-dump-ellipsis sf-dump-ellipsis-path\">\\laravel\\framework\\</span><span class=\"sf-dump-ellipsis-tail\">src\\Illuminate\\Foundation\\Http\\Kernel.php:509</span></span> {<samp data-depth=3 class=sf-dump-compact>
      <span class=\"sf-dump-note sf-dump-ellipsization\" title=\"Illuminate\\Foundation\\Http\\Kernel-&gt;renderException($request, Throwable $e)
\"><span class=\"sf-dump-ellipsis sf-dump-ellipsis-note\">Illuminate\\Foundation\\Http</span><span class=\"sf-dump-ellipsis sf-dump-ellipsis-note\">\\</span><span class=\"sf-dump-ellipsis-tail\">Kernel-&gt;renderException($request, Throwable $e)</span></span> &#8230;
      &#8250; <code class=\"php\"><span class=sf-dump-default>{</span></code>
      &#8250; <code class=\"php\"><span class=sf-dump-const title=\"in Illuminate\\Foundation\\Http\\Kernel-&gt;renderException($request, Throwable $e)\">    return $this-&gt;app[ExceptionHandler::class]-&gt;render($request, $e);</span></code>
      &#8250; <code class=\"php\"><span class=sf-dump-default>}</span></code>
      <span class=sf-dump-meta>arguments</span>: { &#8230;2}
    </samp>}
    <span class=\"sf-dump-meta sf-dump-ellipsization\" title=\"C:\\laragon\\www\\Ariya\\vendor\\laravel\\framework\\src\\Illuminate\\Foundation\\Http\\Kernel.php:148
Stack level 3.\"><span class=\"sf-dump-ellipsis sf-dump-ellipsis-path\">C:\\laragon\\www\\Ariya\\vendor</span><span class=\"sf-dump-ellipsis sf-dump-ellipsis-path\">\\laravel\\framework\\</span><span class=\"sf-dump-ellipsis-tail\">src\\Illuminate\\Foundation\\Http\\Kernel.php:148</span></span> {<samp data-depth=3 class=sf-dump-compact>
      <span class=\"sf-dump-note sf-dump-ellipsization\" title=\"Illuminate\\Foundation\\Http\\Kernel-&gt;handle($request)
\"><span class=\"sf-dump-ellipsis sf-dump-ellipsis-note\">Illuminate\\Foundation\\Http</span><span class=\"sf-dump-ellipsis sf-dump-ellipsis-note\">\\</span><span class=\"sf-dump-ellipsis-tail\">Kernel-&gt;handle($request)</span></span> &#8230;
      &#8250; 
      &#8250; <code class=\"php\"><span class=sf-dump-const title=\"in Illuminate\\Foundation\\Http\\Kernel-&gt;handle($request)\">    $response = $this-&gt;renderException($request, $e);</span></code>
      &#8250; <code class=\"php\"><span class=sf-dump-default>}</span></code>
      <span class=sf-dump-meta>arguments</span>: { &#8230;2}
    </samp>}
    <span class=\"sf-dump-meta sf-dump-ellipsization\" title=\"C:\\laragon\\www\\Ariya\\public\\index.php:52
Stack level 2.\"><span class=\"sf-dump-ellipsis sf-dump-ellipsis-path\">C:\\laragon\\www\\Ariya</span><span class=\"sf-dump-ellipsis sf-dump-ellipsis-path\">\\</span><span class=\"sf-dump-ellipsis-tail\">public\\index.php:52</span></span> {<samp data-depth=3 class=sf-dump-compact>
      <span class=sf-dump-note>require_once</span> &#8230;
      &#8250; 
      &#8250; <code class=\"php\"><span class=sf-dump-const title=\"in require_once\">$response = tap($kernel-&gt;handle(</span></code>
      &#8250; <code class=\"php\"><span class=sf-dump-default>    $request = Request::capture()</span></code>
      <span class=sf-dump-meta>arguments</span>: { &#8230;1}
    </samp>}
    <span class=\"sf-dump-meta sf-dump-ellipsization\" title=\"C:\\laragon\\www\\Ariya\\server.php:21
Stack level 1.\"><span class=\"sf-dump-ellipsis sf-dump-ellipsis-path\">C:\\laragon\\www\\Ariya</span><span class=\"sf-dump-ellipsis sf-dump-ellipsis-path\">\\</span><span class=\"sf-dump-ellipsis-tail\">server.php:21</span></span> {<samp data-depth=3 class=sf-dump-compact>
      &#8250; 
      &#8250; <code class=\"php\"><span class=sf-dump-const>require_once __DIR__.&#039;/public/index.php&#039;;</span></code>
      &#8250; 
      <span class=sf-dump-meta>arguments</span>: { &#8230;1}
    </samp>}
  </samp>}
</samp>}
</pre><script>Sfdump(\"sf-dump-1271141376\", {\"maxDepth\":3,\"maxStringLength\":160})</script>
","current_local":"<pre class=sf-dump id=sf-dump-1656836549 data-indent-pad=\"  \"><span class=sf-dump-note>array:3</span> [<samp data-depth=1 class=sf-dump-expanded>
  \"<span class=sf-dump-key>name</span>\" => \"<span class=sf-dump-str title=\"5 characters\">&#1601;&#1575;&#1585;&#1587;&#1740;</span>\"
  \"<span class=sf-dump-key>direction</span>\" => \"<span class=sf-dump-str title=\"3 characters\">rtl</span>\"
  \"<span class=sf-dump-key>english_name</span>\" => \"<span class=sf-dump-str title=\"7 characters\">Persian</span>\"
</samp>]
</pre><script>Sfdump(\"sf-dump-1656836549\", {\"maxDepth\":3,\"maxStringLength\":160})</script>
","title":"<pre class=sf-dump id=sf-dump-2105702353 data-indent-pad=\"  \">\"<span class=sf-dump-str title=\"9 characters\">&#1582;&#1591;&#1575;&#1740; &#1587;&#1585;&#1608;&#1585;</span>\"
</pre><script>Sfdump(\"sf-dump-2105702353\", {\"maxDepth\":3,\"maxStringLength\":160})</script>
"}},"exception":"[object] (Spatie\\LaravelIgnition\\Exceptions\\ViewException(code: 0): Route [csrf] not defined. at C:\\laragon\\www\\Ariya\\vendor\\laravel\\framework\\src\\Illuminate\\Routing\\UrlGenerator.php:477)
[stacktrace]
#0 C:\\laragon\\www\\Ariya\\bootstrap\\functions.php(11): Illuminate\\Routing\\UrlGenerator->route('csrf', Array, true)
#1 C:\\laragon\\www\\Ariya\\resources\\views\\back\\partials\\meta.blade.php(12): route('csrf')
#2 C:\\laragon\\www\\Ariya\\vendor\\laravel\\framework\\src\\Illuminate\\Filesystem\\Filesystem.php(123): require('C:\\\\laragon\\\\www\\\\...')
#3 C:\\laragon\\www\\Ariya\\vendor\\laravel\\framework\\src\\Illuminate\\Filesystem\\Filesystem.php(124): Illuminate\\Filesystem\\Filesystem::Illuminate\\Filesystem\\{closure}()
#4 C:\\laragon\\www\\Ariya\\vendor\\laravel\\framework\\src\\Illuminate\\View\\Engines\\PhpEngine.php(58): Illuminate\\Filesystem\\Filesystem->getRequire('C:\\\\laragon\\\\www\\\\...', Array)
#5 C:\\laragon\\www\\Ariya\\vendor\\laravel\\framework\\src\\Illuminate\\View\\Engines\\CompilerEngine.php(72): Illuminate\\View\\Engines\\PhpEngine->evaluatePath('C:\\\\laragon\\\\www\\\\...', Array)
#6 C:\\laragon\\www\\Ariya\\vendor\\laravel\\framework\\src\\Illuminate\\View\\View.php(207): Illuminate\\View\\Engines\\CompilerEngine->get('C:\\\\laragon\\\\www\\\\...', Array)
#7 C:\\laragon\\www\\Ariya\\vendor\\laravel\\framework\\src\\Illuminate\\View\\View.php(190): Illuminate\\View\\View->getContents()
#8 C:\\laragon\\www\\Ariya\\vendor\\laravel\\framework\\src\\Illuminate\\View\\View.php(159): Illuminate\\View\\View->renderContents()
#9 C:\\laragon\\www\\Ariya\\resources\\views\\errors\\layouts\\master.blade.php(6): Illuminate\\View\\View->render()
#10 C:\\laragon\\www\\Ariya\\vendor\\laravel\\framework\\src\\Illuminate\\Filesystem\\Filesystem.php(123): require('C:\\\\laragon\\\\www\\\\...')
#11 C:\\laragon\\www\\Ariya\\vendor\\laravel\\framework\\src\\Illuminate\\Filesystem\\Filesystem.php(124): Illuminate\\Filesystem\\Filesystem::Illuminate\\Filesystem\\{closure}()
#12 C:\\laragon\\www\\Ariya\\vendor\\laravel\\framework\\src\\Illuminate\\View\\Engines\\PhpEngine.php(58): Illuminate\\Filesystem\\Filesystem->getRequire('C:\\\\laragon\\\\www\\\\...', Array)
#13 C:\\laragon\\www\\Ariya\\vendor\\laravel\\framework\\src\\Illuminate\\View\\Engines\\CompilerEngine.php(72): Illuminate\\View\\Engines\\PhpEngine->evaluatePath('C:\\\\laragon\\\\www\\\\...', Array)
#14 C:\\laragon\\www\\Ariya\\vendor\\laravel\\framework\\src\\Illuminate\\View\\View.php(207): Illuminate\\View\\Engines\\CompilerEngine->get('C:\\\\laragon\\\\www\\\\...', Array)
#15 C:\\laragon\\www\\Ariya\\vendor\\laravel\\framework\\src\\Illuminate\\View\\View.php(190): Illuminate\\View\\View->getContents()
#16 C:\\laragon\\www\\Ariya\\vendor\\laravel\\framework\\src\\Illuminate\\View\\View.php(159): Illuminate\\View\\View->renderContents()
#17 C:\\laragon\\www\\Ariya\\resources\\views\\errors\\500.blade.php(34): Illuminate\\View\\View->render()
#18 C:\\laragon\\www\\Ariya\\vendor\\laravel\\framework\\src\\Illuminate\\Filesystem\\Filesystem.php(123): require('C:\\\\laragon\\\\www\\\\...')
#19 C:\\laragon\\www\\Ariya\\vendor\\laravel\\framework\\src\\Illuminate\\Filesystem\\Filesystem.php(124): Illuminate\\Filesystem\\Filesystem::Illuminate\\Filesystem\\{closure}()
#20 C:\\laragon\\www\\Ariya\\vendor\\laravel\\framework\\src\\Illuminate\\View\\Engines\\PhpEngine.php(58): Illuminate\\Filesystem\\Filesystem->getRequire('C:\\\\laragon\\\\www\\\\...', Array)
#21 C:\\laragon\\www\\Ariya\\vendor\\laravel\\framework\\src\\Illuminate\\View\\Engines\\CompilerEngine.php(72): Illuminate\\View\\Engines\\PhpEngine->evaluatePath('C:\\\\laragon\\\\www\\\\...', Array)
#22 C:\\laragon\\www\\Ariya\\vendor\\laravel\\framework\\src\\Illuminate\\View\\View.php(207): Illuminate\\View\\Engines\\CompilerEngine->get('C:\\\\laragon\\\\www\\\\...', Array)
#23 C:\\laragon\\www\\Ariya\\vendor\\laravel\\framework\\src\\Illuminate\\View\\View.php(190): Illuminate\\View\\View->getContents()
#24 C:\\laragon\\www\\Ariya\\vendor\\laravel\\framework\\src\\Illuminate\\View\\View.php(159): Illuminate\\View\\View->renderContents()
#25 C:\\laragon\\www\\Ariya\\vendor\\laravel\\framework\\src\\Illuminate\\Http\\Response.php(69): Illuminate\\View\\View->render()
#26 C:\\laragon\\www\\Ariya\\vendor\\laravel\\framework\\src\\Illuminate\\Http\\Response.php(35): Illuminate\\Http\\Response->setContent(Object(Illuminate\\View\\View))
#27 C:\\laragon\\www\\Ariya\\vendor\\laravel\\framework\\src\\Illuminate\\Routing\\ResponseFactory.php(58): Illuminate\\Http\\Response->__construct(Object(Illuminate\\View\\View), 500, Array)
#28 C:\\laragon\\www\\Ariya\\vendor\\laravel\\framework\\src\\Illuminate\\Routing\\ResponseFactory.php(88): Illuminate\\Routing\\ResponseFactory->make(Object(Illuminate\\View\\View), 500, Array)
#29 C:\\laragon\\www\\Ariya\\vendor\\laravel\\framework\\src\\Illuminate\\Foundation\\Exceptions\\Handler.php(723): Illuminate\\Routing\\ResponseFactory->view('errors::500', Array, 500, Array)
#30 C:\\laragon\\www\\Ariya\\vendor\\laravel\\framework\\src\\Illuminate\\Foundation\\Exceptions\\Handler.php(650): Illuminate\\Foundation\\Exceptions\\Handler->renderHttpException(Object(Symfony\\Component\\HttpKernel\\Exception\\HttpException))
#31 C:\\laragon\\www\\Ariya\\vendor\\laravel\\framework\\src\\Illuminate\\Foundation\\Exceptions\\Handler.php(556): Illuminate\\Foundation\\Exceptions\\Handler->prepareResponse(Object(Illuminate\\Http\\Request), Object(Symfony\\Component\\HttpKernel\\Exception\\HttpException))
#32 C:\\laragon\\www\\Ariya\\vendor\\laravel\\framework\\src\\Illuminate\\Foundation\\Exceptions\\Handler.php(473): Illuminate\\Foundation\\Exceptions\\Handler->renderExceptionResponse(Object(Illuminate\\Http\\Request), Object(Illuminate\\Database\\QueryException))
#33 C:\\laragon\\www\\Ariya\\app\\Exceptions\\Handler.php(134): Illuminate\\Foundation\\Exceptions\\Handler->render(Object(Illuminate\\Http\\Request), Object(Illuminate\\Database\\QueryException))
#34 C:\\laragon\\www\\Ariya\\vendor\\laravel\\framework\\src\\Illuminate\\Foundation\\Http\\Kernel.php(509): App\\Exceptions\\Handler->render(Object(Illuminate\\Http\\Request), Object(Illuminate\\Database\\QueryException))
#35 C:\\laragon\\www\\Ariya\\vendor\\laravel\\framework\\src\\Illuminate\\Foundation\\Http\\Kernel.php(148): Illuminate\\Foundation\\Http\\Kernel->renderException(Object(Illuminate\\Http\\Request), Object(Illuminate\\Database\\QueryException))
#36 C:\\laragon\\www\\Ariya\\public\\index.php(52): Illuminate\\Foundation\\Http\\Kernel->handle(Object(Illuminate\\Http\\Request))
#37 C:\\laragon\\www\\Ariya\\server.php(21): require_once('C:\\\\laragon\\\\www\\\\...')
#38 {main}

[previous exception] [object] (Symfony\\Component\\Routing\\Exception\\RouteNotFoundException(code: 0): Route [csrf] not defined. at C:\\laragon\\www\\Ariya\\vendor\\laravel\\framework\\src\\Illuminate\\Routing\\UrlGenerator.php:477)
[stacktrace]
#0 C:\\laragon\\www\\Ariya\\bootstrap\\functions.php(11): Illuminate\\Routing\\UrlGenerator->route('csrf', Array, true)
#1 C:\\laragon\\www\\Ariya\\storage\\framework\\views\\3683a01fb62844612de8751ba5eacd50.php(11): route('csrf')
#2 C:\\laragon\\www\\Ariya\\vendor\\laravel\\framework\\src\\Illuminate\\Filesystem\\Filesystem.php(123): require('C:\\\\laragon\\\\www\\\\...')
#3 C:\\laragon\\www\\Ariya\\vendor\\laravel\\framework\\src\\Illuminate\\Filesystem\\Filesystem.php(124): Illuminate\\Filesystem\\Filesystem::Illuminate\\Filesystem\\{closure}()
#4 C:\\laragon\\www\\Ariya\\vendor\\laravel\\framework\\src\\Illuminate\\View\\Engines\\PhpEngine.php(58): Illuminate\\Filesystem\\Filesystem->getRequire('C:\\\\laragon\\\\www\\\\...', Array)
#5 C:\\laragon\\www\\Ariya\\vendor\\laravel\\framework\\src\\Illuminate\\View\\Engines\\CompilerEngine.php(72): Illuminate\\View\\Engines\\PhpEngine->evaluatePath('C:\\\\laragon\\\\www\\\\...', Array)
#6 C:\\laragon\\www\\Ariya\\vendor\\laravel\\framework\\src\\Illuminate\\View\\View.php(207): Illuminate\\View\\Engines\\CompilerEngine->get('C:\\\\laragon\\\\www\\\\...', Array)
#7 C:\\laragon\\www\\Ariya\\vendor\\laravel\\framework\\src\\Illuminate\\View\\View.php(190): Illuminate\\View\\View->getContents()
#8 C:\\laragon\\www\\Ariya\\vendor\\laravel\\framework\\src\\Illuminate\\View\\View.php(159): Illuminate\\View\\View->renderContents()
#9 C:\\laragon\\www\\Ariya\\storage\\framework\\views\\bfd22887af09b1d66f48628b7d28766b.php(6): Illuminate\\View\\View->render()
#10 C:\\laragon\\www\\Ariya\\vendor\\laravel\\framework\\src\\Illuminate\\Filesystem\\Filesystem.php(123): require('C:\\\\laragon\\\\www\\\\...')
#11 C:\\laragon\\www\\Ariya\\vendor\\laravel\\framework\\src\\Illuminate\\Filesystem\\Filesystem.php(124): Illuminate\\Filesystem\\Filesystem::Illuminate\\Filesystem\\{closure}()
#12 C:\\laragon\\www\\Ariya\\vendor\\laravel\\framework\\src\\Illuminate\\View\\Engines\\PhpEngine.php(58): Illuminate\\Filesystem\\Filesystem->getRequire('C:\\\\laragon\\\\www\\\\...', Array)
#13 C:\\laragon\\www\\Ariya\\vendor\\laravel\\framework\\src\\Illuminate\\View\\Engines\\CompilerEngine.php(72): Illuminate\\View\\Engines\\PhpEngine->evaluatePath('C:\\\\laragon\\\\www\\\\...', Array)
#14 C:\\laragon\\www\\Ariya\\vendor\\laravel\\framework\\src\\Illuminate\\View\\View.php(207): Illuminate\\View\\Engines\\CompilerEngine->get('C:\\\\laragon\\\\www\\\\...', Array)
#15 C:\\laragon\\www\\Ariya\\vendor\\laravel\\framework\\src\\Illuminate\\View\\View.php(190): Illuminate\\View\\View->getContents()
#16 C:\\laragon\\www\\Ariya\\vendor\\laravel\\framework\\src\\Illuminate\\View\\View.php(159): Illuminate\\View\\View->renderContents()
#17 C:\\laragon\\www\\Ariya\\storage\\framework\\views\\c8cd80051eac302a1c06a5c3634bfece.php(34): Illuminate\\View\\View->render()
#18 C:\\laragon\\www\\Ariya\\vendor\\laravel\\framework\\src\\Illuminate\\Filesystem\\Filesystem.php(123): require('C:\\\\laragon\\\\www\\\\...')
#19 C:\\laragon\\www\\Ariya\\vendor\\laravel\\framework\\src\\Illuminate\\Filesystem\\Filesystem.php(124): Illuminate\\Filesystem\\Filesystem::Illuminate\\Filesystem\\{closure}()
#20 C:\\laragon\\www\\Ariya\\vendor\\laravel\\framework\\src\\Illuminate\\View\\Engines\\PhpEngine.php(58): Illuminate\\Filesystem\\Filesystem->getRequire('C:\\\\laragon\\\\www\\\\...', Array)
#21 C:\\laragon\\www\\Ariya\\vendor\\laravel\\framework\\src\\Illuminate\\View\\Engines\\CompilerEngine.php(72): Illuminate\\View\\Engines\\PhpEngine->evaluatePath('C:\\\\laragon\\\\www\\\\...', Array)
#22 C:\\laragon\\www\\Ariya\\vendor\\laravel\\framework\\src\\Illuminate\\View\\View.php(207): Illuminate\\View\\Engines\\CompilerEngine->get('C:\\\\laragon\\\\www\\\\...', Array)
#23 C:\\laragon\\www\\Ariya\\vendor\\laravel\\framework\\src\\Illuminate\\View\\View.php(190): Illuminate\\View\\View->getContents()
#24 C:\\laragon\\www\\Ariya\\vendor\\laravel\\framework\\src\\Illuminate\\View\\View.php(159): Illuminate\\View\\View->renderContents()
#25 C:\\laragon\\www\\Ariya\\vendor\\laravel\\framework\\src\\Illuminate\\Http\\Response.php(69): Illuminate\\View\\View->render()
#26 C:\\laragon\\www\\Ariya\\vendor\\laravel\\framework\\src\\Illuminate\\Http\\Response.php(35): Illuminate\\Http\\Response->setContent(Object(Illuminate\\View\\View))
#27 C:\\laragon\\www\\Ariya\\vendor\\laravel\\framework\\src\\Illuminate\\Routing\\ResponseFactory.php(58): Illuminate\\Http\\Response->__construct(Object(Illuminate\\View\\View), 500, Array)
#28 C:\\laragon\\www\\Ariya\\vendor\\laravel\\framework\\src\\Illuminate\\Routing\\ResponseFactory.php(88): Illuminate\\Routing\\ResponseFactory->make(Object(Illuminate\\View\\View), 500, Array)
#29 C:\\laragon\\www\\Ariya\\vendor\\laravel\\framework\\src\\Illuminate\\Foundation\\Exceptions\\Handler.php(723): Illuminate\\Routing\\ResponseFactory->view('errors::500', Array, 500, Array)
#30 C:\\laragon\\www\\Ariya\\vendor\\laravel\\framework\\src\\Illuminate\\Foundation\\Exceptions\\Handler.php(650): Illuminate\\Foundation\\Exceptions\\Handler->renderHttpException(Object(Symfony\\Component\\HttpKernel\\Exception\\HttpException))
#31 C:\\laragon\\www\\Ariya\\vendor\\laravel\\framework\\src\\Illuminate\\Foundation\\Exceptions\\Handler.php(556): Illuminate\\Foundation\\Exceptions\\Handler->prepareResponse(Object(Illuminate\\Http\\Request), Object(Symfony\\Component\\HttpKernel\\Exception\\HttpException))
#32 C:\\laragon\\www\\Ariya\\vendor\\laravel\\framework\\src\\Illuminate\\Foundation\\Exceptions\\Handler.php(473): Illuminate\\Foundation\\Exceptions\\Handler->renderExceptionResponse(Object(Illuminate\\Http\\Request), Object(Illuminate\\Database\\QueryException))
#33 C:\\laragon\\www\\Ariya\\app\\Exceptions\\Handler.php(134): Illuminate\\Foundation\\Exceptions\\Handler->render(Object(Illuminate\\Http\\Request), Object(Illuminate\\Database\\QueryException))
#34 C:\\laragon\\www\\Ariya\\vendor\\laravel\\framework\\src\\Illuminate\\Foundation\\Http\\Kernel.php(509): App\\Exceptions\\Handler->render(Object(Illuminate\\Http\\Request), Object(Illuminate\\Database\\QueryException))
#35 C:\\laragon\\www\\Ariya\\vendor\\laravel\\framework\\src\\Illuminate\\Foundation\\Http\\Kernel.php(148): Illuminate\\Foundation\\Http\\Kernel->renderException(Object(Illuminate\\Http\\Request), Object(Illuminate\\Database\\QueryException))
#36 C:\\laragon\\www\\Ariya\\public\\index.php(52): Illuminate\\Foundation\\Http\\Kernel->handle(Object(Illuminate\\Http\\Request))
#37 C:\\laragon\\www\\Ariya\\server.php(21): require_once('C:\\\\laragon\\\\www\\\\...')
#38 {main}
"} 
[2026-07-04 15:28:32] local.ERROR: SQLSTATE[HY000] [1049] Unknown database 'ariya' (Connection: mysql, SQL: select * from `permissions` where `active` = 1) {"exception":"[object] (Illuminate\\Database\\QueryException(code: 1049): SQLSTATE[HY000] [1049] Unknown database 'ariya' (Connection: mysql, SQL: select * from `permissions` where `active` = 1) at C:\\laragon\\www\\Ariya\\vendor\\laravel\\framework\\src\\Illuminate\\Database\\Connection.php:829)
[stacktrace]
#0 C:\\laragon\\www\\Ariya\\vendor\\laravel\\framework\\src\\Illuminate\\Database\\Connection.php(783): Illuminate\\Database\\Connection->runQueryCallback('select * from `...', Array, Object(Closure))
#1 C:\\laragon\\www\\Ariya\\vendor\\laravel\\framework\\src\\Illuminate\\Database\\Connection.php(414): Illuminate\\Database\\Connection->run('select * from `...', Array, Object(Closure))
#2 C:\\laragon\\www\\Ariya\\vendor\\laravel\\framework\\src\\Illuminate\\Database\\Query\\Builder.php(2913): Illuminate\\Database\\Connection->select('select * from `...', Array, true)
#3 C:\\laragon\\www\\Ariya\\vendor\\laravel\\framework\\src\\Illuminate\\Database\\Query\\Builder.php(2902): Illuminate\\Database\\Query\\Builder->runSelect()
#4 C:\\laragon\\www\\Ariya\\vendor\\laravel\\framework\\src\\Illuminate\\Database\\Query\\Builder.php(3456): Illuminate\\Database\\Query\\Builder->Illuminate\\Database\\Query\\{closure}()
#5 C:\\laragon\\www\\Ariya\\vendor\\laravel\\framework\\src\\Illuminate\\Database\\Query\\Builder.php(2901): Illuminate\\Database\\Query\\Builder->onceWithColumns(Array, Object(Closure))
#6 C:\\laragon\\www\\Ariya\\vendor\\laravel\\framework\\src\\Illuminate\\Database\\Eloquent\\Builder.php(739): Illuminate\\Database\\Query\\Builder->get(Array)
#7 C:\\laragon\\www\\Ariya\\vendor\\laravel\\framework\\src\\Illuminate\\Database\\Eloquent\\Builder.php(723): Illuminate\\Database\\Eloquent\\Builder->getModels(Array)
#8 C:\\laragon\\www\\Ariya\\app\\Providers\\AuthServiceProvider.php(40): Illuminate\\Database\\Eloquent\\Builder->get()
#9 C:\\laragon\\www\\Ariya\\app\\Providers\\AuthServiceProvider.php(30): App\\Providers\\AuthServiceProvider->getPermissions()
#10 C:\\laragon\\www\\Ariya\\vendor\\laravel\\framework\\src\\Illuminate\\Container\\BoundMethod.php(36): App\\Providers\\AuthServiceProvider->boot()
#11 C:\\laragon\\www\\Ariya\\vendor\\laravel\\framework\\src\\Illuminate\\Container\\Util.php(41): Illuminate\\Container\\BoundMethod::Illuminate\\Container\\{closure}()
#12 C:\\laragon\\www\\Ariya\\vendor\\laravel\\framework\\src\\Illuminate\\Container\\BoundMethod.php(93): Illuminate\\Container\\Util::unwrapIfClosure(Object(Closure))
#13 C:\\laragon\\www\\Ariya\\vendor\\laravel\\framework\\src\\Illuminate\\Container\\BoundMethod.php(35): Illuminate\\Container\\BoundMethod::callBoundMethod(Object(Illuminate\\Foundation\\Application), Array, Object(Closure))
#14 C:\\laragon\\www\\Ariya\\vendor\\laravel\\framework\\src\\Illuminate\\Container\\Container.php(662): Illuminate\\Container\\BoundMethod::call(Object(Illuminate\\Foundation\\Application), Array, Array, NULL)
#15 C:\\laragon\\www\\Ariya\\vendor\\laravel\\framework\\src\\Illuminate\\Foundation\\Application.php(1059): Illuminate\\Container\\Container->call(Array)
#16 C:\\laragon\\www\\Ariya\\vendor\\laravel\\framework\\src\\Illuminate\\Foundation\\Application.php(1040): Illuminate\\Foundation\\Application->bootProvider(Object(App\\Providers\\AuthServiceProvider))
#17 [internal function]: Illuminate\\Foundation\\Application->Illuminate\\Foundation\\{closure}(Object(App\\Providers\\AuthServiceProvider), 43)
#18 C:\\laragon\\www\\Ariya\\vendor\\laravel\\framework\\src\\Illuminate\\Foundation\\Application.php(1039): array_walk(Array, Object(Closure))
#19 C:\\laragon\\www\\Ariya\\vendor\\laravel\\framework\\src\\Illuminate\\Foundation\\Bootstrap\\BootProviders.php(17): Illuminate\\Foundation\\Application->boot()
#20 C:\\laragon\\www\\Ariya\\vendor\\laravel\\framework\\src\\Illuminate\\Foundation\\Application.php(286): Illuminate\\Foundation\\Bootstrap\\BootProviders->bootstrap(Object(Illuminate\\Foundation\\Application))
#21 C:\\laragon\\www\\Ariya\\vendor\\laravel\\framework\\src\\Illuminate\\Foundation\\Http\\Kernel.php(186): Illuminate\\Foundation\\Application->bootstrapWith(Array)
#22 C:\\laragon\\www\\Ariya\\vendor\\laravel\\framework\\src\\Illuminate\\Foundation\\Http\\Kernel.php(170): Illuminate\\Foundation\\Http\\Kernel->bootstrap()
#23 C:\\laragon\\www\\Ariya\\vendor\\laravel\\framework\\src\\Illuminate\\Foundation\\Http\\Kernel.php(144): Illuminate\\Foundation\\Http\\Kernel->sendRequestThroughRouter(Object(Illuminate\\Http\\Request))
#24 C:\\laragon\\www\\Ariya\\public\\index.php(52): Illuminate\\Foundation\\Http\\Kernel->handle(Object(Illuminate\\Http\\Request))
#25 C:\\laragon\\www\\Ariya\\server.php(21): require_once('C:\\\\laragon\\\\www\\\\...')
#26 {main}

[previous exception] [object] (PDOException(code: 1049): SQLSTATE[HY000] [1049] Unknown database 'ariya' at C:\\laragon\\www\\Ariya\\vendor\\laravel\\framework\\src\\Illuminate\\Database\\Connectors\\Connector.php:65)
[stacktrace]
#0 C:\\laragon\\www\\Ariya\\vendor\\laravel\\framework\\src\\Illuminate\\Database\\Connectors\\Connector.php(65): PDO->__construct('mysql:host=127....', 'root', Object(SensitiveParameterValue), Array)
#1 C:\\laragon\\www\\Ariya\\vendor\\laravel\\framework\\src\\Illuminate\\Database\\Connectors\\Connector.php(44): Illuminate\\Database\\Connectors\\Connector->createPdoConnection('mysql:host=127....', 'root', '', Array)
#2 C:\\laragon\\www\\Ariya\\vendor\\laravel\\framework\\src\\Illuminate\\Database\\Connectors\\MySqlConnector.php(24): Illuminate\\Database\\Connectors\\Connector->createConnection('mysql:host=127....', Array, Array)
#3 C:\\laragon\\www\\Ariya\\vendor\\laravel\\framework\\src\\Illuminate\\Database\\Connectors\\ConnectionFactory.php(184): Illuminate\\Database\\Connectors\\MySqlConnector->connect(Array)
#4 [internal function]: Illuminate\\Database\\Connectors\\ConnectionFactory->Illuminate\\Database\\Connectors\\{closure}()
#5 C:\\laragon\\www\\Ariya\\vendor\\laravel\\framework\\src\\Illuminate\\Database\\Connection.php(1339): call_user_func(Object(Closure))
#6 C:\\laragon\\www\\Ariya\\vendor\\laravel\\framework\\src\\Illuminate\\Database\\Connection.php(1375): Illuminate\\Database\\Connection->getPdo()
#7 C:\\laragon\\www\\Ariya\\vendor\\laravel\\framework\\src\\Illuminate\\Database\\Connection.php(528): Illuminate\\Database\\Connection->getReadPdo()
#8 C:\\laragon\\www\\Ariya\\vendor\\laravel\\framework\\src\\Illuminate\\Database\\Connection.php(423): Illuminate\\Database\\Connection->getPdoForSelect(true)
#9 C:\\laragon\\www\\Ariya\\vendor\\laravel\\framework\\src\\Illuminate\\Database\\Connection.php(816): Illuminate\\Database\\Connection->Illuminate\\Database\\{closure}('select * from `...', Array)
#10 C:\\laragon\\www\\Ariya\\vendor\\laravel\\framework\\src\\Illuminate\\Database\\Connection.php(783): Illuminate\\Database\\Connection->runQueryCallback('select * from `...', Array, Object(Closure))
#11 C:\\laragon\\www\\Ariya\\vendor\\laravel\\framework\\src\\Illuminate\\Database\\Connection.php(414): Illuminate\\Database\\Connection->run('select * from `...', Array, Object(Closure))
#12 C:\\laragon\\www\\Ariya\\vendor\\laravel\\framework\\src\\Illuminate\\Database\\Query\\Builder.php(2913): Illuminate\\Database\\Connection->select('select * from `...', Array, true)
#13 C:\\laragon\\www\\Ariya\\vendor\\laravel\\framework\\src\\Illuminate\\Database\\Query\\Builder.php(2902): Illuminate\\Database\\Query\\Builder->runSelect()
#14 C:\\laragon\\www\\Ariya\\vendor\\laravel\\framework\\src\\Illuminate\\Database\\Query\\Builder.php(3456): Illuminate\\Database\\Query\\Builder->Illuminate\\Database\\Query\\{closure}()
#15 C:\\laragon\\www\\Ariya\\vendor\\laravel\\framework\\src\\Illuminate\\Database\\Query\\Builder.php(2901): Illuminate\\Database\\Query\\Builder->onceWithColumns(Array, Object(Closure))
#16 C:\\laragon\\www\\Ariya\\vendor\\laravel\\framework\\src\\Illuminate\\Database\\Eloquent\\Builder.php(739): Illuminate\\Database\\Query\\Builder->get(Array)
#17 C:\\laragon\\www\\Ariya\\vendor\\laravel\\framework\\src\\Illuminate\\Database\\Eloquent\\Builder.php(723): Illuminate\\Database\\Eloquent\\Builder->getModels(Array)
#18 C:\\laragon\\www\\Ariya\\app\\Providers\\AuthServiceProvider.php(40): Illuminate\\Database\\Eloquent\\Builder->get()
#19 C:\\laragon\\www\\Ariya\\app\\Providers\\AuthServiceProvider.php(30): App\\Providers\\AuthServiceProvider->getPermissions()
#20 C:\\laragon\\www\\Ariya\\vendor\\laravel\\framework\\src\\Illuminate\\Container\\BoundMethod.php(36): App\\Providers\\AuthServiceProvider->boot()
#21 C:\\laragon\\www\\Ariya\\vendor\\laravel\\framework\\src\\Illuminate\\Container\\Util.php(41): Illuminate\\Container\\BoundMethod::Illuminate\\Container\\{closure}()
#22 C:\\laragon\\www\\Ariya\\vendor\\laravel\\framework\\src\\Illuminate\\Container\\BoundMethod.php(93): Illuminate\\Container\\Util::unwrapIfClosure(Object(Closure))
#23 C:\\laragon\\www\\Ariya\\vendor\\laravel\\framework\\src\\Illuminate\\Container\\BoundMethod.php(35): Illuminate\\Container\\BoundMethod::callBoundMethod(Object(Illuminate\\Foundation\\Application), Array, Object(Closure))
#24 C:\\laragon\\www\\Ariya\\vendor\\laravel\\framework\\src\\Illuminate\\Container\\Container.php(662): Illuminate\\Container\\BoundMethod::call(Object(Illuminate\\Foundation\\Application), Array, Array, NULL)
#25 C:\\laragon\\www\\Ariya\\vendor\\laravel\\framework\\src\\Illuminate\\Foundation\\Application.php(1059): Illuminate\\Container\\Container->call(Array)
#26 C:\\laragon\\www\\Ariya\\vendor\\laravel\\framework\\src\\Illuminate\\Foundation\\Application.php(1040): Illuminate\\Foundation\\Application->bootProvider(Object(App\\Providers\\AuthServiceProvider))
#27 [internal function]: Illuminate\\Foundation\\Application->Illuminate\\Foundation\\{closure}(Object(App\\Providers\\AuthServiceProvider), 43)
#28 C:\\laragon\\www\\Ariya\\vendor\\laravel\\framework\\src\\Illuminate\\Foundation\\Application.php(1039): array_walk(Array, Object(Closure))
#29 C:\\laragon\\www\\Ariya\\vendor\\laravel\\framework\\src\\Illuminate\\Foundation\\Bootstrap\\BootProviders.php(17): Illuminate\\Foundation\\Application->boot()
#30 C:\\laragon\\www\\Ariya\\vendor\\laravel\\framework\\src\\Illuminate\\Foundation\\Application.php(286): Illuminate\\Foundation\\Bootstrap\\BootProviders->bootstrap(Object(Illuminate\\Foundation\\Application))
#31 C:\\laragon\\www\\Ariya\\vendor\\laravel\\framework\\src\\Illuminate\\Foundation\\Http\\Kernel.php(186): Illuminate\\Foundation\\Application->bootstrapWith(Array)
#32 C:\\laragon\\www\\Ariya\\vendor\\laravel\\framework\\src\\Illuminate\\Foundation\\Http\\Kernel.php(170): Illuminate\\Foundation\\Http\\Kernel->bootstrap()
#33 C:\\laragon\\www\\Ariya\\vendor\\laravel\\framework\\src\\Illuminate\\Foundation\\Http\\Kernel.php(144): Illuminate\\Foundation\\Http\\Kernel->sendRequestThroughRouter(Object(Illuminate\\Http\\Request))
#34 C:\\laragon\\www\\Ariya\\public\\index.php(52): Illuminate\\Foundation\\Http\\Kernel->handle(Object(Illuminate\\Http\\Request))
#35 C:\\laragon\\www\\Ariya\\server.php(21): require_once('C:\\\\laragon\\\\www\\\\...')
#36 {main}
"} 
[2026-07-04 15:28:33] local.ERROR: Route [csrf] not defined. {"view":{"view":"C:\\laragon\\www\\Ariya\\resources\\views\\back\\partials\\meta.blade.php","data":{"errors":"<pre class=sf-dump id=sf-dump-1360820531 data-indent-pad=\"  \"><span class=sf-dump-note>Illuminate\\Support\\ViewErrorBag</span> {<a class=sf-dump-ref>#1162</a><samp data-depth=1 class=sf-dump-expanded>
  #<span class=sf-dump-protected title=\"Protected property\">bags</span>: []
</samp>}
</pre><script>Sfdump(\"sf-dump-1360820531\", {\"maxDepth\":3,\"maxStringLength\":160})</script>
","exception":"<pre class=sf-dump id=sf-dump-1830474124 data-indent-pad=\"  \"><span class=sf-dump-note>Symfony\\Component\\HttpKernel\\Exception\\HttpException</span> {<a class=sf-dump-ref>#1170</a><samp data-depth=1 class=sf-dump-expanded>
  #<span class=sf-dump-protected title=\"Protected property\">message</span>: \"<span class=sf-dump-str title=\"120 characters\">SQLSTATE[HY000] [1049] Unknown database &#039;ariya&#039; (Connection: mysql, SQL: select * from `permissions` where `active` = 1)</span>\"
  #<span class=sf-dump-protected title=\"Protected property\">code</span>: <span class=sf-dump-num>0</span>
  #<span class=sf-dump-protected title=\"Protected property\">file</span>: \"<span class=\"sf-dump-str sf-dump-ellipsization\" title=\"C:\\laragon\\www\\Ariya\\vendor\\laravel\\framework\\src\\Illuminate\\Foundation\\Exceptions\\Handler.php
94 characters\"><span class=\"sf-dump-ellipsis sf-dump-ellipsis-path\">C:\\laragon\\www\\Ariya\\vendor</span><span class=\"sf-dump-ellipsis sf-dump-ellipsis-path\">\\laravel\\framework\\</span><span class=\"sf-dump-ellipsis-tail\">src\\Illuminate\\Foundation\\Exceptions\\Handler.php</span></span>\"
  #<span class=sf-dump-protected title=\"Protected property\">line</span>: <span class=sf-dump-num>646</span>
  -<span class=sf-dump-private title=\"Private property defined in class:&#10;`Exception`\">previous</span>: <span class=\"sf-dump-note sf-dump-ellipsization\" title=\"Illuminate\\Database\\QueryException
\"><span class=\"sf-dump-ellipsis sf-dump-ellipsis-note\">Illuminate\\Database</span><span class=\"sf-dump-ellipsis sf-dump-ellipsis-note\">\\</span><span class=\"sf-dump-ellipsis-tail\">QueryException</span></span> {<a class=sf-dump-ref href=#sf-dump-1830474124-ref21133 title=\"6 occurrences\">#1133</a><samp data-depth=2 id=sf-dump-1830474124-ref21133 class=sf-dump-compact>
    #<span class=sf-dump-protected title=\"Protected property\">message</span>: \"<span class=sf-dump-str title=\"120 characters\">SQLSTATE[HY000] [1049] Unknown database &#039;ariya&#039; (Connection: mysql, SQL: select * from `permissions` where `active` = 1)</span>\"
    #<span class=sf-dump-protected title=\"Protected property\">code</span>: <span class=sf-dump-num>1049</span>
    #<span class=sf-dump-protected title=\"Protected property\">file</span>: \"<span class=\"sf-dump-str sf-dump-ellipsization\" title=\"C:\\laragon\\www\\Ariya\\vendor\\laravel\\framework\\src\\Illuminate\\Database\\Connection.php
84 characters\"><span class=\"sf-dump-ellipsis sf-dump-ellipsis-path\">C:\\laragon\\www\\Ariya\\vendor</span><span class=\"sf-dump-ellipsis sf-dump-ellipsis-path\">\\laravel\\framework\\</span><span class=\"sf-dump-ellipsis-tail\">src\\Illuminate\\Database\\Connection.php</span></span>\"
    #<span class=sf-dump-protected title=\"Protected property\">line</span>: <span class=sf-dump-num>829</span>
    -<span class=sf-dump-private title=\"Private property defined in class:&#10;`Exception`\">previous</span>: <span class=sf-dump-note>PDOException</span> {<a class=sf-dump-ref>#1137</a><samp data-depth=3 class=sf-dump-compact>
      #<span class=sf-dump-protected title=\"Protected property\">message</span>: \"<span class=sf-dump-str title=\"47 characters\">SQLSTATE[HY000] [1049] Unknown database &#039;ariya&#039;</span>\"
      #<span class=sf-dump-protected title=\"Protected property\">code</span>: <span class=sf-dump-num>1049</span>
      #<span class=sf-dump-protected title=\"Protected property\">file</span>: \"<span class=\"sf-dump-str sf-dump-ellipsization\" title=\"C:\\laragon\\www\\Ariya\\vendor\\laravel\\framework\\src\\Illuminate\\Database\\Connectors\\Connector.php
94 characters\"><span class=\"sf-dump-ellipsis sf-dump-ellipsis-path\">C:\\laragon\\www\\Ariya\\vendor</span><span class=\"sf-dump-ellipsis sf-dump-ellipsis-path\">\\laravel\\framework\\</span><span class=\"sf-dump-ellipsis-tail\">src\\Illuminate\\Database\\Connectors\\Connector.php</span></span>\"
      #<span class=sf-dump-protected title=\"Protected property\">line</span>: <span class=sf-dump-num>65</span>
      +<span class=sf-dump-public title=\"Public property\">errorInfo</span>: <span class=sf-dump-note>array:3</span> [ &#8230;3]
      <span class=sf-dump-meta>trace</span>: { &#8230;36}
    </samp>}
    +<span class=sf-dump-public title=\"Public property\">errorInfo</span>: <span class=sf-dump-note>array:3</span> [<samp data-depth=3 class=sf-dump-compact>
      <span class=sf-dump-index>0</span> => \"<span class=sf-dump-str title=\"5 characters\">HY000</span>\"
      <span class=sf-dump-index>1</span> => <span class=sf-dump-num>1049</span>
      <span class=sf-dump-index>2</span> => \"<span class=sf-dump-str title=\"24 characters\">Unknown database &#039;ariya&#039;</span>\"
    </samp>]
    +<span class=sf-dump-public title=\"Public property\">connectionName</span>: \"<span class=sf-dump-str title=\"5 characters\">mysql</span>\"
    #<span class=sf-dump-protected title=\"Protected property\">sql</span>: \"<span class=sf-dump-str title=\"46 characters\">select * from `permissions` where `active` = ?</span>\"
    #<span class=sf-dump-protected title=\"Protected property\">bindings</span>: <span class=sf-dump-note>array:1</span> [<samp data-depth=3 class=sf-dump-compact>
      <span class=sf-dump-index>0</span> => <span class=sf-dump-num>1</span>
    </samp>]
    <span class=sf-dump-meta>trace</span>: {<samp data-depth=3 class=sf-dump-compact>
      <span class=\"sf-dump-meta sf-dump-ellipsization\" title=\"C:\\laragon\\www\\Ariya\\vendor\\laravel\\framework\\src\\Illuminate\\Database\\Connection.php:829
Stack level 27.\"><span class=\"sf-dump-ellipsis sf-dump-ellipsis-path\">C:\\laragon\\www\\Ariya\\vendor</span><span class=\"sf-dump-ellipsis sf-dump-ellipsis-path\">\\laravel\\framework\\</span><span class=\"sf-dump-ellipsis-tail\">src\\Illuminate\\Database\\Connection.php:829</span></span> { &#8230;4}
      <span class=\"sf-dump-meta sf-dump-ellipsization\" title=\"C:\\laragon\\www\\Ariya\\vendor\\laravel\\framework\\src\\Illuminate\\Database\\Connection.php:783
Stack level 26.\"><span class=\"sf-dump-ellipsis sf-dump-ellipsis-path\">C:\\laragon\\www\\Ariya\\vendor</span><span class=\"sf-dump-ellipsis sf-dump-ellipsis-path\">\\laravel\\framework\\</span><span class=\"sf-dump-ellipsis-tail\">src\\Illuminate\\Database\\Connection.php:783</span></span> { &#8230;5}
      <span class=\"sf-dump-meta sf-dump-ellipsization\" title=\"C:\\laragon\\www\\Ariya\\vendor\\laravel\\framework\\src\\Illuminate\\Database\\Connection.php:414
Stack level 25.\"><span class=\"sf-dump-ellipsis sf-dump-ellipsis-path\">C:\\laragon\\www\\Ariya\\vendor</span><span class=\"sf-dump-ellipsis sf-dump-ellipsis-path\">\\laravel\\framework\\</span><span class=\"sf-dump-ellipsis-tail\">src\\Illuminate\\Database\\Connection.php:414</span></span> { &#8230;5}
      <span class=\"sf-dump-meta sf-dump-ellipsization\" title=\"C:\\laragon\\www\\Ariya\\vendor\\laravel\\framework\\src\\Illuminate\\Database\\Query\\Builder.php:2913
Stack level 24.\"><span class=\"sf-dump-ellipsis sf-dump-ellipsis-path\">C:\\laragon\\www\\Ariya\\vendor</span><span class=\"sf-dump-ellipsis sf-dump-ellipsis-path\">\\laravel\\framework\\</span><span class=\"sf-dump-ellipsis-tail\">src\\Illuminate\\Database\\Query\\Builder.php:2913</span></span> { &#8230;5}
      <span class=\"sf-dump-meta sf-dump-ellipsization\" title=\"C:\\laragon\\www\\Ariya\\vendor\\laravel\\framework\\src\\Illuminate\\Database\\Query\\Builder.php:2902
Stack level 23.\"><span class=\"sf-dump-ellipsis sf-dump-ellipsis-path\">C:\\laragon\\www\\Ariya\\vendor</span><span class=\"sf-dump-ellipsis sf-dump-ellipsis-path\">\\laravel\\framework\\</span><span class=\"sf-dump-ellipsis-tail\">src\\Illuminate\\Database\\Query\\Builder.php:2902</span></span> { &#8230;4}
      <span class=\"sf-dump-meta sf-dump-ellipsization\" title=\"C:\\laragon\\www\\Ariya\\vendor\\laravel\\framework\\src\\Illuminate\\Database\\Query\\Builder.php:3456
Stack level 22.\"><span class=\"sf-dump-ellipsis sf-dump-ellipsis-path\">C:\\laragon\\www\\Ariya\\vendor</span><span class=\"sf-dump-ellipsis sf-dump-ellipsis-path\">\\laravel\\framework\\</span><span class=\"sf-dump-ellipsis-tail\">src\\Illuminate\\Database\\Query\\Builder.php:3456</span></span> { &#8230;4}
      <span class=\"sf-dump-meta sf-dump-ellipsization\" title=\"C:\\laragon\\www\\Ariya\\vendor\\laravel\\framework\\src\\Illuminate\\Database\\Query\\Builder.php:2901
Stack level 21.\"><span class=\"sf-dump-ellipsis sf-dump-ellipsis-path\">C:\\laragon\\www\\Ariya\\vendor</span><span class=\"sf-dump-ellipsis sf-dump-ellipsis-path\">\\laravel\\framework\\</span><span class=\"sf-dump-ellipsis-tail\">src\\Illuminate\\Database\\Query\\Builder.php:2901</span></span> { &#8230;5}
      <span class=\"sf-dump-meta sf-dump-ellipsization\" title=\"C:\\laragon\\www\\Ariya\\vendor\\laravel\\framework\\src\\Illuminate\\Database\\Eloquent\\Builder.php:739
Stack level 20.\"><span class=\"sf-dump-ellipsis sf-dump-ellipsis-path\">C:\\laragon\\www\\Ariya\\vendor</span><span class=\"sf-dump-ellipsis sf-dump-ellipsis-path\">\\laravel\\framework\\</span><span class=\"sf-dump-ellipsis-tail\">src\\Illuminate\\Database\\Eloquent\\Builder.php:739</span></span> { &#8230;5}
      <span class=\"sf-dump-meta sf-dump-ellipsization\" title=\"C:\\laragon\\www\\Ariya\\vendor\\laravel\\framework\\src\\Illuminate\\Database\\Eloquent\\Builder.php:723
Stack level 19.\"><span class=\"sf-dump-ellipsis sf-dump-ellipsis-path\">C:\\laragon\\www\\Ariya\\vendor</span><span class=\"sf-dump-ellipsis sf-dump-ellipsis-path\">\\laravel\\framework\\</span><span class=\"sf-dump-ellipsis-tail\">src\\Illuminate\\Database\\Eloquent\\Builder.php:723</span></span> { &#8230;5}
      <span class=\"sf-dump-meta sf-dump-ellipsization\" title=\"C:\\laragon\\www\\Ariya\\app\\Providers\\AuthServiceProvider.php:40
Stack level 18.\"><span class=\"sf-dump-ellipsis sf-dump-ellipsis-path\">C:\\laragon\\www\\Ariya</span><span class=\"sf-dump-ellipsis sf-dump-ellipsis-path\">\\</span><span class=\"sf-dump-ellipsis-tail\">app\\Providers\\AuthServiceProvider.php:40</span></span> { &#8230;4}
      <span class=\"sf-dump-meta sf-dump-ellipsization\" title=\"C:\\laragon\\www\\Ariya\\app\\Providers\\AuthServiceProvider.php:30
Stack level 17.\"><span class=\"sf-dump-ellipsis sf-dump-ellipsis-path\">C:\\laragon\\www\\Ariya</span><span class=\"sf-dump-ellipsis sf-dump-ellipsis-path\">\\</span><span class=\"sf-dump-ellipsis-tail\">app\\Providers\\AuthServiceProvider.php:30</span></span> { &#8230;4}
      <span class=\"sf-dump-meta sf-dump-ellipsization\" title=\"C:\\laragon\\www\\Ariya\\vendor\\laravel\\framework\\src\\Illuminate\\Container\\BoundMethod.php:36
Stack level 16.\"><span class=\"sf-dump-ellipsis sf-dump-ellipsis-path\">C:\\laragon\\www\\Ariya\\vendor</span><span class=\"sf-dump-ellipsis sf-dump-ellipsis-path\">\\laravel\\framework\\</span><span class=\"sf-dump-ellipsis-tail\">src\\Illuminate\\Container\\BoundMethod.php:36</span></span> { &#8230;4}
      <span class=\"sf-dump-meta sf-dump-ellipsization\" title=\"C:\\laragon\\www\\Ariya\\vendor\\laravel\\framework\\src\\Illuminate\\Container\\Util.php:41
Stack level 15.\"><span class=\"sf-dump-ellipsis sf-dump-ellipsis-path\">C:\\laragon\\www\\Ariya\\vendor</span><span class=\"sf-dump-ellipsis sf-dump-ellipsis-path\">\\laravel\\framework\\</span><span class=\"sf-dump-ellipsis-tail\">src\\Illuminate\\Container\\Util.php:41</span></span> { &#8230;4}
      <span class=\"sf-dump-meta sf-dump-ellipsization\" title=\"C:\\laragon\\www\\Ariya\\vendor\\laravel\\framework\\src\\Illuminate\\Container\\BoundMethod.php:93
Stack level 14.\"><span class=\"sf-dump-ellipsis sf-dump-ellipsis-path\">C:\\laragon\\www\\Ariya\\vendor</span><span class=\"sf-dump-ellipsis sf-dump-ellipsis-path\">\\laravel\\framework\\</span><span class=\"sf-dump-ellipsis-tail\">src\\Illuminate\\Container\\BoundMethod.php:93</span></span> { &#8230;5}
      <span class=\"sf-dump-meta sf-dump-ellipsization\" title=\"C:\\laragon\\www\\Ariya\\vendor\\laravel\\framework\\src\\Illuminate\\Container\\BoundMethod.php:35
Stack level 13.\"><span class=\"sf-dump-ellipsis sf-dump-ellipsis-path\">C:\\laragon\\www\\Ariya\\vendor</span><span class=\"sf-dump-ellipsis sf-dump-ellipsis-path\">\\laravel\\framework\\</span><span class=\"sf-dump-ellipsis-tail\">src\\Illuminate\\Container\\BoundMethod.php:35</span></span> { &#8230;5}
      <span class=\"sf-dump-meta sf-dump-ellipsization\" title=\"C:\\laragon\\www\\Ariya\\vendor\\laravel\\framework\\src\\Illuminate\\Container\\Container.php:662
Stack level 12.\"><span class=\"sf-dump-ellipsis sf-dump-ellipsis-path\">C:\\laragon\\www\\Ariya\\vendor</span><span class=\"sf-dump-ellipsis sf-dump-ellipsis-path\">\\laravel\\framework\\</span><span class=\"sf-dump-ellipsis-tail\">src\\Illuminate\\Container\\Container.php:662</span></span> { &#8230;5}
      <span class=\"sf-dump-meta sf-dump-ellipsization\" title=\"C:\\laragon\\www\\Ariya\\vendor\\laravel\\framework\\src\\Illuminate\\Foundation\\Application.php:1059
Stack level 11.\"><span class=\"sf-dump-ellipsis sf-dump-ellipsis-path\">C:\\laragon\\www\\Ariya\\vendor</span><span class=\"sf-dump-ellipsis sf-dump-ellipsis-path\">\\laravel\\framework\\</span><span class=\"sf-dump-ellipsis-tail\">src\\Illuminate\\Foundation\\Application.php:1059</span></span> { &#8230;5}
      <span class=\"sf-dump-meta sf-dump-ellipsization\" title=\"C:\\laragon\\www\\Ariya\\vendor\\laravel\\framework\\src\\Illuminate\\Foundation\\Application.php:1040
Stack level 10.\"><span class=\"sf-dump-ellipsis sf-dump-ellipsis-path\">C:\\laragon\\www\\Ariya\\vendor</span><span class=\"sf-dump-ellipsis sf-dump-ellipsis-path\">\\laravel\\framework\\</span><span class=\"sf-dump-ellipsis-tail\">src\\Illuminate\\Foundation\\Application.php:1040</span></span> { &#8230;5}
      <span class=\"sf-dump-meta sf-dump-ellipsization\" title=\"Illuminate\\Foundation\\Application-&gt;Illuminate\\Foundation\\{closure}()
Stack level 9.\"><span class=\"sf-dump-ellipsis sf-dump-ellipsis-class\">Illuminate\\Foundation\\Application-&gt;Illuminate\\Foundation</span><span class=\"sf-dump-ellipsis sf-dump-ellipsis-class\">\\</span><span class=\"sf-dump-ellipsis-tail\">{closure}()</span></span> {}
      <span class=\"sf-dump-meta sf-dump-ellipsization\" title=\"C:\\laragon\\www\\Ariya\\vendor\\laravel\\framework\\src\\Illuminate\\Foundation\\Application.php:1039
Stack level 8.\"><span class=\"sf-dump-ellipsis sf-dump-ellipsis-path\">C:\\laragon\\www\\Ariya\\vendor</span><span class=\"sf-dump-ellipsis sf-dump-ellipsis-path\">\\laravel\\framework\\</span><span class=\"sf-dump-ellipsis-tail\">src\\Illuminate\\Foundation\\Application.php:1039</span></span> { &#8230;5}
      <span class=\"sf-dump-meta sf-dump-ellipsization\" title=\"C:\\laragon\\www\\Ariya\\vendor\\laravel\\framework\\src\\Illuminate\\Foundation\\Bootstrap\\BootProviders.php:17
Stack level 7.\"><span class=\"sf-dump-ellipsis sf-dump-ellipsis-path\">C:\\laragon\\www\\Ariya\\vendor</span><span class=\"sf-dump-ellipsis sf-dump-ellipsis-path\">\\laravel\\framework\\</span><span class=\"sf-dump-ellipsis-tail\">src\\Illuminate\\Foundation\\Bootstrap\\BootProviders.php:17</span></span> { &#8230;4}
      <span class=\"sf-dump-meta sf-dump-ellipsization\" title=\"C:\\laragon\\www\\Ariya\\vendor\\laravel\\framework\\src\\Illuminate\\Foundation\\Application.php:286
Stack level 6.\"><span class=\"sf-dump-ellipsis sf-dump-ellipsis-path\">C:\\laragon\\www\\Ariya\\vendor</span><span class=\"sf-dump-ellipsis sf-dump-ellipsis-path\">\\laravel\\framework\\</span><span class=\"sf-dump-ellipsis-tail\">src\\Illuminate\\Foundation\\Application.php:286</span></span> { &#8230;5}
      <span class=\"sf-dump-meta sf-dump-ellipsization\" title=\"C:\\laragon\\www\\Ariya\\vendor\\laravel\\framework\\src\\Illuminate\\Foundation\\Http\\Kernel.php:186
Stack level 5.\"><span class=\"sf-dump-ellipsis sf-dump-ellipsis-path\">C:\\laragon\\www\\Ariya\\vendor</span><span class=\"sf-dump-ellipsis sf-dump-ellipsis-path\">\\laravel\\framework\\</span><span class=\"sf-dump-ellipsis-tail\">src\\Illuminate\\Foundation\\Http\\Kernel.php:186</span></span> { &#8230;5}
      <span class=\"sf-dump-meta sf-dump-ellipsization\" title=\"C:\\laragon\\www\\Ariya\\vendor\\laravel\\framework\\src\\Illuminate\\Foundation\\Http\\Kernel.php:170
Stack level 4.\"><span class=\"sf-dump-ellipsis sf-dump-ellipsis-path\">C:\\laragon\\www\\Ariya\\vendor</span><span class=\"sf-dump-ellipsis sf-dump-ellipsis-path\">\\laravel\\framework\\</span><span class=\"sf-dump-ellipsis-tail\">src\\Illuminate\\Foundation\\Http\\Kernel.php:170</span></span> { &#8230;4}
      <span class=\"sf-dump-meta sf-dump-ellipsization\" title=\"C:\\laragon\\www\\Ariya\\vendor\\laravel\\framework\\src\\Illuminate\\Foundation\\Http\\Kernel.php:144
Stack level 3.\"><span class=\"sf-dump-ellipsis sf-dump-ellipsis-path\">C:\\laragon\\www\\Ariya\\vendor</span><span class=\"sf-dump-ellipsis sf-dump-ellipsis-path\">\\laravel\\framework\\</span><span class=\"sf-dump-ellipsis-tail\">src\\Illuminate\\Foundation\\Http\\Kernel.php:144</span></span> { &#8230;5}
      <span class=\"sf-dump-meta sf-dump-ellipsization\" title=\"C:\\laragon\\www\\Ariya\\public\\index.php:52
Stack level 2.\"><span class=\"sf-dump-ellipsis sf-dump-ellipsis-path\">C:\\laragon\\www\\Ariya</span><span class=\"sf-dump-ellipsis sf-dump-ellipsis-path\">\\</span><span class=\"sf-dump-ellipsis-tail\">public\\index.php:52</span></span> { &#8230;5}
      <span class=\"sf-dump-meta sf-dump-ellipsization\" title=\"C:\\laragon\\www\\Ariya\\server.php:21
Stack level 1.\"><span class=\"sf-dump-ellipsis sf-dump-ellipsis-path\">C:\\laragon\\www\\Ariya</span><span class=\"sf-dump-ellipsis sf-dump-ellipsis-path\">\\</span><span class=\"sf-dump-ellipsis-tail\">server.php:21</span></span> { &#8230;4}
    </samp>}
  </samp>}
  -<span class=sf-dump-private title=\"Private property defined in class:&#10;`Symfony\\Component\\HttpKernel\\Exception\\HttpException`\">statusCode</span>: <span class=sf-dump-num>500</span>
  -<span class=sf-dump-private title=\"Private property defined in class:&#10;`Symfony\\Component\\HttpKernel\\Exception\\HttpException`\">headers</span>: []
  <span class=sf-dump-meta>trace</span>: {<samp data-depth=2 class=sf-dump-compact>
    <span class=\"sf-dump-meta sf-dump-ellipsization\" title=\"C:\\laragon\\www\\Ariya\\vendor\\laravel\\framework\\src\\Illuminate\\Foundation\\Exceptions\\Handler.php:646
Stack level 8.\"><span class=\"sf-dump-ellipsis sf-dump-ellipsis-path\">C:\\laragon\\www\\Ariya\\vendor</span><span class=\"sf-dump-ellipsis sf-dump-ellipsis-path\">\\laravel\\framework\\</span><span class=\"sf-dump-ellipsis-tail\">src\\Illuminate\\Foundation\\Exceptions\\Handler.php:646</span></span> {<samp data-depth=3 class=sf-dump-compact>
      <span class=\"sf-dump-note sf-dump-ellipsization\" title=\"Illuminate\\Foundation\\Exceptions\\Handler-&gt;prepareResponse($request, Throwable $e)
\"><span class=\"sf-dump-ellipsis sf-dump-ellipsis-note\">Illuminate\\Foundation\\Exceptions</span><span class=\"sf-dump-ellipsis sf-dump-ellipsis-note\">\\</span><span class=\"sf-dump-ellipsis-tail\">Handler-&gt;prepareResponse($request, Throwable $e)</span></span> &#8230;
      &#8250; <code class=\"php\"><span class=sf-dump-default>if (! $this-&gt;isHttpException($e)) {</span></code>
      &#8250; <code class=\"php\"><span class=sf-dump-const title=\"in Illuminate\\Foundation\\Exceptions\\Handler-&gt;prepareResponse($request, Throwable $e)\">    $e = new HttpException(500, $e-&gt;getMessage(), $e);</span></code>
      &#8250; <code class=\"php\"><span class=sf-dump-default>}</span></code>
    </samp>}
    <span class=\"sf-dump-meta sf-dump-ellipsization\" title=\"C:\\laragon\\www\\Ariya\\vendor\\laravel\\framework\\src\\Illuminate\\Foundation\\Exceptions\\Handler.php:556
Stack level 7.\"><span class=\"sf-dump-ellipsis sf-dump-ellipsis-path\">C:\\laragon\\www\\Ariya\\vendor</span><span class=\"sf-dump-ellipsis sf-dump-ellipsis-path\">\\laravel\\framework\\</span><span class=\"sf-dump-ellipsis-tail\">src\\Illuminate\\Foundation\\Exceptions\\Handler.php:556</span></span> {<samp data-depth=3 class=sf-dump-compact>
      <span class=\"sf-dump-note sf-dump-ellipsization\" title=\"Illuminate\\Foundation\\Exceptions\\Handler-&gt;renderExceptionResponse($request, Throwable $e)
\"><span class=\"sf-dump-ellipsis sf-dump-ellipsis-note\">Illuminate\\Foundation\\Exceptions</span><span class=\"sf-dump-ellipsis sf-dump-ellipsis-note\">\\</span><span class=\"sf-dump-ellipsis-tail\">Handler-&gt;renderExceptionResponse($request, Throwable $e)</span></span> &#8230;
      &#8250; <code class=\"php\"><span class=sf-dump-default>                ? $this-&gt;prepareJsonResponse($request, $e)</span></code>
      &#8250; <code class=\"php\"><span class=sf-dump-const title=\"in Illuminate\\Foundation\\Exceptions\\Handler-&gt;renderExceptionResponse($request, Throwable $e)\">                : $this-&gt;prepareResponse($request, $e);</span></code>
      &#8250; <code class=\"php\"><span class=sf-dump-default>}</span></code>
      <span class=sf-dump-meta>arguments</span>: { &#8230;2}
    </samp>}
    <span class=\"sf-dump-meta sf-dump-ellipsization\" title=\"C:\\laragon\\www\\Ariya\\vendor\\laravel\\framework\\src\\Illuminate\\Foundation\\Exceptions\\Handler.php:473
Stack level 6.\"><span class=\"sf-dump-ellipsis sf-dump-ellipsis-path\">C:\\laragon\\www\\Ariya\\vendor</span><span class=\"sf-dump-ellipsis sf-dump-ellipsis-path\">\\laravel\\framework\\</span><span class=\"sf-dump-ellipsis-tail\">src\\Illuminate\\Foundation\\Exceptions\\Handler.php:473</span></span> {<samp data-depth=3 class=sf-dump-compact>
      <span class=\"sf-dump-note sf-dump-ellipsization\" title=\"Illuminate\\Foundation\\Exceptions\\Handler-&gt;render($request, Throwable $e)
\"><span class=\"sf-dump-ellipsis sf-dump-ellipsis-note\">Illuminate\\Foundation\\Exceptions</span><span class=\"sf-dump-ellipsis sf-dump-ellipsis-note\">\\</span><span class=\"sf-dump-ellipsis-tail\">Handler-&gt;render($request, Throwable $e)</span></span> &#8230;
      &#8250; <code class=\"php\"><span class=sf-dump-default>    $e instanceof ValidationException =&gt; $this-&gt;convertValidationExceptionToResponse($e, $request),</span></code>
      &#8250; <code class=\"php\"><span class=sf-dump-const title=\"in Illuminate\\Foundation\\Exceptions\\Handler-&gt;render($request, Throwable $e)\">    default =&gt; $this-&gt;renderExceptionResponse($request, $e),</span></code>
      &#8250; <code class=\"php\"><span class=sf-dump-default>};</span></code>
      <span class=sf-dump-meta>arguments</span>: { &#8230;2}
    </samp>}
    <span class=\"sf-dump-meta sf-dump-ellipsization\" title=\"C:\\laragon\\www\\Ariya\\app\\Exceptions\\Handler.php:134
Stack level 5.\"><span class=\"sf-dump-ellipsis sf-dump-ellipsis-path\">C:\\laragon\\www\\Ariya</span><span class=\"sf-dump-ellipsis sf-dump-ellipsis-path\">\\</span><span class=\"sf-dump-ellipsis-tail\">app\\Exceptions\\Handler.php:134</span></span> {<samp data-depth=3 class=sf-dump-compact>
      <span class=\"sf-dump-note sf-dump-ellipsization\" title=\"App\\Exceptions\\Handler-&gt;render($request, Throwable $exception)
\"><span class=\"sf-dump-ellipsis sf-dump-ellipsis-note\">App\\Exceptions</span><span class=\"sf-dump-ellipsis sf-dump-ellipsis-note\">\\</span><span class=\"sf-dump-ellipsis-tail\">Handler-&gt;render($request, Throwable $exception)</span></span> &#8230;
      &#8250; 
      &#8250; <code class=\"php\"><span class=sf-dump-const title=\"in App\\Exceptions\\Handler-&gt;render($request, Throwable $exception)\">    return parent::render($request, $exception);</span></code>
      &#8250; <code class=\"php\"><span class=sf-dump-default>}</span></code>
      <span class=sf-dump-meta>arguments</span>: { &#8230;2}
    </samp>}
    <span class=\"sf-dump-meta sf-dump-ellipsization\" title=\"C:\\laragon\\www\\Ariya\\vendor\\laravel\\framework\\src\\Illuminate\\Foundation\\Http\\Kernel.php:509
Stack level 4.\"><span class=\"sf-dump-ellipsis sf-dump-ellipsis-path\">C:\\laragon\\www\\Ariya\\vendor</span><span class=\"sf-dump-ellipsis sf-dump-ellipsis-path\">\\laravel\\framework\\</span><span class=\"sf-dump-ellipsis-tail\">src\\Illuminate\\Foundation\\Http\\Kernel.php:509</span></span> {<samp data-depth=3 class=sf-dump-compact>
      <span class=\"sf-dump-note sf-dump-ellipsization\" title=\"Illuminate\\Foundation\\Http\\Kernel-&gt;renderException($request, Throwable $e)
\"><span class=\"sf-dump-ellipsis sf-dump-ellipsis-note\">Illuminate\\Foundation\\Http</span><span class=\"sf-dump-ellipsis sf-dump-ellipsis-note\">\\</span><span class=\"sf-dump-ellipsis-tail\">Kernel-&gt;renderException($request, Throwable $e)</span></span> &#8230;
      &#8250; <code class=\"php\"><span class=sf-dump-default>{</span></code>
      &#8250; <code class=\"php\"><span class=sf-dump-const title=\"in Illuminate\\Foundation\\Http\\Kernel-&gt;renderException($request, Throwable $e)\">    return $this-&gt;app[ExceptionHandler::class]-&gt;render($request, $e);</span></code>
      &#8250; <code class=\"php\"><span class=sf-dump-default>}</span></code>
      <span class=sf-dump-meta>arguments</span>: { &#8230;2}
    </samp>}
    <span class=\"sf-dump-meta sf-dump-ellipsization\" title=\"C:\\laragon\\www\\Ariya\\vendor\\laravel\\framework\\src\\Illuminate\\Foundation\\Http\\Kernel.php:148
Stack level 3.\"><span class=\"sf-dump-ellipsis sf-dump-ellipsis-path\">C:\\laragon\\www\\Ariya\\vendor</span><span class=\"sf-dump-ellipsis sf-dump-ellipsis-path\">\\laravel\\framework\\</span><span class=\"sf-dump-ellipsis-tail\">src\\Illuminate\\Foundation\\Http\\Kernel.php:148</span></span> {<samp data-depth=3 class=sf-dump-compact>
      <span class=\"sf-dump-note sf-dump-ellipsization\" title=\"Illuminate\\Foundation\\Http\\Kernel-&gt;handle($request)
\"><span class=\"sf-dump-ellipsis sf-dump-ellipsis-note\">Illuminate\\Foundation\\Http</span><span class=\"sf-dump-ellipsis sf-dump-ellipsis-note\">\\</span><span class=\"sf-dump-ellipsis-tail\">Kernel-&gt;handle($request)</span></span> &#8230;
      &#8250; 
      &#8250; <code class=\"php\"><span class=sf-dump-const title=\"in Illuminate\\Foundation\\Http\\Kernel-&gt;handle($request)\">    $response = $this-&gt;renderException($request, $e);</span></code>
      &#8250; <code class=\"php\"><span class=sf-dump-default>}</span></code>
      <span class=sf-dump-meta>arguments</span>: { &#8230;2}
    </samp>}
    <span class=\"sf-dump-meta sf-dump-ellipsization\" title=\"C:\\laragon\\www\\Ariya\\public\\index.php:52
Stack level 2.\"><span class=\"sf-dump-ellipsis sf-dump-ellipsis-path\">C:\\laragon\\www\\Ariya</span><span class=\"sf-dump-ellipsis sf-dump-ellipsis-path\">\\</span><span class=\"sf-dump-ellipsis-tail\">public\\index.php:52</span></span> {<samp data-depth=3 class=sf-dump-compact>
      <span class=sf-dump-note>require_once</span> &#8230;
      &#8250; 
      &#8250; <code class=\"php\"><span class=sf-dump-const title=\"in require_once\">$response = tap($kernel-&gt;handle(</span></code>
      &#8250; <code class=\"php\"><span class=sf-dump-default>    $request = Request::capture()</span></code>
      <span class=sf-dump-meta>arguments</span>: { &#8230;1}
    </samp>}
    <span class=\"sf-dump-meta sf-dump-ellipsization\" title=\"C:\\laragon\\www\\Ariya\\server.php:21
Stack level 1.\"><span class=\"sf-dump-ellipsis sf-dump-ellipsis-path\">C:\\laragon\\www\\Ariya</span><span class=\"sf-dump-ellipsis sf-dump-ellipsis-path\">\\</span><span class=\"sf-dump-ellipsis-tail\">server.php:21</span></span> {<samp data-depth=3 class=sf-dump-compact>
      &#8250; 
      &#8250; <code class=\"php\"><span class=sf-dump-const>require_once __DIR__.&#039;/public/index.php&#039;;</span></code>
      &#8250; 
      <span class=sf-dump-meta>arguments</span>: { &#8230;1}
    </samp>}
  </samp>}
</samp>}
</pre><script>Sfdump(\"sf-dump-1830474124\", {\"maxDepth\":3,\"maxStringLength\":160})</script>
","current_local":"<pre class=sf-dump id=sf-dump-6901363 data-indent-pad=\"  \"><span class=sf-dump-note>array:3</span> [<samp data-depth=1 class=sf-dump-expanded>
  \"<span class=sf-dump-key>name</span>\" => \"<span class=sf-dump-str title=\"5 characters\">&#1601;&#1575;&#1585;&#1587;&#1740;</span>\"
  \"<span class=sf-dump-key>direction</span>\" => \"<span class=sf-dump-str title=\"3 characters\">rtl</span>\"
  \"<span class=sf-dump-key>english_name</span>\" => \"<span class=sf-dump-str title=\"7 characters\">Persian</span>\"
</samp>]
</pre><script>Sfdump(\"sf-dump-6901363\", {\"maxDepth\":3,\"maxStringLength\":160})</script>
","title":"<pre class=sf-dump id=sf-dump-892718941 data-indent-pad=\"  \">\"<span class=sf-dump-str title=\"9 characters\">&#1582;&#1591;&#1575;&#1740; &#1587;&#1585;&#1608;&#1585;</span>\"
</pre><script>Sfdump(\"sf-dump-892718941\", {\"maxDepth\":3,\"maxStringLength\":160})</script>
"}},"exception":"[object] (Spatie\\LaravelIgnition\\Exceptions\\ViewException(code: 0): Route [csrf] not defined. at C:\\laragon\\www\\Ariya\\vendor\\laravel\\framework\\src\\Illuminate\\Routing\\UrlGenerator.php:477)
[stacktrace]
#0 C:\\laragon\\www\\Ariya\\bootstrap\\functions.php(11): Illuminate\\Routing\\UrlGenerator->route('csrf', Array, true)
#1 C:\\laragon\\www\\Ariya\\resources\\views\\back\\partials\\meta.blade.php(12): route('csrf')
#2 C:\\laragon\\www\\Ariya\\vendor\\laravel\\framework\\src\\Illuminate\\Filesystem\\Filesystem.php(123): require('C:\\\\laragon\\\\www\\\\...')
#3 C:\\laragon\\www\\Ariya\\vendor\\laravel\\framework\\src\\Illuminate\\Filesystem\\Filesystem.php(124): Illuminate\\Filesystem\\Filesystem::Illuminate\\Filesystem\\{closure}()
#4 C:\\laragon\\www\\Ariya\\vendor\\laravel\\framework\\src\\Illuminate\\View\\Engines\\PhpEngine.php(58): Illuminate\\Filesystem\\Filesystem->getRequire('C:\\\\laragon\\\\www\\\\...', Array)
#5 C:\\laragon\\www\\Ariya\\vendor\\laravel\\framework\\src\\Illuminate\\View\\Engines\\CompilerEngine.php(72): Illuminate\\View\\Engines\\PhpEngine->evaluatePath('C:\\\\laragon\\\\www\\\\...', Array)
#6 C:\\laragon\\www\\Ariya\\vendor\\laravel\\framework\\src\\Illuminate\\View\\View.php(207): Illuminate\\View\\Engines\\CompilerEngine->get('C:\\\\laragon\\\\www\\\\...', Array)
#7 C:\\laragon\\www\\Ariya\\vendor\\laravel\\framework\\src\\Illuminate\\View\\View.php(190): Illuminate\\View\\View->getContents()
#8 C:\\laragon\\www\\Ariya\\vendor\\laravel\\framework\\src\\Illuminate\\View\\View.php(159): Illuminate\\View\\View->renderContents()
#9 C:\\laragon\\www\\Ariya\\resources\\views\\errors\\layouts\\master.blade.php(6): Illuminate\\View\\View->render()
#10 C:\\laragon\\www\\Ariya\\vendor\\laravel\\framework\\src\\Illuminate\\Filesystem\\Filesystem.php(123): require('C:\\\\laragon\\\\www\\\\...')
#11 C:\\laragon\\www\\Ariya\\vendor\\laravel\\framework\\src\\Illuminate\\Filesystem\\Filesystem.php(124): Illuminate\\Filesystem\\Filesystem::Illuminate\\Filesystem\\{closure}()
#12 C:\\laragon\\www\\Ariya\\vendor\\laravel\\framework\\src\\Illuminate\\View\\Engines\\PhpEngine.php(58): Illuminate\\Filesystem\\Filesystem->getRequire('C:\\\\laragon\\\\www\\\\...', Array)
#13 C:\\laragon\\www\\Ariya\\vendor\\laravel\\framework\\src\\Illuminate\\View\\Engines\\CompilerEngine.php(72): Illuminate\\View\\Engines\\PhpEngine->evaluatePath('C:\\\\laragon\\\\www\\\\...', Array)
#14 C:\\laragon\\www\\Ariya\\vendor\\laravel\\framework\\src\\Illuminate\\View\\View.php(207): Illuminate\\View\\Engines\\CompilerEngine->get('C:\\\\laragon\\\\www\\\\...', Array)
#15 C:\\laragon\\www\\Ariya\\vendor\\laravel\\framework\\src\\Illuminate\\View\\View.php(190): Illuminate\\View\\View->getContents()
#16 C:\\laragon\\www\\Ariya\\vendor\\laravel\\framework\\src\\Illuminate\\View\\View.php(159): Illuminate\\View\\View->renderContents()
#17 C:\\laragon\\www\\Ariya\\resources\\views\\errors\\500.blade.php(34): Illuminate\\View\\View->render()
#18 C:\\laragon\\www\\Ariya\\vendor\\laravel\\framework\\src\\Illuminate\\Filesystem\\Filesystem.php(123): require('C:\\\\laragon\\\\www\\\\...')
#19 C:\\laragon\\www\\Ariya\\vendor\\laravel\\framework\\src\\Illuminate\\Filesystem\\Filesystem.php(124): Illuminate\\Filesystem\\Filesystem::Illuminate\\Filesystem\\{closure}()
#20 C:\\laragon\\www\\Ariya\\vendor\\laravel\\framework\\src\\Illuminate\\View\\Engines\\PhpEngine.php(58): Illuminate\\Filesystem\\Filesystem->getRequire('C:\\\\laragon\\\\www\\\\...', Array)
#21 C:\\laragon\\www\\Ariya\\vendor\\laravel\\framework\\src\\Illuminate\\View\\Engines\\CompilerEngine.php(72): Illuminate\\View\\Engines\\PhpEngine->evaluatePath('C:\\\\laragon\\\\www\\\\...', Array)
#22 C:\\laragon\\www\\Ariya\\vendor\\laravel\\framework\\src\\Illuminate\\View\\View.php(207): Illuminate\\View\\Engines\\CompilerEngine->get('C:\\\\laragon\\\\www\\\\...', Array)
#23 C:\\laragon\\www\\Ariya\\vendor\\laravel\\framework\\src\\Illuminate\\View\\View.php(190): Illuminate\\View\\View->getContents()
#24 C:\\laragon\\www\\Ariya\\vendor\\laravel\\framework\\src\\Illuminate\\View\\View.php(159): Illuminate\\View\\View->renderContents()
#25 C:\\laragon\\www\\Ariya\\vendor\\laravel\\framework\\src\\Illuminate\\Http\\Response.php(69): Illuminate\\View\\View->render()
#26 C:\\laragon\\www\\Ariya\\vendor\\laravel\\framework\\src\\Illuminate\\Http\\Response.php(35): Illuminate\\Http\\Response->setContent(Object(Illuminate\\View\\View))
#27 C:\\laragon\\www\\Ariya\\vendor\\laravel\\framework\\src\\Illuminate\\Routing\\ResponseFactory.php(58): Illuminate\\Http\\Response->__construct(Object(Illuminate\\View\\View), 500, Array)
#28 C:\\laragon\\www\\Ariya\\vendor\\laravel\\framework\\src\\Illuminate\\Routing\\ResponseFactory.php(88): Illuminate\\Routing\\ResponseFactory->make(Object(Illuminate\\View\\View), 500, Array)
#29 C:\\laragon\\www\\Ariya\\vendor\\laravel\\framework\\src\\Illuminate\\Foundation\\Exceptions\\Handler.php(723): Illuminate\\Routing\\ResponseFactory->view('errors::500', Array, 500, Array)
#30 C:\\laragon\\www\\Ariya\\vendor\\laravel\\framework\\src\\Illuminate\\Foundation\\Exceptions\\Handler.php(650): Illuminate\\Foundation\\Exceptions\\Handler->renderHttpException(Object(Symfony\\Component\\HttpKernel\\Exception\\HttpException))
#31 C:\\laragon\\www\\Ariya\\vendor\\laravel\\framework\\src\\Illuminate\\Foundation\\Exceptions\\Handler.php(556): Illuminate\\Foundation\\Exceptions\\Handler->prepareResponse(Object(Illuminate\\Http\\Request), Object(Symfony\\Component\\HttpKernel\\Exception\\HttpException))
#32 C:\\laragon\\www\\Ariya\\vendor\\laravel\\framework\\src\\Illuminate\\Foundation\\Exceptions\\Handler.php(473): Illuminate\\Foundation\\Exceptions\\Handler->renderExceptionResponse(Object(Illuminate\\Http\\Request), Object(Illuminate\\Database\\QueryException))
#33 C:\\laragon\\www\\Ariya\\app\\Exceptions\\Handler.php(134): Illuminate\\Foundation\\Exceptions\\Handler->render(Object(Illuminate\\Http\\Request), Object(Illuminate\\Database\\QueryException))
#34 C:\\laragon\\www\\Ariya\\vendor\\laravel\\framework\\src\\Illuminate\\Foundation\\Http\\Kernel.php(509): App\\Exceptions\\Handler->render(Object(Illuminate\\Http\\Request), Object(Illuminate\\Database\\QueryException))
#35 C:\\laragon\\www\\Ariya\\vendor\\laravel\\framework\\src\\Illuminate\\Foundation\\Http\\Kernel.php(148): Illuminate\\Foundation\\Http\\Kernel->renderException(Object(Illuminate\\Http\\Request), Object(Illuminate\\Database\\QueryException))
#36 C:\\laragon\\www\\Ariya\\public\\index.php(52): Illuminate\\Foundation\\Http\\Kernel->handle(Object(Illuminate\\Http\\Request))
#37 C:\\laragon\\www\\Ariya\\server.php(21): require_once('C:\\\\laragon\\\\www\\\\...')
#38 {main}

[previous exception] [object] (Symfony\\Component\\Routing\\Exception\\RouteNotFoundException(code: 0): Route [csrf] not defined. at C:\\laragon\\www\\Ariya\\vendor\\laravel\\framework\\src\\Illuminate\\Routing\\UrlGenerator.php:477)
[stacktrace]
#0 C:\\laragon\\www\\Ariya\\bootstrap\\functions.php(11): Illuminate\\Routing\\UrlGenerator->route('csrf', Array, true)
#1 C:\\laragon\\www\\Ariya\\storage\\framework\\views\\3683a01fb62844612de8751ba5eacd50.php(11): route('csrf')
#2 C:\\laragon\\www\\Ariya\\vendor\\laravel\\framework\\src\\Illuminate\\Filesystem\\Filesystem.php(123): require('C:\\\\laragon\\\\www\\\\...')
#3 C:\\laragon\\www\\Ariya\\vendor\\laravel\\framework\\src\\Illuminate\\Filesystem\\Filesystem.php(124): Illuminate\\Filesystem\\Filesystem::Illuminate\\Filesystem\\{closure}()
#4 C:\\laragon\\www\\Ariya\\vendor\\laravel\\framework\\src\\Illuminate\\View\\Engines\\PhpEngine.php(58): Illuminate\\Filesystem\\Filesystem->getRequire('C:\\\\laragon\\\\www\\\\...', Array)
#5 C:\\laragon\\www\\Ariya\\vendor\\laravel\\framework\\src\\Illuminate\\View\\Engines\\CompilerEngine.php(72): Illuminate\\View\\Engines\\PhpEngine->evaluatePath('C:\\\\laragon\\\\www\\\\...', Array)
#6 C:\\laragon\\www\\Ariya\\vendor\\laravel\\framework\\src\\Illuminate\\View\\View.php(207): Illuminate\\View\\Engines\\CompilerEngine->get('C:\\\\laragon\\\\www\\\\...', Array)
#7 C:\\laragon\\www\\Ariya\\vendor\\laravel\\framework\\src\\Illuminate\\View\\View.php(190): Illuminate\\View\\View->getContents()
#8 C:\\laragon\\www\\Ariya\\vendor\\laravel\\framework\\src\\Illuminate\\View\\View.php(159): Illuminate\\View\\View->renderContents()
#9 C:\\laragon\\www\\Ariya\\storage\\framework\\views\\bfd22887af09b1d66f48628b7d28766b.php(6): Illuminate\\View\\View->render()
#10 C:\\laragon\\www\\Ariya\\vendor\\laravel\\framework\\src\\Illuminate\\Filesystem\\Filesystem.php(123): require('C:\\\\laragon\\\\www\\\\...')
#11 C:\\laragon\\www\\Ariya\\vendor\\laravel\\framework\\src\\Illuminate\\Filesystem\\Filesystem.php(124): Illuminate\\Filesystem\\Filesystem::Illuminate\\Filesystem\\{closure}()
#12 C:\\laragon\\www\\Ariya\\vendor\\laravel\\framework\\src\\Illuminate\\View\\Engines\\PhpEngine.php(58): Illuminate\\Filesystem\\Filesystem->getRequire('C:\\\\laragon\\\\www\\\\...', Array)
#13 C:\\laragon\\www\\Ariya\\vendor\\laravel\\framework\\src\\Illuminate\\View\\Engines\\CompilerEngine.php(72): Illuminate\\View\\Engines\\PhpEngine->evaluatePath('C:\\\\laragon\\\\www\\\\...', Array)
#14 C:\\laragon\\www\\Ariya\\vendor\\laravel\\framework\\src\\Illuminate\\View\\View.php(207): Illuminate\\View\\Engines\\CompilerEngine->get('C:\\\\laragon\\\\www\\\\...', Array)
#15 C:\\laragon\\www\\Ariya\\vendor\\laravel\\framework\\src\\Illuminate\\View\\View.php(190): Illuminate\\View\\View->getContents()
#16 C:\\laragon\\www\\Ariya\\vendor\\laravel\\framework\\src\\Illuminate\\View\\View.php(159): Illuminate\\View\\View->renderContents()
#17 C:\\laragon\\www\\Ariya\\storage\\framework\\views\\c8cd80051eac302a1c06a5c3634bfece.php(34): Illuminate\\View\\View->render()
#18 C:\\laragon\\www\\Ariya\\vendor\\laravel\\framework\\src\\Illuminate\\Filesystem\\Filesystem.php(123): require('C:\\\\laragon\\\\www\\\\...')
#19 C:\\laragon\\www\\Ariya\\vendor\\laravel\\framework\\src\\Illuminate\\Filesystem\\Filesystem.php(124): Illuminate\\Filesystem\\Filesystem::Illuminate\\Filesystem\\{closure}()
#20 C:\\laragon\\www\\Ariya\\vendor\\laravel\\framework\\src\\Illuminate\\View\\Engines\\PhpEngine.php(58): Illuminate\\Filesystem\\Filesystem->getRequire('C:\\\\laragon\\\\www\\\\...', Array)
#21 C:\\laragon\\www\\Ariya\\vendor\\laravel\\framework\\src\\Illuminate\\View\\Engines\\CompilerEngine.php(72): Illuminate\\View\\Engines\\PhpEngine->evaluatePath('C:\\\\laragon\\\\www\\\\...', Array)
#22 C:\\laragon\\www\\Ariya\\vendor\\laravel\\framework\\src\\Illuminate\\View\\View.php(207): Illuminate\\View\\Engines\\CompilerEngine->get('C:\\\\laragon\\\\www\\\\...', Array)
#23 C:\\laragon\\www\\Ariya\\vendor\\laravel\\framework\\src\\Illuminate\\View\\View.php(190): Illuminate\\View\\View->getContents()
#24 C:\\laragon\\www\\Ariya\\vendor\\laravel\\framework\\src\\Illuminate\\View\\View.php(159): Illuminate\\View\\View->renderContents()
#25 C:\\laragon\\www\\Ariya\\vendor\\laravel\\framework\\src\\Illuminate\\Http\\Response.php(69): Illuminate\\View\\View->render()
#26 C:\\laragon\\www\\Ariya\\vendor\\laravel\\framework\\src\\Illuminate\\Http\\Response.php(35): Illuminate\\Http\\Response->setContent(Object(Illuminate\\View\\View))
#27 C:\\laragon\\www\\Ariya\\vendor\\laravel\\framework\\src\\Illuminate\\Routing\\ResponseFactory.php(58): Illuminate\\Http\\Response->__construct(Object(Illuminate\\View\\View), 500, Array)
#28 C:\\laragon\\www\\Ariya\\vendor\\laravel\\framework\\src\\Illuminate\\Routing\\ResponseFactory.php(88): Illuminate\\Routing\\ResponseFactory->make(Object(Illuminate\\View\\View), 500, Array)
#29 C:\\laragon\\www\\Ariya\\vendor\\laravel\\framework\\src\\Illuminate\\Foundation\\Exceptions\\Handler.php(723): Illuminate\\Routing\\ResponseFactory->view('errors::500', Array, 500, Array)
#30 C:\\laragon\\www\\Ariya\\vendor\\laravel\\framework\\src\\Illuminate\\Foundation\\Exceptions\\Handler.php(650): Illuminate\\Foundation\\Exceptions\\Handler->renderHttpException(Object(Symfony\\Component\\HttpKernel\\Exception\\HttpException))
#31 C:\\laragon\\www\\Ariya\\vendor\\laravel\\framework\\src\\Illuminate\\Foundation\\Exceptions\\Handler.php(556): Illuminate\\Foundation\\Exceptions\\Handler->prepareResponse(Object(Illuminate\\Http\\Request), Object(Symfony\\Component\\HttpKernel\\Exception\\HttpException))
#32 C:\\laragon\\www\\Ariya\\vendor\\laravel\\framework\\src\\Illuminate\\Foundation\\Exceptions\\Handler.php(473): Illuminate\\Foundation\\Exceptions\\Handler->renderExceptionResponse(Object(Illuminate\\Http\\Request), Object(Illuminate\\Database\\QueryException))
#33 C:\\laragon\\www\\Ariya\\app\\Exceptions\\Handler.php(134): Illuminate\\Foundation\\Exceptions\\Handler->render(Object(Illuminate\\Http\\Request), Object(Illuminate\\Database\\QueryException))
#34 C:\\laragon\\www\\Ariya\\vendor\\laravel\\framework\\src\\Illuminate\\Foundation\\Http\\Kernel.php(509): App\\Exceptions\\Handler->render(Object(Illuminate\\Http\\Request), Object(Illuminate\\Database\\QueryException))
#35 C:\\laragon\\www\\Ariya\\vendor\\laravel\\framework\\src\\Illuminate\\Foundation\\Http\\Kernel.php(148): Illuminate\\Foundation\\Http\\Kernel->renderException(Object(Illuminate\\Http\\Request), Object(Illuminate\\Database\\QueryException))
#36 C:\\laragon\\www\\Ariya\\public\\index.php(52): Illuminate\\Foundation\\Http\\Kernel->handle(Object(Illuminate\\Http\\Request))
#37 C:\\laragon\\www\\Ariya\\server.php(21): require_once('C:\\\\laragon\\\\www\\\\...')
#38 {main}
"} 
[2026-07-04 15:32:55] local.ERROR: SQLSTATE[HY000] [1049] Unknown database 'ariya' (Connection: mysql, SQL: select * from `permissions` where `active` = 1) {"exception":"[object] (Illuminate\\Database\\QueryException(code: 1049): SQLSTATE[HY000] [1049] Unknown database 'ariya' (Connection: mysql, SQL: select * from `permissions` where `active` = 1) at C:\\laragon\\www\\Ariya\\vendor\\laravel\\framework\\src\\Illuminate\\Database\\Connection.php:829)
[stacktrace]
#0 C:\\laragon\\www\\Ariya\\vendor\\laravel\\framework\\src\\Illuminate\\Database\\Connection.php(783): Illuminate\\Database\\Connection->runQueryCallback('select * from `...', Array, Object(Closure))
#1 C:\\laragon\\www\\Ariya\\vendor\\laravel\\framework\\src\\Illuminate\\Database\\Connection.php(414): Illuminate\\Database\\Connection->run('select * from `...', Array, Object(Closure))
#2 C:\\laragon\\www\\Ariya\\vendor\\laravel\\framework\\src\\Illuminate\\Database\\Query\\Builder.php(2913): Illuminate\\Database\\Connection->select('select * from `...', Array, true)
#3 C:\\laragon\\www\\Ariya\\vendor\\laravel\\framework\\src\\Illuminate\\Database\\Query\\Builder.php(2902): Illuminate\\Database\\Query\\Builder->runSelect()
#4 C:\\laragon\\www\\Ariya\\vendor\\laravel\\framework\\src\\Illuminate\\Database\\Query\\Builder.php(3456): Illuminate\\Database\\Query\\Builder->Illuminate\\Database\\Query\\{closure}()
#5 C:\\laragon\\www\\Ariya\\vendor\\laravel\\framework\\src\\Illuminate\\Database\\Query\\Builder.php(2901): Illuminate\\Database\\Query\\Builder->onceWithColumns(Array, Object(Closure))
#6 C:\\laragon\\www\\Ariya\\vendor\\laravel\\framework\\src\\Illuminate\\Database\\Eloquent\\Builder.php(739): Illuminate\\Database\\Query\\Builder->get(Array)
#7 C:\\laragon\\www\\Ariya\\vendor\\laravel\\framework\\src\\Illuminate\\Database\\Eloquent\\Builder.php(723): Illuminate\\Database\\Eloquent\\Builder->getModels(Array)
#8 C:\\laragon\\www\\Ariya\\app\\Providers\\AuthServiceProvider.php(40): Illuminate\\Database\\Eloquent\\Builder->get()
#9 C:\\laragon\\www\\Ariya\\app\\Providers\\AuthServiceProvider.php(30): App\\Providers\\AuthServiceProvider->getPermissions()
#10 C:\\laragon\\www\\Ariya\\vendor\\laravel\\framework\\src\\Illuminate\\Container\\BoundMethod.php(36): App\\Providers\\AuthServiceProvider->boot()
#11 C:\\laragon\\www\\Ariya\\vendor\\laravel\\framework\\src\\Illuminate\\Container\\Util.php(41): Illuminate\\Container\\BoundMethod::Illuminate\\Container\\{closure}()
#12 C:\\laragon\\www\\Ariya\\vendor\\laravel\\framework\\src\\Illuminate\\Container\\BoundMethod.php(93): Illuminate\\Container\\Util::unwrapIfClosure(Object(Closure))
#13 C:\\laragon\\www\\Ariya\\vendor\\laravel\\framework\\src\\Illuminate\\Container\\BoundMethod.php(35): Illuminate\\Container\\BoundMethod::callBoundMethod(Object(Illuminate\\Foundation\\Application), Array, Object(Closure))
#14 C:\\laragon\\www\\Ariya\\vendor\\laravel\\framework\\src\\Illuminate\\Container\\Container.php(662): Illuminate\\Container\\BoundMethod::call(Object(Illuminate\\Foundation\\Application), Array, Array, NULL)
#15 C:\\laragon\\www\\Ariya\\vendor\\laravel\\framework\\src\\Illuminate\\Foundation\\Application.php(1059): Illuminate\\Container\\Container->call(Array)
#16 C:\\laragon\\www\\Ariya\\vendor\\laravel\\framework\\src\\Illuminate\\Foundation\\Application.php(1040): Illuminate\\Foundation\\Application->bootProvider(Object(App\\Providers\\AuthServiceProvider))
#17 [internal function]: Illuminate\\Foundation\\Application->Illuminate\\Foundation\\{closure}(Object(App\\Providers\\AuthServiceProvider), 43)
#18 C:\\laragon\\www\\Ariya\\vendor\\laravel\\framework\\src\\Illuminate\\Foundation\\Application.php(1039): array_walk(Array, Object(Closure))
#19 C:\\laragon\\www\\Ariya\\vendor\\laravel\\framework\\src\\Illuminate\\Foundation\\Bootstrap\\BootProviders.php(17): Illuminate\\Foundation\\Application->boot()
#20 C:\\laragon\\www\\Ariya\\vendor\\laravel\\framework\\src\\Illuminate\\Foundation\\Application.php(286): Illuminate\\Foundation\\Bootstrap\\BootProviders->bootstrap(Object(Illuminate\\Foundation\\Application))
#21 C:\\laragon\\www\\Ariya\\vendor\\laravel\\framework\\src\\Illuminate\\Foundation\\Http\\Kernel.php(186): Illuminate\\Foundation\\Application->bootstrapWith(Array)
#22 C:\\laragon\\www\\Ariya\\vendor\\laravel\\framework\\src\\Illuminate\\Foundation\\Http\\Kernel.php(170): Illuminate\\Foundation\\Http\\Kernel->bootstrap()
#23 C:\\laragon\\www\\Ariya\\vendor\\laravel\\framework\\src\\Illuminate\\Foundation\\Http\\Kernel.php(144): Illuminate\\Foundation\\Http\\Kernel->sendRequestThroughRouter(Object(Illuminate\\Http\\Request))
#24 C:\\laragon\\www\\Ariya\\public\\index.php(52): Illuminate\\Foundation\\Http\\Kernel->handle(Object(Illuminate\\Http\\Request))
#25 C:\\laragon\\www\\Ariya\\server.php(21): require_once('C:\\\\laragon\\\\www\\\\...')
#26 {main}

[previous exception] [object] (PDOException(code: 1049): SQLSTATE[HY000] [1049] Unknown database 'ariya' at C:\\laragon\\www\\Ariya\\vendor\\laravel\\framework\\src\\Illuminate\\Database\\Connectors\\Connector.php:65)
[stacktrace]
#0 C:\\laragon\\www\\Ariya\\vendor\\laravel\\framework\\src\\Illuminate\\Database\\Connectors\\Connector.php(65): PDO->__construct('mysql:host=127....', 'root', Object(SensitiveParameterValue), Array)
#1 C:\\laragon\\www\\Ariya\\vendor\\laravel\\framework\\src\\Illuminate\\Database\\Connectors\\Connector.php(44): Illuminate\\Database\\Connectors\\Connector->createPdoConnection('mysql:host=127....', 'root', '', Array)
#2 C:\\laragon\\www\\Ariya\\vendor\\laravel\\framework\\src\\Illuminate\\Database\\Connectors\\MySqlConnector.php(24): Illuminate\\Database\\Connectors\\Connector->createConnection('mysql:host=127....', Array, Array)
#3 C:\\laragon\\www\\Ariya\\vendor\\laravel\\framework\\src\\Illuminate\\Database\\Connectors\\ConnectionFactory.php(184): Illuminate\\Database\\Connectors\\MySqlConnector->connect(Array)
#4 [internal function]: Illuminate\\Database\\Connectors\\ConnectionFactory->Illuminate\\Database\\Connectors\\{closure}()
#5 C:\\laragon\\www\\Ariya\\vendor\\laravel\\framework\\src\\Illuminate\\Database\\Connection.php(1339): call_user_func(Object(Closure))
#6 C:\\laragon\\www\\Ariya\\vendor\\laravel\\framework\\src\\Illuminate\\Database\\Connection.php(1375): Illuminate\\Database\\Connection->getPdo()
#7 C:\\laragon\\www\\Ariya\\vendor\\laravel\\framework\\src\\Illuminate\\Database\\Connection.php(528): Illuminate\\Database\\Connection->getReadPdo()
#8 C:\\laragon\\www\\Ariya\\vendor\\laravel\\framework\\src\\Illuminate\\Database\\Connection.php(423): Illuminate\\Database\\Connection->getPdoForSelect(true)
#9 C:\\laragon\\www\\Ariya\\vendor\\laravel\\framework\\src\\Illuminate\\Database\\Connection.php(816): Illuminate\\Database\\Connection->Illuminate\\Database\\{closure}('select * from `...', Array)
#10 C:\\laragon\\www\\Ariya\\vendor\\laravel\\framework\\src\\Illuminate\\Database\\Connection.php(783): Illuminate\\Database\\Connection->runQueryCallback('select * from `...', Array, Object(Closure))
#11 C:\\laragon\\www\\Ariya\\vendor\\laravel\\framework\\src\\Illuminate\\Database\\Connection.php(414): Illuminate\\Database\\Connection->run('select * from `...', Array, Object(Closure))
#12 C:\\laragon\\www\\Ariya\\vendor\\laravel\\framework\\src\\Illuminate\\Database\\Query\\Builder.php(2913): Illuminate\\Database\\Connection->select('select * from `...', Array, true)
#13 C:\\laragon\\www\\Ariya\\vendor\\laravel\\framework\\src\\Illuminate\\Database\\Query\\Builder.php(2902): Illuminate\\Database\\Query\\Builder->runSelect()
#14 C:\\laragon\\www\\Ariya\\vendor\\laravel\\framework\\src\\Illuminate\\Database\\Query\\Builder.php(3456): Illuminate\\Database\\Query\\Builder->Illuminate\\Database\\Query\\{closure}()
#15 C:\\laragon\\www\\Ariya\\vendor\\laravel\\framework\\src\\Illuminate\\Database\\Query\\Builder.php(2901): Illuminate\\Database\\Query\\Builder->onceWithColumns(Array, Object(Closure))
#16 C:\\laragon\\www\\Ariya\\vendor\\laravel\\framework\\src\\Illuminate\\Database\\Eloquent\\Builder.php(739): Illuminate\\Database\\Query\\Builder->get(Array)
#17 C:\\laragon\\www\\Ariya\\vendor\\laravel\\framework\\src\\Illuminate\\Database\\Eloquent\\Builder.php(723): Illuminate\\Database\\Eloquent\\Builder->getModels(Array)
#18 C:\\laragon\\www\\Ariya\\app\\Providers\\AuthServiceProvider.php(40): Illuminate\\Database\\Eloquent\\Builder->get()
#19 C:\\laragon\\www\\Ariya\\app\\Providers\\AuthServiceProvider.php(30): App\\Providers\\AuthServiceProvider->getPermissions()
#20 C:\\laragon\\www\\Ariya\\vendor\\laravel\\framework\\src\\Illuminate\\Container\\BoundMethod.php(36): App\\Providers\\AuthServiceProvider->boot()
#21 C:\\laragon\\www\\Ariya\\vendor\\laravel\\framework\\src\\Illuminate\\Container\\Util.php(41): Illuminate\\Container\\BoundMethod::Illuminate\\Container\\{closure}()
#22 C:\\laragon\\www\\Ariya\\vendor\\laravel\\framework\\src\\Illuminate\\Container\\BoundMethod.php(93): Illuminate\\Container\\Util::unwrapIfClosure(Object(Closure))
#23 C:\\laragon\\www\\Ariya\\vendor\\laravel\\framework\\src\\Illuminate\\Container\\BoundMethod.php(35): Illuminate\\Container\\BoundMethod::callBoundMethod(Object(Illuminate\\Foundation\\Application), Array, Object(Closure))
#24 C:\\laragon\\www\\Ariya\\vendor\\laravel\\framework\\src\\Illuminate\\Container\\Container.php(662): Illuminate\\Container\\BoundMethod::call(Object(Illuminate\\Foundation\\Application), Array, Array, NULL)
#25 C:\\laragon\\www\\Ariya\\vendor\\laravel\\framework\\src\\Illuminate\\Foundation\\Application.php(1059): Illuminate\\Container\\Container->call(Array)
#26 C:\\laragon\\www\\Ariya\\vendor\\laravel\\framework\\src\\Illuminate\\Foundation\\Application.php(1040): Illuminate\\Foundation\\Application->bootProvider(Object(App\\Providers\\AuthServiceProvider))
#27 [internal function]: Illuminate\\Foundation\\Application->Illuminate\\Foundation\\{closure}(Object(App\\Providers\\AuthServiceProvider), 43)
#28 C:\\laragon\\www\\Ariya\\vendor\\laravel\\framework\\src\\Illuminate\\Foundation\\Application.php(1039): array_walk(Array, Object(Closure))
#29 C:\\laragon\\www\\Ariya\\vendor\\laravel\\framework\\src\\Illuminate\\Foundation\\Bootstrap\\BootProviders.php(17): Illuminate\\Foundation\\Application->boot()
#30 C:\\laragon\\www\\Ariya\\vendor\\laravel\\framework\\src\\Illuminate\\Foundation\\Application.php(286): Illuminate\\Foundation\\Bootstrap\\BootProviders->bootstrap(Object(Illuminate\\Foundation\\Application))
#31 C:\\laragon\\www\\Ariya\\vendor\\laravel\\framework\\src\\Illuminate\\Foundation\\Http\\Kernel.php(186): Illuminate\\Foundation\\Application->bootstrapWith(Array)
#32 C:\\laragon\\www\\Ariya\\vendor\\laravel\\framework\\src\\Illuminate\\Foundation\\Http\\Kernel.php(170): Illuminate\\Foundation\\Http\\Kernel->bootstrap()
#33 C:\\laragon\\www\\Ariya\\vendor\\laravel\\framework\\src\\Illuminate\\Foundation\\Http\\Kernel.php(144): Illuminate\\Foundation\\Http\\Kernel->sendRequestThroughRouter(Object(Illuminate\\Http\\Request))
#34 C:\\laragon\\www\\Ariya\\public\\index.php(52): Illuminate\\Foundation\\Http\\Kernel->handle(Object(Illuminate\\Http\\Request))
#35 C:\\laragon\\www\\Ariya\\server.php(21): require_once('C:\\\\laragon\\\\www\\\\...')
#36 {main}
"} 
[2026-07-04 15:32:55] local.ERROR: Route [csrf] not defined. {"view":{"view":"C:\\laragon\\www\\Ariya\\resources\\views\\back\\partials\\meta.blade.php","data":{"errors":"<pre class=sf-dump id=sf-dump-975000509 data-indent-pad=\"  \"><span class=sf-dump-note>Illuminate\\Support\\ViewErrorBag</span> {<a class=sf-dump-ref>#1162</a><samp data-depth=1 class=sf-dump-expanded>
  #<span class=sf-dump-protected title=\"Protected property\">bags</span>: []
</samp>}
</pre><script>Sfdump(\"sf-dump-975000509\", {\"maxDepth\":3,\"maxStringLength\":160})</script>
","exception":"<pre class=sf-dump id=sf-dump-1224059630 data-indent-pad=\"  \"><span class=sf-dump-note>Symfony\\Component\\HttpKernel\\Exception\\HttpException</span> {<a class=sf-dump-ref>#1170</a><samp data-depth=1 class=sf-dump-expanded>
  #<span class=sf-dump-protected title=\"Protected property\">message</span>: \"<span class=sf-dump-str title=\"120 characters\">SQLSTATE[HY000] [1049] Unknown database &#039;ariya&#039; (Connection: mysql, SQL: select * from `permissions` where `active` = 1)</span>\"
  #<span class=sf-dump-protected title=\"Protected property\">code</span>: <span class=sf-dump-num>0</span>
  #<span class=sf-dump-protected title=\"Protected property\">file</span>: \"<span class=\"sf-dump-str sf-dump-ellipsization\" title=\"C:\\laragon\\www\\Ariya\\vendor\\laravel\\framework\\src\\Illuminate\\Foundation\\Exceptions\\Handler.php
94 characters\"><span class=\"sf-dump-ellipsis sf-dump-ellipsis-path\">C:\\laragon\\www\\Ariya\\vendor</span><span class=\"sf-dump-ellipsis sf-dump-ellipsis-path\">\\laravel\\framework\\</span><span class=\"sf-dump-ellipsis-tail\">src\\Illuminate\\Foundation\\Exceptions\\Handler.php</span></span>\"
  #<span class=sf-dump-protected title=\"Protected property\">line</span>: <span class=sf-dump-num>646</span>
  -<span class=sf-dump-private title=\"Private property defined in class:&#10;`Exception`\">previous</span>: <span class=\"sf-dump-note sf-dump-ellipsization\" title=\"Illuminate\\Database\\QueryException
\"><span class=\"sf-dump-ellipsis sf-dump-ellipsis-note\">Illuminate\\Database</span><span class=\"sf-dump-ellipsis sf-dump-ellipsis-note\">\\</span><span class=\"sf-dump-ellipsis-tail\">QueryException</span></span> {<a class=sf-dump-ref href=#sf-dump-1224059630-ref21133 title=\"6 occurrences\">#1133</a><samp data-depth=2 id=sf-dump-1224059630-ref21133 class=sf-dump-compact>
    #<span class=sf-dump-protected title=\"Protected property\">message</span>: \"<span class=sf-dump-str title=\"120 characters\">SQLSTATE[HY000] [1049] Unknown database &#039;ariya&#039; (Connection: mysql, SQL: select * from `permissions` where `active` = 1)</span>\"
    #<span class=sf-dump-protected title=\"Protected property\">code</span>: <span class=sf-dump-num>1049</span>
    #<span class=sf-dump-protected title=\"Protected property\">file</span>: \"<span class=\"sf-dump-str sf-dump-ellipsization\" title=\"C:\\laragon\\www\\Ariya\\vendor\\laravel\\framework\\src\\Illuminate\\Database\\Connection.php
84 characters\"><span class=\"sf-dump-ellipsis sf-dump-ellipsis-path\">C:\\laragon\\www\\Ariya\\vendor</span><span class=\"sf-dump-ellipsis sf-dump-ellipsis-path\">\\laravel\\framework\\</span><span class=\"sf-dump-ellipsis-tail\">src\\Illuminate\\Database\\Connection.php</span></span>\"
    #<span class=sf-dump-protected title=\"Protected property\">line</span>: <span class=sf-dump-num>829</span>
    -<span class=sf-dump-private title=\"Private property defined in class:&#10;`Exception`\">previous</span>: <span class=sf-dump-note>PDOException</span> {<a class=sf-dump-ref>#1137</a><samp data-depth=3 class=sf-dump-compact>
      #<span class=sf-dump-protected title=\"Protected property\">message</span>: \"<span class=sf-dump-str title=\"47 characters\">SQLSTATE[HY000] [1049] Unknown database &#039;ariya&#039;</span>\"
      #<span class=sf-dump-protected title=\"Protected property\">code</span>: <span class=sf-dump-num>1049</span>
      #<span class=sf-dump-protected title=\"Protected property\">file</span>: \"<span class=\"sf-dump-str sf-dump-ellipsization\" title=\"C:\\laragon\\www\\Ariya\\vendor\\laravel\\framework\\src\\Illuminate\\Database\\Connectors\\Connector.php
94 characters\"><span class=\"sf-dump-ellipsis sf-dump-ellipsis-path\">C:\\laragon\\www\\Ariya\\vendor</span><span class=\"sf-dump-ellipsis sf-dump-ellipsis-path\">\\laravel\\framework\\</span><span class=\"sf-dump-ellipsis-tail\">src\\Illuminate\\Database\\Connectors\\Connector.php</span></span>\"
      #<span class=sf-dump-protected title=\"Protected property\">line</span>: <span class=sf-dump-num>65</span>
      +<span class=sf-dump-public title=\"Public property\">errorInfo</span>: <span class=sf-dump-note>array:3</span> [ &#8230;3]
      <span class=sf-dump-meta>trace</span>: { &#8230;36}
    </samp>}
    +<span class=sf-dump-public title=\"Public property\">errorInfo</span>: <span class=sf-dump-note>array:3</span> [<samp data-depth=3 class=sf-dump-compact>
      <span class=sf-dump-index>0</span> => \"<span class=sf-dump-str title=\"5 characters\">HY000</span>\"
      <span class=sf-dump-index>1</span> => <span class=sf-dump-num>1049</span>
      <span class=sf-dump-index>2</span> => \"<span class=sf-dump-str title=\"24 characters\">Unknown database &#039;ariya&#039;</span>\"
    </samp>]
    +<span class=sf-dump-public title=\"Public property\">connectionName</span>: \"<span class=sf-dump-str title=\"5 characters\">mysql</span>\"
    #<span class=sf-dump-protected title=\"Protected property\">sql</span>: \"<span class=sf-dump-str title=\"46 characters\">select * from `permissions` where `active` = ?</span>\"
    #<span class=sf-dump-protected title=\"Protected property\">bindings</span>: <span class=sf-dump-note>array:1</span> [<samp data-depth=3 class=sf-dump-compact>
      <span class=sf-dump-index>0</span> => <span class=sf-dump-num>1</span>
    </samp>]
    <span class=sf-dump-meta>trace</span>: {<samp data-depth=3 class=sf-dump-compact>
      <span class=\"sf-dump-meta sf-dump-ellipsization\" title=\"C:\\laragon\\www\\Ariya\\vendor\\laravel\\framework\\src\\Illuminate\\Database\\Connection.php:829
Stack level 27.\"><span class=\"sf-dump-ellipsis sf-dump-ellipsis-path\">C:\\laragon\\www\\Ariya\\vendor</span><span class=\"sf-dump-ellipsis sf-dump-ellipsis-path\">\\laravel\\framework\\</span><span class=\"sf-dump-ellipsis-tail\">src\\Illuminate\\Database\\Connection.php:829</span></span> { &#8230;4}
      <span class=\"sf-dump-meta sf-dump-ellipsization\" title=\"C:\\laragon\\www\\Ariya\\vendor\\laravel\\framework\\src\\Illuminate\\Database\\Connection.php:783
Stack level 26.\"><span class=\"sf-dump-ellipsis sf-dump-ellipsis-path\">C:\\laragon\\www\\Ariya\\vendor</span><span class=\"sf-dump-ellipsis sf-dump-ellipsis-path\">\\laravel\\framework\\</span><span class=\"sf-dump-ellipsis-tail\">src\\Illuminate\\Database\\Connection.php:783</span></span> { &#8230;5}
      <span class=\"sf-dump-meta sf-dump-ellipsization\" title=\"C:\\laragon\\www\\Ariya\\vendor\\laravel\\framework\\src\\Illuminate\\Database\\Connection.php:414
Stack level 25.\"><span class=\"sf-dump-ellipsis sf-dump-ellipsis-path\">C:\\laragon\\www\\Ariya\\vendor</span><span class=\"sf-dump-ellipsis sf-dump-ellipsis-path\">\\laravel\\framework\\</span><span class=\"sf-dump-ellipsis-tail\">src\\Illuminate\\Database\\Connection.php:414</span></span> { &#8230;5}
      <span class=\"sf-dump-meta sf-dump-ellipsization\" title=\"C:\\laragon\\www\\Ariya\\vendor\\laravel\\framework\\src\\Illuminate\\Database\\Query\\Builder.php:2913
Stack level 24.\"><span class=\"sf-dump-ellipsis sf-dump-ellipsis-path\">C:\\laragon\\www\\Ariya\\vendor</span><span class=\"sf-dump-ellipsis sf-dump-ellipsis-path\">\\laravel\\framework\\</span><span class=\"sf-dump-ellipsis-tail\">src\\Illuminate\\Database\\Query\\Builder.php:2913</span></span> { &#8230;5}
      <span class=\"sf-dump-meta sf-dump-ellipsization\" title=\"C:\\laragon\\www\\Ariya\\vendor\\laravel\\framework\\src\\Illuminate\\Database\\Query\\Builder.php:2902
Stack level 23.\"><span class=\"sf-dump-ellipsis sf-dump-ellipsis-path\">C:\\laragon\\www\\Ariya\\vendor</span><span class=\"sf-dump-ellipsis sf-dump-ellipsis-path\">\\laravel\\framework\\</span><span class=\"sf-dump-ellipsis-tail\">src\\Illuminate\\Database\\Query\\Builder.php:2902</span></span> { &#8230;4}
      <span class=\"sf-dump-meta sf-dump-ellipsization\" title=\"C:\\laragon\\www\\Ariya\\vendor\\laravel\\framework\\src\\Illuminate\\Database\\Query\\Builder.php:3456
Stack level 22.\"><span class=\"sf-dump-ellipsis sf-dump-ellipsis-path\">C:\\laragon\\www\\Ariya\\vendor</span><span class=\"sf-dump-ellipsis sf-dump-ellipsis-path\">\\laravel\\framework\\</span><span class=\"sf-dump-ellipsis-tail\">src\\Illuminate\\Database\\Query\\Builder.php:3456</span></span> { &#8230;4}
      <span class=\"sf-dump-meta sf-dump-ellipsization\" title=\"C:\\laragon\\www\\Ariya\\vendor\\laravel\\framework\\src\\Illuminate\\Database\\Query\\Builder.php:2901
Stack level 21.\"><span class=\"sf-dump-ellipsis sf-dump-ellipsis-path\">C:\\laragon\\www\\Ariya\\vendor</span><span class=\"sf-dump-ellipsis sf-dump-ellipsis-path\">\\laravel\\framework\\</span><span class=\"sf-dump-ellipsis-tail\">src\\Illuminate\\Database\\Query\\Builder.php:2901</span></span> { &#8230;5}
      <span class=\"sf-dump-meta sf-dump-ellipsization\" title=\"C:\\laragon\\www\\Ariya\\vendor\\laravel\\framework\\src\\Illuminate\\Database\\Eloquent\\Builder.php:739
Stack level 20.\"><span class=\"sf-dump-ellipsis sf-dump-ellipsis-path\">C:\\laragon\\www\\Ariya\\vendor</span><span class=\"sf-dump-ellipsis sf-dump-ellipsis-path\">\\laravel\\framework\\</span><span class=\"sf-dump-ellipsis-tail\">src\\Illuminate\\Database\\Eloquent\\Builder.php:739</span></span> { &#8230;5}
      <span class=\"sf-dump-meta sf-dump-ellipsization\" title=\"C:\\laragon\\www\\Ariya\\vendor\\laravel\\framework\\src\\Illuminate\\Database\\Eloquent\\Builder.php:723
Stack level 19.\"><span class=\"sf-dump-ellipsis sf-dump-ellipsis-path\">C:\\laragon\\www\\Ariya\\vendor</span><span class=\"sf-dump-ellipsis sf-dump-ellipsis-path\">\\laravel\\framework\\</span><span class=\"sf-dump-ellipsis-tail\">src\\Illuminate\\Database\\Eloquent\\Builder.php:723</span></span> { &#8230;5}
      <span class=\"sf-dump-meta sf-dump-ellipsization\" title=\"C:\\laragon\\www\\Ariya\\app\\Providers\\AuthServiceProvider.php:40
Stack level 18.\"><span class=\"sf-dump-ellipsis sf-dump-ellipsis-path\">C:\\laragon\\www\\Ariya</span><span class=\"sf-dump-ellipsis sf-dump-ellipsis-path\">\\</span><span class=\"sf-dump-ellipsis-tail\">app\\Providers\\AuthServiceProvider.php:40</span></span> { &#8230;4}
      <span class=\"sf-dump-meta sf-dump-ellipsization\" title=\"C:\\laragon\\www\\Ariya\\app\\Providers\\AuthServiceProvider.php:30
Stack level 17.\"><span class=\"sf-dump-ellipsis sf-dump-ellipsis-path\">C:\\laragon\\www\\Ariya</span><span class=\"sf-dump-ellipsis sf-dump-ellipsis-path\">\\</span><span class=\"sf-dump-ellipsis-tail\">app\\Providers\\AuthServiceProvider.php:30</span></span> { &#8230;4}
      <span class=\"sf-dump-meta sf-dump-ellipsization\" title=\"C:\\laragon\\www\\Ariya\\vendor\\laravel\\framework\\src\\Illuminate\\Container\\BoundMethod.php:36
Stack level 16.\"><span class=\"sf-dump-ellipsis sf-dump-ellipsis-path\">C:\\laragon\\www\\Ariya\\vendor</span><span class=\"sf-dump-ellipsis sf-dump-ellipsis-path\">\\laravel\\framework\\</span><span class=\"sf-dump-ellipsis-tail\">src\\Illuminate\\Container\\BoundMethod.php:36</span></span> { &#8230;4}
      <span class=\"sf-dump-meta sf-dump-ellipsization\" title=\"C:\\laragon\\www\\Ariya\\vendor\\laravel\\framework\\src\\Illuminate\\Container\\Util.php:41
Stack level 15.\"><span class=\"sf-dump-ellipsis sf-dump-ellipsis-path\">C:\\laragon\\www\\Ariya\\vendor</span><span class=\"sf-dump-ellipsis sf-dump-ellipsis-path\">\\laravel\\framework\\</span><span class=\"sf-dump-ellipsis-tail\">src\\Illuminate\\Container\\Util.php:41</span></span> { &#8230;4}
      <span class=\"sf-dump-meta sf-dump-ellipsization\" title=\"C:\\laragon\\www\\Ariya\\vendor\\laravel\\framework\\src\\Illuminate\\Container\\BoundMethod.php:93
Stack level 14.\"><span class=\"sf-dump-ellipsis sf-dump-ellipsis-path\">C:\\laragon\\www\\Ariya\\vendor</span><span class=\"sf-dump-ellipsis sf-dump-ellipsis-path\">\\laravel\\framework\\</span><span class=\"sf-dump-ellipsis-tail\">src\\Illuminate\\Container\\BoundMethod.php:93</span></span> { &#8230;5}
      <span class=\"sf-dump-meta sf-dump-ellipsization\" title=\"C:\\laragon\\www\\Ariya\\vendor\\laravel\\framework\\src\\Illuminate\\Container\\BoundMethod.php:35
Stack level 13.\"><span class=\"sf-dump-ellipsis sf-dump-ellipsis-path\">C:\\laragon\\www\\Ariya\\vendor</span><span class=\"sf-dump-ellipsis sf-dump-ellipsis-path\">\\laravel\\framework\\</span><span class=\"sf-dump-ellipsis-tail\">src\\Illuminate\\Container\\BoundMethod.php:35</span></span> { &#8230;5}
      <span class=\"sf-dump-meta sf-dump-ellipsization\" title=\"C:\\laragon\\www\\Ariya\\vendor\\laravel\\framework\\src\\Illuminate\\Container\\Container.php:662
Stack level 12.\"><span class=\"sf-dump-ellipsis sf-dump-ellipsis-path\">C:\\laragon\\www\\Ariya\\vendor</span><span class=\"sf-dump-ellipsis sf-dump-ellipsis-path\">\\laravel\\framework\\</span><span class=\"sf-dump-ellipsis-tail\">src\\Illuminate\\Container\\Container.php:662</span></span> { &#8230;5}
      <span class=\"sf-dump-meta sf-dump-ellipsization\" title=\"C:\\laragon\\www\\Ariya\\vendor\\laravel\\framework\\src\\Illuminate\\Foundation\\Application.php:1059
Stack level 11.\"><span class=\"sf-dump-ellipsis sf-dump-ellipsis-path\">C:\\laragon\\www\\Ariya\\vendor</span><span class=\"sf-dump-ellipsis sf-dump-ellipsis-path\">\\laravel\\framework\\</span><span class=\"sf-dump-ellipsis-tail\">src\\Illuminate\\Foundation\\Application.php:1059</span></span> { &#8230;5}
      <span class=\"sf-dump-meta sf-dump-ellipsization\" title=\"C:\\laragon\\www\\Ariya\\vendor\\laravel\\framework\\src\\Illuminate\\Foundation\\Application.php:1040
Stack level 10.\"><span class=\"sf-dump-ellipsis sf-dump-ellipsis-path\">C:\\laragon\\www\\Ariya\\vendor</span><span class=\"sf-dump-ellipsis sf-dump-ellipsis-path\">\\laravel\\framework\\</span><span class=\"sf-dump-ellipsis-tail\">src\\Illuminate\\Foundation\\Application.php:1040</span></span> { &#8230;5}
      <span class=\"sf-dump-meta sf-dump-ellipsization\" title=\"Illuminate\\Foundation\\Application-&gt;Illuminate\\Foundation\\{closure}()
Stack level 9.\"><span class=\"sf-dump-ellipsis sf-dump-ellipsis-class\">Illuminate\\Foundation\\Application-&gt;Illuminate\\Foundation</span><span class=\"sf-dump-ellipsis sf-dump-ellipsis-class\">\\</span><span class=\"sf-dump-ellipsis-tail\">{closure}()</span></span> {}
      <span class=\"sf-dump-meta sf-dump-ellipsization\" title=\"C:\\laragon\\www\\Ariya\\vendor\\laravel\\framework\\src\\Illuminate\\Foundation\\Application.php:1039
Stack level 8.\"><span class=\"sf-dump-ellipsis sf-dump-ellipsis-path\">C:\\laragon\\www\\Ariya\\vendor</span><span class=\"sf-dump-ellipsis sf-dump-ellipsis-path\">\\laravel\\framework\\</span><span class=\"sf-dump-ellipsis-tail\">src\\Illuminate\\Foundation\\Application.php:1039</span></span> { &#8230;5}
      <span class=\"sf-dump-meta sf-dump-ellipsization\" title=\"C:\\laragon\\www\\Ariya\\vendor\\laravel\\framework\\src\\Illuminate\\Foundation\\Bootstrap\\BootProviders.php:17
Stack level 7.\"><span class=\"sf-dump-ellipsis sf-dump-ellipsis-path\">C:\\laragon\\www\\Ariya\\vendor</span><span class=\"sf-dump-ellipsis sf-dump-ellipsis-path\">\\laravel\\framework\\</span><span class=\"sf-dump-ellipsis-tail\">src\\Illuminate\\Foundation\\Bootstrap\\BootProviders.php:17</span></span> { &#8230;4}
      <span class=\"sf-dump-meta sf-dump-ellipsization\" title=\"C:\\laragon\\www\\Ariya\\vendor\\laravel\\framework\\src\\Illuminate\\Foundation\\Application.php:286
Stack level 6.\"><span class=\"sf-dump-ellipsis sf-dump-ellipsis-path\">C:\\laragon\\www\\Ariya\\vendor</span><span class=\"sf-dump-ellipsis sf-dump-ellipsis-path\">\\laravel\\framework\\</span><span class=\"sf-dump-ellipsis-tail\">src\\Illuminate\\Foundation\\Application.php:286</span></span> { &#8230;5}
      <span class=\"sf-dump-meta sf-dump-ellipsization\" title=\"C:\\laragon\\www\\Ariya\\vendor\\laravel\\framework\\src\\Illuminate\\Foundation\\Http\\Kernel.php:186
Stack level 5.\"><span class=\"sf-dump-ellipsis sf-dump-ellipsis-path\">C:\\laragon\\www\\Ariya\\vendor</span><span class=\"sf-dump-ellipsis sf-dump-ellipsis-path\">\\laravel\\framework\\</span><span class=\"sf-dump-ellipsis-tail\">src\\Illuminate\\Foundation\\Http\\Kernel.php:186</span></span> { &#8230;5}
      <span class=\"sf-dump-meta sf-dump-ellipsization\" title=\"C:\\laragon\\www\\Ariya\\vendor\\laravel\\framework\\src\\Illuminate\\Foundation\\Http\\Kernel.php:170
Stack level 4.\"><span class=\"sf-dump-ellipsis sf-dump-ellipsis-path\">C:\\laragon\\www\\Ariya\\vendor</span><span class=\"sf-dump-ellipsis sf-dump-ellipsis-path\">\\laravel\\framework\\</span><span class=\"sf-dump-ellipsis-tail\">src\\Illuminate\\Foundation\\Http\\Kernel.php:170</span></span> { &#8230;4}
      <span class=\"sf-dump-meta sf-dump-ellipsization\" title=\"C:\\laragon\\www\\Ariya\\vendor\\laravel\\framework\\src\\Illuminate\\Foundation\\Http\\Kernel.php:144
Stack level 3.\"><span class=\"sf-dump-ellipsis sf-dump-ellipsis-path\">C:\\laragon\\www\\Ariya\\vendor</span><span class=\"sf-dump-ellipsis sf-dump-ellipsis-path\">\\laravel\\framework\\</span><span class=\"sf-dump-ellipsis-tail\">src\\Illuminate\\Foundation\\Http\\Kernel.php:144</span></span> { &#8230;5}
      <span class=\"sf-dump-meta sf-dump-ellipsization\" title=\"C:\\laragon\\www\\Ariya\\public\\index.php:52
Stack level 2.\"><span class=\"sf-dump-ellipsis sf-dump-ellipsis-path\">C:\\laragon\\www\\Ariya</span><span class=\"sf-dump-ellipsis sf-dump-ellipsis-path\">\\</span><span class=\"sf-dump-ellipsis-tail\">public\\index.php:52</span></span> { &#8230;5}
      <span class=\"sf-dump-meta sf-dump-ellipsization\" title=\"C:\\laragon\\www\\Ariya\\server.php:21
Stack level 1.\"><span class=\"sf-dump-ellipsis sf-dump-ellipsis-path\">C:\\laragon\\www\\Ariya</span><span class=\"sf-dump-ellipsis sf-dump-ellipsis-path\">\\</span><span class=\"sf-dump-ellipsis-tail\">server.php:21</span></span> { &#8230;4}
    </samp>}
  </samp>}
  -<span class=sf-dump-private title=\"Private property defined in class:&#10;`Symfony\\Component\\HttpKernel\\Exception\\HttpException`\">statusCode</span>: <span class=sf-dump-num>500</span>
  -<span class=sf-dump-private title=\"Private property defined in class:&#10;`Symfony\\Component\\HttpKernel\\Exception\\HttpException`\">headers</span>: []
  <span class=sf-dump-meta>trace</span>: {<samp data-depth=2 class=sf-dump-compact>
    <span class=\"sf-dump-meta sf-dump-ellipsization\" title=\"C:\\laragon\\www\\Ariya\\vendor\\laravel\\framework\\src\\Illuminate\\Foundation\\Exceptions\\Handler.php:646
Stack level 8.\"><span class=\"sf-dump-ellipsis sf-dump-ellipsis-path\">C:\\laragon\\www\\Ariya\\vendor</span><span class=\"sf-dump-ellipsis sf-dump-ellipsis-path\">\\laravel\\framework\\</span><span class=\"sf-dump-ellipsis-tail\">src\\Illuminate\\Foundation\\Exceptions\\Handler.php:646</span></span> {<samp data-depth=3 class=sf-dump-compact>
      <span class=\"sf-dump-note sf-dump-ellipsization\" title=\"Illuminate\\Foundation\\Exceptions\\Handler-&gt;prepareResponse($request, Throwable $e)
\"><span class=\"sf-dump-ellipsis sf-dump-ellipsis-note\">Illuminate\\Foundation\\Exceptions</span><span class=\"sf-dump-ellipsis sf-dump-ellipsis-note\">\\</span><span class=\"sf-dump-ellipsis-tail\">Handler-&gt;prepareResponse($request, Throwable $e)</span></span> &#8230;
      &#8250; <code class=\"php\"><span class=sf-dump-default>if (! $this-&gt;isHttpException($e)) {</span></code>
      &#8250; <code class=\"php\"><span class=sf-dump-const title=\"in Illuminate\\Foundation\\Exceptions\\Handler-&gt;prepareResponse($request, Throwable $e)\">    $e = new HttpException(500, $e-&gt;getMessage(), $e);</span></code>
      &#8250; <code class=\"php\"><span class=sf-dump-default>}</span></code>
    </samp>}
    <span class=\"sf-dump-meta sf-dump-ellipsization\" title=\"C:\\laragon\\www\\Ariya\\vendor\\laravel\\framework\\src\\Illuminate\\Foundation\\Exceptions\\Handler.php:556
Stack level 7.\"><span class=\"sf-dump-ellipsis sf-dump-ellipsis-path\">C:\\laragon\\www\\Ariya\\vendor</span><span class=\"sf-dump-ellipsis sf-dump-ellipsis-path\">\\laravel\\framework\\</span><span class=\"sf-dump-ellipsis-tail\">src\\Illuminate\\Foundation\\Exceptions\\Handler.php:556</span></span> {<samp data-depth=3 class=sf-dump-compact>
      <span class=\"sf-dump-note sf-dump-ellipsization\" title=\"Illuminate\\Foundation\\Exceptions\\Handler-&gt;renderExceptionResponse($request, Throwable $e)
\"><span class=\"sf-dump-ellipsis sf-dump-ellipsis-note\">Illuminate\\Foundation\\Exceptions</span><span class=\"sf-dump-ellipsis sf-dump-ellipsis-note\">\\</span><span class=\"sf-dump-ellipsis-tail\">Handler-&gt;renderExceptionResponse($request, Throwable $e)</span></span> &#8230;
      &#8250; <code class=\"php\"><span class=sf-dump-default>                ? $this-&gt;prepareJsonResponse($request, $e)</span></code>
      &#8250; <code class=\"php\"><span class=sf-dump-const title=\"in Illuminate\\Foundation\\Exceptions\\Handler-&gt;renderExceptionResponse($request, Throwable $e)\">                : $this-&gt;prepareResponse($request, $e);</span></code>
      &#8250; <code class=\"php\"><span class=sf-dump-default>}</span></code>
      <span class=sf-dump-meta>arguments</span>: { &#8230;2}
    </samp>}
    <span class=\"sf-dump-meta sf-dump-ellipsization\" title=\"C:\\laragon\\www\\Ariya\\vendor\\laravel\\framework\\src\\Illuminate\\Foundation\\Exceptions\\Handler.php:473
Stack level 6.\"><span class=\"sf-dump-ellipsis sf-dump-ellipsis-path\">C:\\laragon\\www\\Ariya\\vendor</span><span class=\"sf-dump-ellipsis sf-dump-ellipsis-path\">\\laravel\\framework\\</span><span class=\"sf-dump-ellipsis-tail\">src\\Illuminate\\Foundation\\Exceptions\\Handler.php:473</span></span> {<samp data-depth=3 class=sf-dump-compact>
      <span class=\"sf-dump-note sf-dump-ellipsization\" title=\"Illuminate\\Foundation\\Exceptions\\Handler-&gt;render($request, Throwable $e)
\"><span class=\"sf-dump-ellipsis sf-dump-ellipsis-note\">Illuminate\\Foundation\\Exceptions</span><span class=\"sf-dump-ellipsis sf-dump-ellipsis-note\">\\</span><span class=\"sf-dump-ellipsis-tail\">Handler-&gt;render($request, Throwable $e)</span></span> &#8230;
      &#8250; <code class=\"php\"><span class=sf-dump-default>    $e instanceof ValidationException =&gt; $this-&gt;convertValidationExceptionToResponse($e, $request),</span></code>
      &#8250; <code class=\"php\"><span class=sf-dump-const title=\"in Illuminate\\Foundation\\Exceptions\\Handler-&gt;render($request, Throwable $e)\">    default =&gt; $this-&gt;renderExceptionResponse($request, $e),</span></code>
      &#8250; <code class=\"php\"><span class=sf-dump-default>};</span></code>
      <span class=sf-dump-meta>arguments</span>: { &#8230;2}
    </samp>}
    <span class=\"sf-dump-meta sf-dump-ellipsization\" title=\"C:\\laragon\\www\\Ariya\\app\\Exceptions\\Handler.php:134
Stack level 5.\"><span class=\"sf-dump-ellipsis sf-dump-ellipsis-path\">C:\\laragon\\www\\Ariya</span><span class=\"sf-dump-ellipsis sf-dump-ellipsis-path\">\\</span><span class=\"sf-dump-ellipsis-tail\">app\\Exceptions\\Handler.php:134</span></span> {<samp data-depth=3 class=sf-dump-compact>
      <span class=\"sf-dump-note sf-dump-ellipsization\" title=\"App\\Exceptions\\Handler-&gt;render($request, Throwable $exception)
\"><span class=\"sf-dump-ellipsis sf-dump-ellipsis-note\">App\\Exceptions</span><span class=\"sf-dump-ellipsis sf-dump-ellipsis-note\">\\</span><span class=\"sf-dump-ellipsis-tail\">Handler-&gt;render($request, Throwable $exception)</span></span> &#8230;
      &#8250; 
      &#8250; <code class=\"php\"><span class=sf-dump-const title=\"in App\\Exceptions\\Handler-&gt;render($request, Throwable $exception)\">    return parent::render($request, $exception);</span></code>
      &#8250; <code class=\"php\"><span class=sf-dump-default>}</span></code>
      <span class=sf-dump-meta>arguments</span>: { &#8230;2}
    </samp>}
    <span class=\"sf-dump-meta sf-dump-ellipsization\" title=\"C:\\laragon\\www\\Ariya\\vendor\\laravel\\framework\\src\\Illuminate\\Foundation\\Http\\Kernel.php:509
Stack level 4.\"><span class=\"sf-dump-ellipsis sf-dump-ellipsis-path\">C:\\laragon\\www\\Ariya\\vendor</span><span class=\"sf-dump-ellipsis sf-dump-ellipsis-path\">\\laravel\\framework\\</span><span class=\"sf-dump-ellipsis-tail\">src\\Illuminate\\Foundation\\Http\\Kernel.php:509</span></span> {<samp data-depth=3 class=sf-dump-compact>
      <span class=\"sf-dump-note sf-dump-ellipsization\" title=\"Illuminate\\Foundation\\Http\\Kernel-&gt;renderException($request, Throwable $e)
\"><span class=\"sf-dump-ellipsis sf-dump-ellipsis-note\">Illuminate\\Foundation\\Http</span><span class=\"sf-dump-ellipsis sf-dump-ellipsis-note\">\\</span><span class=\"sf-dump-ellipsis-tail\">Kernel-&gt;renderException($request, Throwable $e)</span></span> &#8230;
      &#8250; <code class=\"php\"><span class=sf-dump-default>{</span></code>
      &#8250; <code class=\"php\"><span class=sf-dump-const title=\"in Illuminate\\Foundation\\Http\\Kernel-&gt;renderException($request, Throwable $e)\">    return $this-&gt;app[ExceptionHandler::class]-&gt;render($request, $e);</span></code>
      &#8250; <code class=\"php\"><span class=sf-dump-default>}</span></code>
      <span class=sf-dump-meta>arguments</span>: { &#8230;2}
    </samp>}
    <span class=\"sf-dump-meta sf-dump-ellipsization\" title=\"C:\\laragon\\www\\Ariya\\vendor\\laravel\\framework\\src\\Illuminate\\Foundation\\Http\\Kernel.php:148
Stack level 3.\"><span class=\"sf-dump-ellipsis sf-dump-ellipsis-path\">C:\\laragon\\www\\Ariya\\vendor</span><span class=\"sf-dump-ellipsis sf-dump-ellipsis-path\">\\laravel\\framework\\</span><span class=\"sf-dump-ellipsis-tail\">src\\Illuminate\\Foundation\\Http\\Kernel.php:148</span></span> {<samp data-depth=3 class=sf-dump-compact>
      <span class=\"sf-dump-note sf-dump-ellipsization\" title=\"Illuminate\\Foundation\\Http\\Kernel-&gt;handle($request)
\"><span class=\"sf-dump-ellipsis sf-dump-ellipsis-note\">Illuminate\\Foundation\\Http</span><span class=\"sf-dump-ellipsis sf-dump-ellipsis-note\">\\</span><span class=\"sf-dump-ellipsis-tail\">Kernel-&gt;handle($request)</span></span> &#8230;
      &#8250; 
      &#8250; <code class=\"php\"><span class=sf-dump-const title=\"in Illuminate\\Foundation\\Http\\Kernel-&gt;handle($request)\">    $response = $this-&gt;renderException($request, $e);</span></code>
      &#8250; <code class=\"php\"><span class=sf-dump-default>}</span></code>
      <span class=sf-dump-meta>arguments</span>: { &#8230;2}
    </samp>}
    <span class=\"sf-dump-meta sf-dump-ellipsization\" title=\"C:\\laragon\\www\\Ariya\\public\\index.php:52
Stack level 2.\"><span class=\"sf-dump-ellipsis sf-dump-ellipsis-path\">C:\\laragon\\www\\Ariya</span><span class=\"sf-dump-ellipsis sf-dump-ellipsis-path\">\\</span><span class=\"sf-dump-ellipsis-tail\">public\\index.php:52</span></span> {<samp data-depth=3 class=sf-dump-compact>
      <span class=sf-dump-note>require_once</span> &#8230;
      &#8250; 
      &#8250; <code class=\"php\"><span class=sf-dump-const title=\"in require_once\">$response = tap($kernel-&gt;handle(</span></code>
      &#8250; <code class=\"php\"><span class=sf-dump-default>    $request = Request::capture()</span></code>
      <span class=sf-dump-meta>arguments</span>: { &#8230;1}
    </samp>}
    <span class=\"sf-dump-meta sf-dump-ellipsization\" title=\"C:\\laragon\\www\\Ariya\\server.php:21
Stack level 1.\"><span class=\"sf-dump-ellipsis sf-dump-ellipsis-path\">C:\\laragon\\www\\Ariya</span><span class=\"sf-dump-ellipsis sf-dump-ellipsis-path\">\\</span><span class=\"sf-dump-ellipsis-tail\">server.php:21</span></span> {<samp data-depth=3 class=sf-dump-compact>
      &#8250; 
      &#8250; <code class=\"php\"><span class=sf-dump-const>require_once __DIR__.&#039;/public/index.php&#039;;</span></code>
      &#8250; 
      <span class=sf-dump-meta>arguments</span>: { &#8230;1}
    </samp>}
  </samp>}
</samp>}
</pre><script>Sfdump(\"sf-dump-1224059630\", {\"maxDepth\":3,\"maxStringLength\":160})</script>
","current_local":"<pre class=sf-dump id=sf-dump-1394893358 data-indent-pad=\"  \"><span class=sf-dump-note>array:3</span> [<samp data-depth=1 class=sf-dump-expanded>
  \"<span class=sf-dump-key>name</span>\" => \"<span class=sf-dump-str title=\"5 characters\">&#1601;&#1575;&#1585;&#1587;&#1740;</span>\"
  \"<span class=sf-dump-key>direction</span>\" => \"<span class=sf-dump-str title=\"3 characters\">rtl</span>\"
  \"<span class=sf-dump-key>english_name</span>\" => \"<span class=sf-dump-str title=\"7 characters\">Persian</span>\"
</samp>]
</pre><script>Sfdump(\"sf-dump-1394893358\", {\"maxDepth\":3,\"maxStringLength\":160})</script>
","title":"<pre class=sf-dump id=sf-dump-1937596276 data-indent-pad=\"  \">\"<span class=sf-dump-str title=\"9 characters\">&#1582;&#1591;&#1575;&#1740; &#1587;&#1585;&#1608;&#1585;</span>\"
</pre><script>Sfdump(\"sf-dump-1937596276\", {\"maxDepth\":3,\"maxStringLength\":160})</script>
"}},"exception":"[object] (Spatie\\LaravelIgnition\\Exceptions\\ViewException(code: 0): Route [csrf] not defined. at C:\\laragon\\www\\Ariya\\vendor\\laravel\\framework\\src\\Illuminate\\Routing\\UrlGenerator.php:477)
[stacktrace]
#0 C:\\laragon\\www\\Ariya\\bootstrap\\functions.php(11): Illuminate\\Routing\\UrlGenerator->route('csrf', Array, true)
#1 C:\\laragon\\www\\Ariya\\resources\\views\\back\\partials\\meta.blade.php(12): route('csrf')
#2 C:\\laragon\\www\\Ariya\\vendor\\laravel\\framework\\src\\Illuminate\\Filesystem\\Filesystem.php(123): require('C:\\\\laragon\\\\www\\\\...')
#3 C:\\laragon\\www\\Ariya\\vendor\\laravel\\framework\\src\\Illuminate\\Filesystem\\Filesystem.php(124): Illuminate\\Filesystem\\Filesystem::Illuminate\\Filesystem\\{closure}()
#4 C:\\laragon\\www\\Ariya\\vendor\\laravel\\framework\\src\\Illuminate\\View\\Engines\\PhpEngine.php(58): Illuminate\\Filesystem\\Filesystem->getRequire('C:\\\\laragon\\\\www\\\\...', Array)
#5 C:\\laragon\\www\\Ariya\\vendor\\laravel\\framework\\src\\Illuminate\\View\\Engines\\CompilerEngine.php(72): Illuminate\\View\\Engines\\PhpEngine->evaluatePath('C:\\\\laragon\\\\www\\\\...', Array)
#6 C:\\laragon\\www\\Ariya\\vendor\\laravel\\framework\\src\\Illuminate\\View\\View.php(207): Illuminate\\View\\Engines\\CompilerEngine->get('C:\\\\laragon\\\\www\\\\...', Array)
#7 C:\\laragon\\www\\Ariya\\vendor\\laravel\\framework\\src\\Illuminate\\View\\View.php(190): Illuminate\\View\\View->getContents()
#8 C:\\laragon\\www\\Ariya\\vendor\\laravel\\framework\\src\\Illuminate\\View\\View.php(159): Illuminate\\View\\View->renderContents()
#9 C:\\laragon\\www\\Ariya\\resources\\views\\errors\\layouts\\master.blade.php(6): Illuminate\\View\\View->render()
#10 C:\\laragon\\www\\Ariya\\vendor\\laravel\\framework\\src\\Illuminate\\Filesystem\\Filesystem.php(123): require('C:\\\\laragon\\\\www\\\\...')
#11 C:\\laragon\\www\\Ariya\\vendor\\laravel\\framework\\src\\Illuminate\\Filesystem\\Filesystem.php(124): Illuminate\\Filesystem\\Filesystem::Illuminate\\Filesystem\\{closure}()
#12 C:\\laragon\\www\\Ariya\\vendor\\laravel\\framework\\src\\Illuminate\\View\\Engines\\PhpEngine.php(58): Illuminate\\Filesystem\\Filesystem->getRequire('C:\\\\laragon\\\\www\\\\...', Array)
#13 C:\\laragon\\www\\Ariya\\vendor\\laravel\\framework\\src\\Illuminate\\View\\Engines\\CompilerEngine.php(72): Illuminate\\View\\Engines\\PhpEngine->evaluatePath('C:\\\\laragon\\\\www\\\\...', Array)
#14 C:\\laragon\\www\\Ariya\\vendor\\laravel\\framework\\src\\Illuminate\\View\\View.php(207): Illuminate\\View\\Engines\\CompilerEngine->get('C:\\\\laragon\\\\www\\\\...', Array)
#15 C:\\laragon\\www\\Ariya\\vendor\\laravel\\framework\\src\\Illuminate\\View\\View.php(190): Illuminate\\View\\View->getContents()
#16 C:\\laragon\\www\\Ariya\\vendor\\laravel\\framework\\src\\Illuminate\\View\\View.php(159): Illuminate\\View\\View->renderContents()
#17 C:\\laragon\\www\\Ariya\\resources\\views\\errors\\500.blade.php(34): Illuminate\\View\\View->render()
#18 C:\\laragon\\www\\Ariya\\vendor\\laravel\\framework\\src\\Illuminate\\Filesystem\\Filesystem.php(123): require('C:\\\\laragon\\\\www\\\\...')
#19 C:\\laragon\\www\\Ariya\\vendor\\laravel\\framework\\src\\Illuminate\\Filesystem\\Filesystem.php(124): Illuminate\\Filesystem\\Filesystem::Illuminate\\Filesystem\\{closure}()
#20 C:\\laragon\\www\\Ariya\\vendor\\laravel\\framework\\src\\Illuminate\\View\\Engines\\PhpEngine.php(58): Illuminate\\Filesystem\\Filesystem->getRequire('C:\\\\laragon\\\\www\\\\...', Array)
#21 C:\\laragon\\www\\Ariya\\vendor\\laravel\\framework\\src\\Illuminate\\View\\Engines\\CompilerEngine.php(72): Illuminate\\View\\Engines\\PhpEngine->evaluatePath('C:\\\\laragon\\\\www\\\\...', Array)
#22 C:\\laragon\\www\\Ariya\\vendor\\laravel\\framework\\src\\Illuminate\\View\\View.php(207): Illuminate\\View\\Engines\\CompilerEngine->get('C:\\\\laragon\\\\www\\\\...', Array)
#23 C:\\laragon\\www\\Ariya\\vendor\\laravel\\framework\\src\\Illuminate\\View\\View.php(190): Illuminate\\View\\View->getContents()
#24 C:\\laragon\\www\\Ariya\\vendor\\laravel\\framework\\src\\Illuminate\\View\\View.php(159): Illuminate\\View\\View->renderContents()
#25 C:\\laragon\\www\\Ariya\\vendor\\laravel\\framework\\src\\Illuminate\\Http\\Response.php(69): Illuminate\\View\\View->render()
#26 C:\\laragon\\www\\Ariya\\vendor\\laravel\\framework\\src\\Illuminate\\Http\\Response.php(35): Illuminate\\Http\\Response->setContent(Object(Illuminate\\View\\View))
#27 C:\\laragon\\www\\Ariya\\vendor\\laravel\\framework\\src\\Illuminate\\Routing\\ResponseFactory.php(58): Illuminate\\Http\\Response->__construct(Object(Illuminate\\View\\View), 500, Array)
#28 C:\\laragon\\www\\Ariya\\vendor\\laravel\\framework\\src\\Illuminate\\Routing\\ResponseFactory.php(88): Illuminate\\Routing\\ResponseFactory->make(Object(Illuminate\\View\\View), 500, Array)
#29 C:\\laragon\\www\\Ariya\\vendor\\laravel\\framework\\src\\Illuminate\\Foundation\\Exceptions\\Handler.php(723): Illuminate\\Routing\\ResponseFactory->view('errors::500', Array, 500, Array)
#30 C:\\laragon\\www\\Ariya\\vendor\\laravel\\framework\\src\\Illuminate\\Foundation\\Exceptions\\Handler.php(650): Illuminate\\Foundation\\Exceptions\\Handler->renderHttpException(Object(Symfony\\Component\\HttpKernel\\Exception\\HttpException))
#31 C:\\laragon\\www\\Ariya\\vendor\\laravel\\framework\\src\\Illuminate\\Foundation\\Exceptions\\Handler.php(556): Illuminate\\Foundation\\Exceptions\\Handler->prepareResponse(Object(Illuminate\\Http\\Request), Object(Symfony\\Component\\HttpKernel\\Exception\\HttpException))
#32 C:\\laragon\\www\\Ariya\\vendor\\laravel\\framework\\src\\Illuminate\\Foundation\\Exceptions\\Handler.php(473): Illuminate\\Foundation\\Exceptions\\Handler->renderExceptionResponse(Object(Illuminate\\Http\\Request), Object(Illuminate\\Database\\QueryException))
#33 C:\\laragon\\www\\Ariya\\app\\Exceptions\\Handler.php(134): Illuminate\\Foundation\\Exceptions\\Handler->render(Object(Illuminate\\Http\\Request), Object(Illuminate\\Database\\QueryException))
#34 C:\\laragon\\www\\Ariya\\vendor\\laravel\\framework\\src\\Illuminate\\Foundation\\Http\\Kernel.php(509): App\\Exceptions\\Handler->render(Object(Illuminate\\Http\\Request), Object(Illuminate\\Database\\QueryException))
#35 C:\\laragon\\www\\Ariya\\vendor\\laravel\\framework\\src\\Illuminate\\Foundation\\Http\\Kernel.php(148): Illuminate\\Foundation\\Http\\Kernel->renderException(Object(Illuminate\\Http\\Request), Object(Illuminate\\Database\\QueryException))
#36 C:\\laragon\\www\\Ariya\\public\\index.php(52): Illuminate\\Foundation\\Http\\Kernel->handle(Object(Illuminate\\Http\\Request))
#37 C:\\laragon\\www\\Ariya\\server.php(21): require_once('C:\\\\laragon\\\\www\\\\...')
#38 {main}

[previous exception] [object] (Symfony\\Component\\Routing\\Exception\\RouteNotFoundException(code: 0): Route [csrf] not defined. at C:\\laragon\\www\\Ariya\\vendor\\laravel\\framework\\src\\Illuminate\\Routing\\UrlGenerator.php:477)
[stacktrace]
#0 C:\\laragon\\www\\Ariya\\bootstrap\\functions.php(11): Illuminate\\Routing\\UrlGenerator->route('csrf', Array, true)
#1 C:\\laragon\\www\\Ariya\\storage\\framework\\views\\3683a01fb62844612de8751ba5eacd50.php(11): route('csrf')
#2 C:\\laragon\\www\\Ariya\\vendor\\laravel\\framework\\src\\Illuminate\\Filesystem\\Filesystem.php(123): require('C:\\\\laragon\\\\www\\\\...')
#3 C:\\laragon\\www\\Ariya\\vendor\\laravel\\framework\\src\\Illuminate\\Filesystem\\Filesystem.php(124): Illuminate\\Filesystem\\Filesystem::Illuminate\\Filesystem\\{closure}()
#4 C:\\laragon\\www\\Ariya\\vendor\\laravel\\framework\\src\\Illuminate\\View\\Engines\\PhpEngine.php(58): Illuminate\\Filesystem\\Filesystem->getRequire('C:\\\\laragon\\\\www\\\\...', Array)
#5 C:\\laragon\\www\\Ariya\\vendor\\laravel\\framework\\src\\Illuminate\\View\\Engines\\CompilerEngine.php(72): Illuminate\\View\\Engines\\PhpEngine->evaluatePath('C:\\\\laragon\\\\www\\\\...', Array)
#6 C:\\laragon\\www\\Ariya\\vendor\\laravel\\framework\\src\\Illuminate\\View\\View.php(207): Illuminate\\View\\Engines\\CompilerEngine->get('C:\\\\laragon\\\\www\\\\...', Array)
#7 C:\\laragon\\www\\Ariya\\vendor\\laravel\\framework\\src\\Illuminate\\View\\View.php(190): Illuminate\\View\\View->getContents()
#8 C:\\laragon\\www\\Ariya\\vendor\\laravel\\framework\\src\\Illuminate\\View\\View.php(159): Illuminate\\View\\View->renderContents()
#9 C:\\laragon\\www\\Ariya\\storage\\framework\\views\\bfd22887af09b1d66f48628b7d28766b.php(6): Illuminate\\View\\View->render()
#10 C:\\laragon\\www\\Ariya\\vendor\\laravel\\framework\\src\\Illuminate\\Filesystem\\Filesystem.php(123): require('C:\\\\laragon\\\\www\\\\...')
#11 C:\\laragon\\www\\Ariya\\vendor\\laravel\\framework\\src\\Illuminate\\Filesystem\\Filesystem.php(124): Illuminate\\Filesystem\\Filesystem::Illuminate\\Filesystem\\{closure}()
#12 C:\\laragon\\www\\Ariya\\vendor\\laravel\\framework\\src\\Illuminate\\View\\Engines\\PhpEngine.php(58): Illuminate\\Filesystem\\Filesystem->getRequire('C:\\\\laragon\\\\www\\\\...', Array)
#13 C:\\laragon\\www\\Ariya\\vendor\\laravel\\framework\\src\\Illuminate\\View\\Engines\\CompilerEngine.php(72): Illuminate\\View\\Engines\\PhpEngine->evaluatePath('C:\\\\laragon\\\\www\\\\...', Array)
#14 C:\\laragon\\www\\Ariya\\vendor\\laravel\\framework\\src\\Illuminate\\View\\View.php(207): Illuminate\\View\\Engines\\CompilerEngine->get('C:\\\\laragon\\\\www\\\\...', Array)
#15 C:\\laragon\\www\\Ariya\\vendor\\laravel\\framework\\src\\Illuminate\\View\\View.php(190): Illuminate\\View\\View->getContents()
#16 C:\\laragon\\www\\Ariya\\vendor\\laravel\\framework\\src\\Illuminate\\View\\View.php(159): Illuminate\\View\\View->renderContents()
#17 C:\\laragon\\www\\Ariya\\storage\\framework\\views\\c8cd80051eac302a1c06a5c3634bfece.php(34): Illuminate\\View\\View->render()
#18 C:\\laragon\\www\\Ariya\\vendor\\laravel\\framework\\src\\Illuminate\\Filesystem\\Filesystem.php(123): require('C:\\\\laragon\\\\www\\\\...')
#19 C:\\laragon\\www\\Ariya\\vendor\\laravel\\framework\\src\\Illuminate\\Filesystem\\Filesystem.php(124): Illuminate\\Filesystem\\Filesystem::Illuminate\\Filesystem\\{closure}()
#20 C:\\laragon\\www\\Ariya\\vendor\\laravel\\framework\\src\\Illuminate\\View\\Engines\\PhpEngine.php(58): Illuminate\\Filesystem\\Filesystem->getRequire('C:\\\\laragon\\\\www\\\\...', Array)
#21 C:\\laragon\\www\\Ariya\\vendor\\laravel\\framework\\src\\Illuminate\\View\\Engines\\CompilerEngine.php(72): Illuminate\\View\\Engines\\PhpEngine->evaluatePath('C:\\\\laragon\\\\www\\\\...', Array)
#22 C:\\laragon\\www\\Ariya\\vendor\\laravel\\framework\\src\\Illuminate\\View\\View.php(207): Illuminate\\View\\Engines\\CompilerEngine->get('C:\\\\laragon\\\\www\\\\...', Array)
#23 C:\\laragon\\www\\Ariya\\vendor\\laravel\\framework\\src\\Illuminate\\View\\View.php(190): Illuminate\\View\\View->getContents()
#24 C:\\laragon\\www\\Ariya\\vendor\\laravel\\framework\\src\\Illuminate\\View\\View.php(159): Illuminate\\View\\View->renderContents()
#25 C:\\laragon\\www\\Ariya\\vendor\\laravel\\framework\\src\\Illuminate\\Http\\Response.php(69): Illuminate\\View\\View->render()
#26 C:\\laragon\\www\\Ariya\\vendor\\laravel\\framework\\src\\Illuminate\\Http\\Response.php(35): Illuminate\\Http\\Response->setContent(Object(Illuminate\\View\\View))
#27 C:\\laragon\\www\\Ariya\\vendor\\laravel\\framework\\src\\Illuminate\\Routing\\ResponseFactory.php(58): Illuminate\\Http\\Response->__construct(Object(Illuminate\\View\\View), 500, Array)
#28 C:\\laragon\\www\\Ariya\\vendor\\laravel\\framework\\src\\Illuminate\\Routing\\ResponseFactory.php(88): Illuminate\\Routing\\ResponseFactory->make(Object(Illuminate\\View\\View), 500, Array)
#29 C:\\laragon\\www\\Ariya\\vendor\\laravel\\framework\\src\\Illuminate\\Foundation\\Exceptions\\Handler.php(723): Illuminate\\Routing\\ResponseFactory->view('errors::500', Array, 500, Array)
#30 C:\\laragon\\www\\Ariya\\vendor\\laravel\\framework\\src\\Illuminate\\Foundation\\Exceptions\\Handler.php(650): Illuminate\\Foundation\\Exceptions\\Handler->renderHttpException(Object(Symfony\\Component\\HttpKernel\\Exception\\HttpException))
#31 C:\\laragon\\www\\Ariya\\vendor\\laravel\\framework\\src\\Illuminate\\Foundation\\Exceptions\\Handler.php(556): Illuminate\\Foundation\\Exceptions\\Handler->prepareResponse(Object(Illuminate\\Http\\Request), Object(Symfony\\Component\\HttpKernel\\Exception\\HttpException))
#32 C:\\laragon\\www\\Ariya\\vendor\\laravel\\framework\\src\\Illuminate\\Foundation\\Exceptions\\Handler.php(473): Illuminate\\Foundation\\Exceptions\\Handler->renderExceptionResponse(Object(Illuminate\\Http\\Request), Object(Illuminate\\Database\\QueryException))
#33 C:\\laragon\\www\\Ariya\\app\\Exceptions\\Handler.php(134): Illuminate\\Foundation\\Exceptions\\Handler->render(Object(Illuminate\\Http\\Request), Object(Illuminate\\Database\\QueryException))
#34 C:\\laragon\\www\\Ariya\\vendor\\laravel\\framework\\src\\Illuminate\\Foundation\\Http\\Kernel.php(509): App\\Exceptions\\Handler->render(Object(Illuminate\\Http\\Request), Object(Illuminate\\Database\\QueryException))
#35 C:\\laragon\\www\\Ariya\\vendor\\laravel\\framework\\src\\Illuminate\\Foundation\\Http\\Kernel.php(148): Illuminate\\Foundation\\Http\\Kernel->renderException(Object(Illuminate\\Http\\Request), Object(Illuminate\\Database\\QueryException))
#36 C:\\laragon\\www\\Ariya\\public\\index.php(52): Illuminate\\Foundation\\Http\\Kernel->handle(Object(Illuminate\\Http\\Request))
#37 C:\\laragon\\www\\Ariya\\server.php(21): require_once('C:\\\\laragon\\\\www\\\\...')
#38 {main}
"} 
[2026-07-04 15:39:30] local.ERROR: Maximum execution time of 300 seconds exceeded {"exception":"[object] (Symfony\\Component\\ErrorHandler\\Error\\FatalError(code: 0): Maximum execution time of 300 seconds exceeded at C:\\laragon\\www\\Ariya\\vendor\\laravel\\framework\\src\\Illuminate\\Foundation\\Console\\ServeCommand.php:95)
[stacktrace]
#0 {main}
"} 
[2026-07-05 12:00:40] local.ERROR: Maximum execution time of 300 seconds exceeded {"exception":"[object] (Symfony\\Component\\ErrorHandler\\Error\\FatalError(code: 0): Maximum execution time of 300 seconds exceeded at C:\\laragon\\www\\Ariya\\vendor\\laravel\\framework\\src\\Illuminate\\Foundation\\Console\\ServeCommand.php:95)
[stacktrace]
#0 {main}
"} 
[2026-07-07 14:18:54] local.ERROR: Maximum execution time of 300 seconds exceeded {"exception":"[object] (Symfony\\Component\\ErrorHandler\\Error\\FatalError(code: 0): Maximum execution time of 300 seconds exceeded at C:\\laragon\\www\\Ariya\\vendor\\laravel\\framework\\src\\Illuminate\\Foundation\\Console\\ServeCommand.php:95)
[stacktrace]
#0 {main}
"} 
[2026-07-07 15:10:40] local.ERROR: Command "merg" is not defined. {"exception":"[object] (Symfony\\Component\\Console\\Exception\\CommandNotFoundException(code: 0): Command \"merg\" is not defined. at C:\\laragon\\www\\Ariya\\vendor\\symfony\\console\\Application.php:737)
[stacktrace]
#0 C:\\laragon\\www\\Ariya\\vendor\\symfony\\console\\Application.php(266): Symfony\\Component\\Console\\Application->find('merg')
#1 C:\\laragon\\www\\Ariya\\vendor\\symfony\\console\\Application.php(175): Symfony\\Component\\Console\\Application->doRun(Object(Symfony\\Component\\Console\\Input\\ArgvInput), Object(Symfony\\Component\\Console\\Output\\ConsoleOutput))
#2 C:\\laragon\\www\\Ariya\\vendor\\laravel\\framework\\src\\Illuminate\\Foundation\\Console\\Kernel.php(201): Symfony\\Component\\Console\\Application->run(Object(Symfony\\Component\\Console\\Input\\ArgvInput), Object(Symfony\\Component\\Console\\Output\\ConsoleOutput))
#3 C:\\laragon\\www\\Ariya\\artisan(35): Illuminate\\Foundation\\Console\\Kernel->handle(Object(Symfony\\Component\\Console\\Input\\ArgvInput), Object(Symfony\\Component\\Console\\Output\\ConsoleOutput))
#4 {main}
"} 
[2026-07-11 09:10:09] local.ERROR: SQLSTATE[HY000] [2002] No connection could be made because the target machine actively refused it (Connection: mysql, SQL: select * from `permissions` where `active` = 1) {"exception":"[object] (Illuminate\\Database\\QueryException(code: 2002): SQLSTATE[HY000] [2002] No connection could be made because the target machine actively refused it (Connection: mysql, SQL: select * from `permissions` where `active` = 1) at C:\\laragon\\www\\Ariya\\vendor\\laravel\\framework\\src\\Illuminate\\Database\\Connection.php:829)
[stacktrace]
#0 C:\\laragon\\www\\Ariya\\vendor\\laravel\\framework\\src\\Illuminate\\Database\\Connection.php(983): Illuminate\\Database\\Connection->runQueryCallback('select * from `...', Array, Object(Closure))
#1 C:\\laragon\\www\\Ariya\\vendor\\laravel\\framework\\src\\Illuminate\\Database\\Connection.php(962): Illuminate\\Database\\Connection->tryAgainIfCausedByLostConnection(Object(Illuminate\\Database\\QueryException), 'select * from `...', Array, Object(Closure))
#2 C:\\laragon\\www\\Ariya\\vendor\\laravel\\framework\\src\\Illuminate\\Database\\Connection.php(785): Illuminate\\Database\\Connection->handleQueryException(Object(Illuminate\\Database\\QueryException), 'select * from `...', Array, Object(Closure))
#3 C:\\laragon\\www\\Ariya\\vendor\\laravel\\framework\\src\\Illuminate\\Database\\Connection.php(414): Illuminate\\Database\\Connection->run('select * from `...', Array, Object(Closure))
#4 C:\\laragon\\www\\Ariya\\vendor\\laravel\\framework\\src\\Illuminate\\Database\\Query\\Builder.php(2913): Illuminate\\Database\\Connection->select('select * from `...', Array, true)
#5 C:\\laragon\\www\\Ariya\\vendor\\laravel\\framework\\src\\Illuminate\\Database\\Query\\Builder.php(2902): Illuminate\\Database\\Query\\Builder->runSelect()
#6 C:\\laragon\\www\\Ariya\\vendor\\laravel\\framework\\src\\Illuminate\\Database\\Query\\Builder.php(3456): Illuminate\\Database\\Query\\Builder->Illuminate\\Database\\Query\\{closure}()
#7 C:\\laragon\\www\\Ariya\\vendor\\laravel\\framework\\src\\Illuminate\\Database\\Query\\Builder.php(2901): Illuminate\\Database\\Query\\Builder->onceWithColumns(Array, Object(Closure))
#8 C:\\laragon\\www\\Ariya\\vendor\\laravel\\framework\\src\\Illuminate\\Database\\Eloquent\\Builder.php(739): Illuminate\\Database\\Query\\Builder->get(Array)
#9 C:\\laragon\\www\\Ariya\\vendor\\laravel\\framework\\src\\Illuminate\\Database\\Eloquent\\Builder.php(723): Illuminate\\Database\\Eloquent\\Builder->getModels(Array)
#10 C:\\laragon\\www\\Ariya\\app\\Providers\\AuthServiceProvider.php(40): Illuminate\\Database\\Eloquent\\Builder->get()
#11 C:\\laragon\\www\\Ariya\\app\\Providers\\AuthServiceProvider.php(30): App\\Providers\\AuthServiceProvider->getPermissions()
#12 C:\\laragon\\www\\Ariya\\vendor\\laravel\\framework\\src\\Illuminate\\Container\\BoundMethod.php(36): App\\Providers\\AuthServiceProvider->boot()
#13 C:\\laragon\\www\\Ariya\\vendor\\laravel\\framework\\src\\Illuminate\\Container\\Util.php(41): Illuminate\\Container\\BoundMethod::Illuminate\\Container\\{closure}()
#14 C:\\laragon\\www\\Ariya\\vendor\\laravel\\framework\\src\\Illuminate\\Container\\BoundMethod.php(93): Illuminate\\Container\\Util::unwrapIfClosure(Object(Closure))
#15 C:\\laragon\\www\\Ariya\\vendor\\laravel\\framework\\src\\Illuminate\\Container\\BoundMethod.php(35): Illuminate\\Container\\BoundMethod::callBoundMethod(Object(Illuminate\\Foundation\\Application), Array, Object(Closure))
#16 C:\\laragon\\www\\Ariya\\vendor\\laravel\\framework\\src\\Illuminate\\Container\\Container.php(662): Illuminate\\Container\\BoundMethod::call(Object(Illuminate\\Foundation\\Application), Array, Array, NULL)
#17 C:\\laragon\\www\\Ariya\\vendor\\laravel\\framework\\src\\Illuminate\\Foundation\\Application.php(1059): Illuminate\\Container\\Container->call(Array)
#18 C:\\laragon\\www\\Ariya\\vendor\\laravel\\framework\\src\\Illuminate\\Foundation\\Application.php(1040): Illuminate\\Foundation\\Application->bootProvider(Object(App\\Providers\\AuthServiceProvider))
#19 [internal function]: Illuminate\\Foundation\\Application->Illuminate\\Foundation\\{closure}(Object(App\\Providers\\AuthServiceProvider), 43)
#20 C:\\laragon\\www\\Ariya\\vendor\\laravel\\framework\\src\\Illuminate\\Foundation\\Application.php(1039): array_walk(Array, Object(Closure))
#21 C:\\laragon\\www\\Ariya\\vendor\\laravel\\framework\\src\\Illuminate\\Foundation\\Bootstrap\\BootProviders.php(17): Illuminate\\Foundation\\Application->boot()
#22 C:\\laragon\\www\\Ariya\\vendor\\laravel\\framework\\src\\Illuminate\\Foundation\\Application.php(286): Illuminate\\Foundation\\Bootstrap\\BootProviders->bootstrap(Object(Illuminate\\Foundation\\Application))
#23 C:\\laragon\\www\\Ariya\\vendor\\laravel\\framework\\src\\Illuminate\\Foundation\\Http\\Kernel.php(186): Illuminate\\Foundation\\Application->bootstrapWith(Array)
#24 C:\\laragon\\www\\Ariya\\vendor\\laravel\\framework\\src\\Illuminate\\Foundation\\Http\\Kernel.php(170): Illuminate\\Foundation\\Http\\Kernel->bootstrap()
#25 C:\\laragon\\www\\Ariya\\vendor\\laravel\\framework\\src\\Illuminate\\Foundation\\Http\\Kernel.php(144): Illuminate\\Foundation\\Http\\Kernel->sendRequestThroughRouter(Object(Illuminate\\Http\\Request))
#26 C:\\laragon\\www\\Ariya\\public\\index.php(52): Illuminate\\Foundation\\Http\\Kernel->handle(Object(Illuminate\\Http\\Request))
#27 C:\\laragon\\www\\Ariya\\server.php(21): require_once('C:\\\\laragon\\\\www\\\\...')
#28 {main}

[previous exception] [object] (PDOException(code: 2002): SQLSTATE[HY000] [2002] No connection could be made because the target machine actively refused it at C:\\laragon\\www\\Ariya\\vendor\\laravel\\framework\\src\\Illuminate\\Database\\Connectors\\Connector.php:65)
[stacktrace]
#0 C:\\laragon\\www\\Ariya\\vendor\\laravel\\framework\\src\\Illuminate\\Database\\Connectors\\Connector.php(65): PDO->__construct('mysql:host=127....', 'root', Object(SensitiveParameterValue), Array)
#1 C:\\laragon\\www\\Ariya\\vendor\\laravel\\framework\\src\\Illuminate\\Database\\Connectors\\Connector.php(83): Illuminate\\Database\\Connectors\\Connector->createPdoConnection('mysql:host=127....', 'root', '', Array)
#2 C:\\laragon\\www\\Ariya\\vendor\\laravel\\framework\\src\\Illuminate\\Database\\Connectors\\Connector.php(48): Illuminate\\Database\\Connectors\\Connector->tryAgainIfCausedByLostConnection(Object(PDOException), 'mysql:host=127....', 'root', '', Array)
#3 C:\\laragon\\www\\Ariya\\vendor\\laravel\\framework\\src\\Illuminate\\Database\\Connectors\\MySqlConnector.php(24): Illuminate\\Database\\Connectors\\Connector->createConnection('mysql:host=127....', Array, Array)
#4 C:\\laragon\\www\\Ariya\\vendor\\laravel\\framework\\src\\Illuminate\\Database\\Connectors\\ConnectionFactory.php(184): Illuminate\\Database\\Connectors\\MySqlConnector->connect(Array)
#5 [internal function]: Illuminate\\Database\\Connectors\\ConnectionFactory->Illuminate\\Database\\Connectors\\{closure}()
#6 C:\\laragon\\www\\Ariya\\vendor\\laravel\\framework\\src\\Illuminate\\Database\\Connection.php(1339): call_user_func(Object(Closure))
#7 C:\\laragon\\www\\Ariya\\vendor\\laravel\\framework\\src\\Illuminate\\Database\\Connection.php(1375): Illuminate\\Database\\Connection->getPdo()
#8 C:\\laragon\\www\\Ariya\\vendor\\laravel\\framework\\src\\Illuminate\\Database\\Connection.php(528): Illuminate\\Database\\Connection->getReadPdo()
#9 C:\\laragon\\www\\Ariya\\vendor\\laravel\\framework\\src\\Illuminate\\Database\\Connection.php(423): Illuminate\\Database\\Connection->getPdoForSelect(true)
#10 C:\\laragon\\www\\Ariya\\vendor\\laravel\\framework\\src\\Illuminate\\Database\\Connection.php(816): Illuminate\\Database\\Connection->Illuminate\\Database\\{closure}('select * from `...', Array)
#11 C:\\laragon\\www\\Ariya\\vendor\\laravel\\framework\\src\\Illuminate\\Database\\Connection.php(983): Illuminate\\Database\\Connection->runQueryCallback('select * from `...', Array, Object(Closure))
#12 C:\\laragon\\www\\Ariya\\vendor\\laravel\\framework\\src\\Illuminate\\Database\\Connection.php(962): Illuminate\\Database\\Connection->tryAgainIfCausedByLostConnection(Object(Illuminate\\Database\\QueryException), 'select * from `...', Array, Object(Closure))
#13 C:\\laragon\\www\\Ariya\\vendor\\laravel\\framework\\src\\Illuminate\\Database\\Connection.php(785): Illuminate\\Database\\Connection->handleQueryException(Object(Illuminate\\Database\\QueryException), 'select * from `...', Array, Object(Closure))
#14 C:\\laragon\\www\\Ariya\\vendor\\laravel\\framework\\src\\Illuminate\\Database\\Connection.php(414): Illuminate\\Database\\Connection->run('select * from `...', Array, Object(Closure))
#15 C:\\laragon\\www\\Ariya\\vendor\\laravel\\framework\\src\\Illuminate\\Database\\Query\\Builder.php(2913): Illuminate\\Database\\Connection->select('select * from `...', Array, true)
#16 C:\\laragon\\www\\Ariya\\vendor\\laravel\\framework\\src\\Illuminate\\Database\\Query\\Builder.php(2902): Illuminate\\Database\\Query\\Builder->runSelect()
#17 C:\\laragon\\www\\Ariya\\vendor\\laravel\\framework\\src\\Illuminate\\Database\\Query\\Builder.php(3456): Illuminate\\Database\\Query\\Builder->Illuminate\\Database\\Query\\{closure}()
#18 C:\\laragon\\www\\Ariya\\vendor\\laravel\\framework\\src\\Illuminate\\Database\\Query\\Builder.php(2901): Illuminate\\Database\\Query\\Builder->onceWithColumns(Array, Object(Closure))
#19 C:\\laragon\\www\\Ariya\\vendor\\laravel\\framework\\src\\Illuminate\\Database\\Eloquent\\Builder.php(739): Illuminate\\Database\\Query\\Builder->get(Array)
#20 C:\\laragon\\www\\Ariya\\vendor\\laravel\\framework\\src\\Illuminate\\Database\\Eloquent\\Builder.php(723): Illuminate\\Database\\Eloquent\\Builder->getModels(Array)
#21 C:\\laragon\\www\\Ariya\\app\\Providers\\AuthServiceProvider.php(40): Illuminate\\Database\\Eloquent\\Builder->get()
#22 C:\\laragon\\www\\Ariya\\app\\Providers\\AuthServiceProvider.php(30): App\\Providers\\AuthServiceProvider->getPermissions()
#23 C:\\laragon\\www\\Ariya\\vendor\\laravel\\framework\\src\\Illuminate\\Container\\BoundMethod.php(36): App\\Providers\\AuthServiceProvider->boot()
#24 C:\\laragon\\www\\Ariya\\vendor\\laravel\\framework\\src\\Illuminate\\Container\\Util.php(41): Illuminate\\Container\\BoundMethod::Illuminate\\Container\\{closure}()
#25 C:\\laragon\\www\\Ariya\\vendor\\laravel\\framework\\src\\Illuminate\\Container\\BoundMethod.php(93): Illuminate\\Container\\Util::unwrapIfClosure(Object(Closure))
#26 C:\\laragon\\www\\Ariya\\vendor\\laravel\\framework\\src\\Illuminate\\Container\\BoundMethod.php(35): Illuminate\\Container\\BoundMethod::callBoundMethod(Object(Illuminate\\Foundation\\Application), Array, Object(Closure))
#27 C:\\laragon\\www\\Ariya\\vendor\\laravel\\framework\\src\\Illuminate\\Container\\Container.php(662): Illuminate\\Container\\BoundMethod::call(Object(Illuminate\\Foundation\\Application), Array, Array, NULL)
#28 C:\\laragon\\www\\Ariya\\vendor\\laravel\\framework\\src\\Illuminate\\Foundation\\Application.php(1059): Illuminate\\Container\\Container->call(Array)
#29 C:\\laragon\\www\\Ariya\\vendor\\laravel\\framework\\src\\Illuminate\\Foundation\\Application.php(1040): Illuminate\\Foundation\\Application->bootProvider(Object(App\\Providers\\AuthServiceProvider))
#30 [internal function]: Illuminate\\Foundation\\Application->Illuminate\\Foundation\\{closure}(Object(App\\Providers\\AuthServiceProvider), 43)
#31 C:\\laragon\\www\\Ariya\\vendor\\laravel\\framework\\src\\Illuminate\\Foundation\\Application.php(1039): array_walk(Array, Object(Closure))
#32 C:\\laragon\\www\\Ariya\\vendor\\laravel\\framework\\src\\Illuminate\\Foundation\\Bootstrap\\BootProviders.php(17): Illuminate\\Foundation\\Application->boot()
#33 C:\\laragon\\www\\Ariya\\vendor\\laravel\\framework\\src\\Illuminate\\Foundation\\Application.php(286): Illuminate\\Foundation\\Bootstrap\\BootProviders->bootstrap(Object(Illuminate\\Foundation\\Application))
#34 C:\\laragon\\www\\Ariya\\vendor\\laravel\\framework\\src\\Illuminate\\Foundation\\Http\\Kernel.php(186): Illuminate\\Foundation\\Application->bootstrapWith(Array)
#35 C:\\laragon\\www\\Ariya\\vendor\\laravel\\framework\\src\\Illuminate\\Foundation\\Http\\Kernel.php(170): Illuminate\\Foundation\\Http\\Kernel->bootstrap()
#36 C:\\laragon\\www\\Ariya\\vendor\\laravel\\framework\\src\\Illuminate\\Foundation\\Http\\Kernel.php(144): Illuminate\\Foundation\\Http\\Kernel->sendRequestThroughRouter(Object(Illuminate\\Http\\Request))
#37 C:\\laragon\\www\\Ariya\\public\\index.php(52): Illuminate\\Foundation\\Http\\Kernel->handle(Object(Illuminate\\Http\\Request))
#38 C:\\laragon\\www\\Ariya\\server.php(21): require_once('C:\\\\laragon\\\\www\\\\...')
#39 {main}
"} 
[2026-07-11 09:10:09] local.ERROR: Route [csrf] not defined. {"view":{"view":"C:\\laragon\\www\\Ariya\\resources\\views\\back\\partials\\meta.blade.php","data":{"errors":"<pre class=sf-dump id=sf-dump-1458443674 data-indent-pad=\"  \"><span class=sf-dump-note>Illuminate\\Support\\ViewErrorBag</span> {<a class=sf-dump-ref>#1173</a><samp data-depth=1 class=sf-dump-expanded>
  #<span class=sf-dump-protected title=\"Protected property\">bags</span>: []
</samp>}
</pre><script>Sfdump(\"sf-dump-1458443674\", {\"maxDepth\":3,\"maxStringLength\":160})</script>
","exception":"<pre class=sf-dump id=sf-dump-1997528133 data-indent-pad=\"  \"><span class=sf-dump-note>Symfony\\Component\\HttpKernel\\Exception\\HttpException</span> {<a class=sf-dump-ref>#1181</a><samp data-depth=1 class=sf-dump-expanded>
  #<span class=sf-dump-protected title=\"Protected property\">message</span>: \"<span class=sf-dump-str title=\"170 characters\">SQLSTATE[HY000] [2002] No connection could be made because the target machine actively refused it (Connection: mysql, SQL: select * from `permissions` where `active` = 1)</span>\"
  #<span class=sf-dump-protected title=\"Protected property\">code</span>: <span class=sf-dump-num>0</span>
  #<span class=sf-dump-protected title=\"Protected property\">file</span>: \"<span class=\"sf-dump-str sf-dump-ellipsization\" title=\"C:\\laragon\\www\\Ariya\\vendor\\laravel\\framework\\src\\Illuminate\\Foundation\\Exceptions\\Handler.php
94 characters\"><span class=\"sf-dump-ellipsis sf-dump-ellipsis-path\">C:\\laragon\\www\\Ariya\\vendor</span><span class=\"sf-dump-ellipsis sf-dump-ellipsis-path\">\\laravel\\framework\\</span><span class=\"sf-dump-ellipsis-tail\">src\\Illuminate\\Foundation\\Exceptions\\Handler.php</span></span>\"
  #<span class=sf-dump-protected title=\"Protected property\">line</span>: <span class=sf-dump-num>646</span>
  -<span class=sf-dump-private title=\"Private property defined in class:&#10;`Exception`\">previous</span>: <span class=\"sf-dump-note sf-dump-ellipsization\" title=\"Illuminate\\Database\\QueryException
\"><span class=\"sf-dump-ellipsis sf-dump-ellipsis-note\">Illuminate\\Database</span><span class=\"sf-dump-ellipsis sf-dump-ellipsis-note\">\\</span><span class=\"sf-dump-ellipsis-tail\">QueryException</span></span> {<a class=sf-dump-ref href=#sf-dump-1997528133-ref21142 title=\"6 occurrences\">#1142</a><samp data-depth=2 id=sf-dump-1997528133-ref21142 class=sf-dump-compact>
    #<span class=sf-dump-protected title=\"Protected property\">message</span>: \"<span class=sf-dump-str title=\"170 characters\">SQLSTATE[HY000] [2002] No connection could be made because the target machine actively refused it (Connection: mysql, SQL: select * from `permissions` where `active` = 1)</span>\"
    #<span class=sf-dump-protected title=\"Protected property\">code</span>: <span class=sf-dump-num>2002</span>
    #<span class=sf-dump-protected title=\"Protected property\">file</span>: \"<span class=\"sf-dump-str sf-dump-ellipsization\" title=\"C:\\laragon\\www\\Ariya\\vendor\\laravel\\framework\\src\\Illuminate\\Database\\Connection.php
84 characters\"><span class=\"sf-dump-ellipsis sf-dump-ellipsis-path\">C:\\laragon\\www\\Ariya\\vendor</span><span class=\"sf-dump-ellipsis sf-dump-ellipsis-path\">\\laravel\\framework\\</span><span class=\"sf-dump-ellipsis-tail\">src\\Illuminate\\Database\\Connection.php</span></span>\"
    #<span class=sf-dump-protected title=\"Protected property\">line</span>: <span class=sf-dump-num>829</span>
    -<span class=sf-dump-private title=\"Private property defined in class:&#10;`Exception`\">previous</span>: <span class=sf-dump-note>PDOException</span> {<a class=sf-dump-ref>#1146</a><samp data-depth=3 class=sf-dump-compact>
      #<span class=sf-dump-protected title=\"Protected property\">message</span>: \"<span class=sf-dump-str title=\"97 characters\">SQLSTATE[HY000] [2002] No connection could be made because the target machine actively refused it</span>\"
      #<span class=sf-dump-protected title=\"Protected property\">code</span>: <span class=sf-dump-num>2002</span>
      #<span class=sf-dump-protected title=\"Protected property\">file</span>: \"<span class=\"sf-dump-str sf-dump-ellipsization\" title=\"C:\\laragon\\www\\Ariya\\vendor\\laravel\\framework\\src\\Illuminate\\Database\\Connectors\\Connector.php
94 characters\"><span class=\"sf-dump-ellipsis sf-dump-ellipsis-path\">C:\\laragon\\www\\Ariya\\vendor</span><span class=\"sf-dump-ellipsis sf-dump-ellipsis-path\">\\laravel\\framework\\</span><span class=\"sf-dump-ellipsis-tail\">src\\Illuminate\\Database\\Connectors\\Connector.php</span></span>\"
      #<span class=sf-dump-protected title=\"Protected property\">line</span>: <span class=sf-dump-num>65</span>
      +<span class=sf-dump-public title=\"Public property\">errorInfo</span>: <span class=sf-dump-note>array:3</span> [ &#8230;3]
      <span class=sf-dump-meta>trace</span>: { &#8230;39}
    </samp>}
    +<span class=sf-dump-public title=\"Public property\">errorInfo</span>: <span class=sf-dump-note>array:3</span> [<samp data-depth=3 class=sf-dump-compact>
      <span class=sf-dump-index>0</span> => \"<span class=sf-dump-str title=\"5 characters\">HY000</span>\"
      <span class=sf-dump-index>1</span> => <span class=sf-dump-num>2002</span>
      <span class=sf-dump-index>2</span> => \"<span class=sf-dump-str title=\"74 characters\">No connection could be made because the target machine actively refused it</span>\"
    </samp>]
    +<span class=sf-dump-public title=\"Public property\">connectionName</span>: \"<span class=sf-dump-str title=\"5 characters\">mysql</span>\"
    #<span class=sf-dump-protected title=\"Protected property\">sql</span>: \"<span class=sf-dump-str title=\"46 characters\">select * from `permissions` where `active` = ?</span>\"
    #<span class=sf-dump-protected title=\"Protected property\">bindings</span>: <span class=sf-dump-note>array:1</span> [<samp data-depth=3 class=sf-dump-compact>
      <span class=sf-dump-index>0</span> => <span class=sf-dump-num>1</span>
    </samp>]
    <span class=sf-dump-meta>trace</span>: {<samp data-depth=3 class=sf-dump-compact>
      <span class=\"sf-dump-meta sf-dump-ellipsization\" title=\"C:\\laragon\\www\\Ariya\\vendor\\laravel\\framework\\src\\Illuminate\\Database\\Connection.php:829
Stack level 29.\"><span class=\"sf-dump-ellipsis sf-dump-ellipsis-path\">C:\\laragon\\www\\Ariya\\vendor</span><span class=\"sf-dump-ellipsis sf-dump-ellipsis-path\">\\laravel\\framework\\</span><span class=\"sf-dump-ellipsis-tail\">src\\Illuminate\\Database\\Connection.php:829</span></span> { &#8230;4}
      <span class=\"sf-dump-meta sf-dump-ellipsization\" title=\"C:\\laragon\\www\\Ariya\\vendor\\laravel\\framework\\src\\Illuminate\\Database\\Connection.php:983
Stack level 28.\"><span class=\"sf-dump-ellipsis sf-dump-ellipsis-path\">C:\\laragon\\www\\Ariya\\vendor</span><span class=\"sf-dump-ellipsis sf-dump-ellipsis-path\">\\laravel\\framework\\</span><span class=\"sf-dump-ellipsis-tail\">src\\Illuminate\\Database\\Connection.php:983</span></span> { &#8230;5}
      <span class=\"sf-dump-meta sf-dump-ellipsization\" title=\"C:\\laragon\\www\\Ariya\\vendor\\laravel\\framework\\src\\Illuminate\\Database\\Connection.php:962
Stack level 27.\"><span class=\"sf-dump-ellipsis sf-dump-ellipsis-path\">C:\\laragon\\www\\Ariya\\vendor</span><span class=\"sf-dump-ellipsis sf-dump-ellipsis-path\">\\laravel\\framework\\</span><span class=\"sf-dump-ellipsis-tail\">src\\Illuminate\\Database\\Connection.php:962</span></span> { &#8230;5}
      <span class=\"sf-dump-meta sf-dump-ellipsization\" title=\"C:\\laragon\\www\\Ariya\\vendor\\laravel\\framework\\src\\Illuminate\\Database\\Connection.php:785
Stack level 26.\"><span class=\"sf-dump-ellipsis sf-dump-ellipsis-path\">C:\\laragon\\www\\Ariya\\vendor</span><span class=\"sf-dump-ellipsis sf-dump-ellipsis-path\">\\laravel\\framework\\</span><span class=\"sf-dump-ellipsis-tail\">src\\Illuminate\\Database\\Connection.php:785</span></span> { &#8230;5}
      <span class=\"sf-dump-meta sf-dump-ellipsization\" title=\"C:\\laragon\\www\\Ariya\\vendor\\laravel\\framework\\src\\Illuminate\\Database\\Connection.php:414
Stack level 25.\"><span class=\"sf-dump-ellipsis sf-dump-ellipsis-path\">C:\\laragon\\www\\Ariya\\vendor</span><span class=\"sf-dump-ellipsis sf-dump-ellipsis-path\">\\laravel\\framework\\</span><span class=\"sf-dump-ellipsis-tail\">src\\Illuminate\\Database\\Connection.php:414</span></span> { &#8230;5}
      <span class=\"sf-dump-meta sf-dump-ellipsization\" title=\"C:\\laragon\\www\\Ariya\\vendor\\laravel\\framework\\src\\Illuminate\\Database\\Query\\Builder.php:2913
Stack level 24.\"><span class=\"sf-dump-ellipsis sf-dump-ellipsis-path\">C:\\laragon\\www\\Ariya\\vendor</span><span class=\"sf-dump-ellipsis sf-dump-ellipsis-path\">\\laravel\\framework\\</span><span class=\"sf-dump-ellipsis-tail\">src\\Illuminate\\Database\\Query\\Builder.php:2913</span></span> { &#8230;5}
      <span class=\"sf-dump-meta sf-dump-ellipsization\" title=\"C:\\laragon\\www\\Ariya\\vendor\\laravel\\framework\\src\\Illuminate\\Database\\Query\\Builder.php:2902
Stack level 23.\"><span class=\"sf-dump-ellipsis sf-dump-ellipsis-path\">C:\\laragon\\www\\Ariya\\vendor</span><span class=\"sf-dump-ellipsis sf-dump-ellipsis-path\">\\laravel\\framework\\</span><span class=\"sf-dump-ellipsis-tail\">src\\Illuminate\\Database\\Query\\Builder.php:2902</span></span> { &#8230;4}
      <span class=\"sf-dump-meta sf-dump-ellipsization\" title=\"C:\\laragon\\www\\Ariya\\vendor\\laravel\\framework\\src\\Illuminate\\Database\\Query\\Builder.php:3456
Stack level 22.\"><span class=\"sf-dump-ellipsis sf-dump-ellipsis-path\">C:\\laragon\\www\\Ariya\\vendor</span><span class=\"sf-dump-ellipsis sf-dump-ellipsis-path\">\\laravel\\framework\\</span><span class=\"sf-dump-ellipsis-tail\">src\\Illuminate\\Database\\Query\\Builder.php:3456</span></span> { &#8230;4}
      <span class=\"sf-dump-meta sf-dump-ellipsization\" title=\"C:\\laragon\\www\\Ariya\\vendor\\laravel\\framework\\src\\Illuminate\\Database\\Query\\Builder.php:2901
Stack level 21.\"><span class=\"sf-dump-ellipsis sf-dump-ellipsis-path\">C:\\laragon\\www\\Ariya\\vendor</span><span class=\"sf-dump-ellipsis sf-dump-ellipsis-path\">\\laravel\\framework\\</span><span class=\"sf-dump-ellipsis-tail\">src\\Illuminate\\Database\\Query\\Builder.php:2901</span></span> { &#8230;5}
      <span class=\"sf-dump-meta sf-dump-ellipsization\" title=\"C:\\laragon\\www\\Ariya\\vendor\\laravel\\framework\\src\\Illuminate\\Database\\Eloquent\\Builder.php:739
Stack level 20.\"><span class=\"sf-dump-ellipsis sf-dump-ellipsis-path\">C:\\laragon\\www\\Ariya\\vendor</span><span class=\"sf-dump-ellipsis sf-dump-ellipsis-path\">\\laravel\\framework\\</span><span class=\"sf-dump-ellipsis-tail\">src\\Illuminate\\Database\\Eloquent\\Builder.php:739</span></span> { &#8230;5}
      <span class=\"sf-dump-meta sf-dump-ellipsization\" title=\"C:\\laragon\\www\\Ariya\\vendor\\laravel\\framework\\src\\Illuminate\\Database\\Eloquent\\Builder.php:723
Stack level 19.\"><span class=\"sf-dump-ellipsis sf-dump-ellipsis-path\">C:\\laragon\\www\\Ariya\\vendor</span><span class=\"sf-dump-ellipsis sf-dump-ellipsis-path\">\\laravel\\framework\\</span><span class=\"sf-dump-ellipsis-tail\">src\\Illuminate\\Database\\Eloquent\\Builder.php:723</span></span> { &#8230;5}
      <span class=\"sf-dump-meta sf-dump-ellipsization\" title=\"C:\\laragon\\www\\Ariya\\app\\Providers\\AuthServiceProvider.php:40
Stack level 18.\"><span class=\"sf-dump-ellipsis sf-dump-ellipsis-path\">C:\\laragon\\www\\Ariya</span><span class=\"sf-dump-ellipsis sf-dump-ellipsis-path\">\\</span><span class=\"sf-dump-ellipsis-tail\">app\\Providers\\AuthServiceProvider.php:40</span></span> { &#8230;4}
      <span class=\"sf-dump-meta sf-dump-ellipsization\" title=\"C:\\laragon\\www\\Ariya\\app\\Providers\\AuthServiceProvider.php:30
Stack level 17.\"><span class=\"sf-dump-ellipsis sf-dump-ellipsis-path\">C:\\laragon\\www\\Ariya</span><span class=\"sf-dump-ellipsis sf-dump-ellipsis-path\">\\</span><span class=\"sf-dump-ellipsis-tail\">app\\Providers\\AuthServiceProvider.php:30</span></span> { &#8230;4}
      <span class=\"sf-dump-meta sf-dump-ellipsization\" title=\"C:\\laragon\\www\\Ariya\\vendor\\laravel\\framework\\src\\Illuminate\\Container\\BoundMethod.php:36
Stack level 16.\"><span class=\"sf-dump-ellipsis sf-dump-ellipsis-path\">C:\\laragon\\www\\Ariya\\vendor</span><span class=\"sf-dump-ellipsis sf-dump-ellipsis-path\">\\laravel\\framework\\</span><span class=\"sf-dump-ellipsis-tail\">src\\Illuminate\\Container\\BoundMethod.php:36</span></span> { &#8230;4}
      <span class=\"sf-dump-meta sf-dump-ellipsization\" title=\"C:\\laragon\\www\\Ariya\\vendor\\laravel\\framework\\src\\Illuminate\\Container\\Util.php:41
Stack level 15.\"><span class=\"sf-dump-ellipsis sf-dump-ellipsis-path\">C:\\laragon\\www\\Ariya\\vendor</span><span class=\"sf-dump-ellipsis sf-dump-ellipsis-path\">\\laravel\\framework\\</span><span class=\"sf-dump-ellipsis-tail\">src\\Illuminate\\Container\\Util.php:41</span></span> { &#8230;4}
      <span class=\"sf-dump-meta sf-dump-ellipsization\" title=\"C:\\laragon\\www\\Ariya\\vendor\\laravel\\framework\\src\\Illuminate\\Container\\BoundMethod.php:93
Stack level 14.\"><span class=\"sf-dump-ellipsis sf-dump-ellipsis-path\">C:\\laragon\\www\\Ariya\\vendor</span><span class=\"sf-dump-ellipsis sf-dump-ellipsis-path\">\\laravel\\framework\\</span><span class=\"sf-dump-ellipsis-tail\">src\\Illuminate\\Container\\BoundMethod.php:93</span></span> { &#8230;5}
      <span class=\"sf-dump-meta sf-dump-ellipsization\" title=\"C:\\laragon\\www\\Ariya\\vendor\\laravel\\framework\\src\\Illuminate\\Container\\BoundMethod.php:35
Stack level 13.\"><span class=\"sf-dump-ellipsis sf-dump-ellipsis-path\">C:\\laragon\\www\\Ariya\\vendor</span><span class=\"sf-dump-ellipsis sf-dump-ellipsis-path\">\\laravel\\framework\\</span><span class=\"sf-dump-ellipsis-tail\">src\\Illuminate\\Container\\BoundMethod.php:35</span></span> { &#8230;5}
      <span class=\"sf-dump-meta sf-dump-ellipsization\" title=\"C:\\laragon\\www\\Ariya\\vendor\\laravel\\framework\\src\\Illuminate\\Container\\Container.php:662
Stack level 12.\"><span class=\"sf-dump-ellipsis sf-dump-ellipsis-path\">C:\\laragon\\www\\Ariya\\vendor</span><span class=\"sf-dump-ellipsis sf-dump-ellipsis-path\">\\laravel\\framework\\</span><span class=\"sf-dump-ellipsis-tail\">src\\Illuminate\\Container\\Container.php:662</span></span> { &#8230;5}
      <span class=\"sf-dump-meta sf-dump-ellipsization\" title=\"C:\\laragon\\www\\Ariya\\vendor\\laravel\\framework\\src\\Illuminate\\Foundation\\Application.php:1059
Stack level 11.\"><span class=\"sf-dump-ellipsis sf-dump-ellipsis-path\">C:\\laragon\\www\\Ariya\\vendor</span><span class=\"sf-dump-ellipsis sf-dump-ellipsis-path\">\\laravel\\framework\\</span><span class=\"sf-dump-ellipsis-tail\">src\\Illuminate\\Foundation\\Application.php:1059</span></span> { &#8230;5}
      <span class=\"sf-dump-meta sf-dump-ellipsization\" title=\"C:\\laragon\\www\\Ariya\\vendor\\laravel\\framework\\src\\Illuminate\\Foundation\\Application.php:1040
Stack level 10.\"><span class=\"sf-dump-ellipsis sf-dump-ellipsis-path\">C:\\laragon\\www\\Ariya\\vendor</span><span class=\"sf-dump-ellipsis sf-dump-ellipsis-path\">\\laravel\\framework\\</span><span class=\"sf-dump-ellipsis-tail\">src\\Illuminate\\Foundation\\Application.php:1040</span></span> { &#8230;5}
      <span class=\"sf-dump-meta sf-dump-ellipsization\" title=\"Illuminate\\Foundation\\Application-&gt;Illuminate\\Foundation\\{closure}()
Stack level 9.\"><span class=\"sf-dump-ellipsis sf-dump-ellipsis-class\">Illuminate\\Foundation\\Application-&gt;Illuminate\\Foundation</span><span class=\"sf-dump-ellipsis sf-dump-ellipsis-class\">\\</span><span class=\"sf-dump-ellipsis-tail\">{closure}()</span></span> {}
      <span class=\"sf-dump-meta sf-dump-ellipsization\" title=\"C:\\laragon\\www\\Ariya\\vendor\\laravel\\framework\\src\\Illuminate\\Foundation\\Application.php:1039
Stack level 8.\"><span class=\"sf-dump-ellipsis sf-dump-ellipsis-path\">C:\\laragon\\www\\Ariya\\vendor</span><span class=\"sf-dump-ellipsis sf-dump-ellipsis-path\">\\laravel\\framework\\</span><span class=\"sf-dump-ellipsis-tail\">src\\Illuminate\\Foundation\\Application.php:1039</span></span> { &#8230;5}
      <span class=\"sf-dump-meta sf-dump-ellipsization\" title=\"C:\\laragon\\www\\Ariya\\vendor\\laravel\\framework\\src\\Illuminate\\Foundation\\Bootstrap\\BootProviders.php:17
Stack level 7.\"><span class=\"sf-dump-ellipsis sf-dump-ellipsis-path\">C:\\laragon\\www\\Ariya\\vendor</span><span class=\"sf-dump-ellipsis sf-dump-ellipsis-path\">\\laravel\\framework\\</span><span class=\"sf-dump-ellipsis-tail\">src\\Illuminate\\Foundation\\Bootstrap\\BootProviders.php:17</span></span> { &#8230;4}
      <span class=\"sf-dump-meta sf-dump-ellipsization\" title=\"C:\\laragon\\www\\Ariya\\vendor\\laravel\\framework\\src\\Illuminate\\Foundation\\Application.php:286
Stack level 6.\"><span class=\"sf-dump-ellipsis sf-dump-ellipsis-path\">C:\\laragon\\www\\Ariya\\vendor</span><span class=\"sf-dump-ellipsis sf-dump-ellipsis-path\">\\laravel\\framework\\</span><span class=\"sf-dump-ellipsis-tail\">src\\Illuminate\\Foundation\\Application.php:286</span></span> { &#8230;5}
      <span class=\"sf-dump-meta sf-dump-ellipsization\" title=\"C:\\laragon\\www\\Ariya\\vendor\\laravel\\framework\\src\\Illuminate\\Foundation\\Http\\Kernel.php:186
Stack level 5.\"><span class=\"sf-dump-ellipsis sf-dump-ellipsis-path\">C:\\laragon\\www\\Ariya\\vendor</span><span class=\"sf-dump-ellipsis sf-dump-ellipsis-path\">\\laravel\\framework\\</span><span class=\"sf-dump-ellipsis-tail\">src\\Illuminate\\Foundation\\Http\\Kernel.php:186</span></span> { &#8230;5}
      <span class=\"sf-dump-meta sf-dump-ellipsization\" title=\"C:\\laragon\\www\\Ariya\\vendor\\laravel\\framework\\src\\Illuminate\\Foundation\\Http\\Kernel.php:170
Stack level 4.\"><span class=\"sf-dump-ellipsis sf-dump-ellipsis-path\">C:\\laragon\\www\\Ariya\\vendor</span><span class=\"sf-dump-ellipsis sf-dump-ellipsis-path\">\\laravel\\framework\\</span><span class=\"sf-dump-ellipsis-tail\">src\\Illuminate\\Foundation\\Http\\Kernel.php:170</span></span> { &#8230;4}
      <span class=\"sf-dump-meta sf-dump-ellipsization\" title=\"C:\\laragon\\www\\Ariya\\vendor\\laravel\\framework\\src\\Illuminate\\Foundation\\Http\\Kernel.php:144
Stack level 3.\"><span class=\"sf-dump-ellipsis sf-dump-ellipsis-path\">C:\\laragon\\www\\Ariya\\vendor</span><span class=\"sf-dump-ellipsis sf-dump-ellipsis-path\">\\laravel\\framework\\</span><span class=\"sf-dump-ellipsis-tail\">src\\Illuminate\\Foundation\\Http\\Kernel.php:144</span></span> { &#8230;5}
      <span class=\"sf-dump-meta sf-dump-ellipsization\" title=\"C:\\laragon\\www\\Ariya\\public\\index.php:52
Stack level 2.\"><span class=\"sf-dump-ellipsis sf-dump-ellipsis-path\">C:\\laragon\\www\\Ariya</span><span class=\"sf-dump-ellipsis sf-dump-ellipsis-path\">\\</span><span class=\"sf-dump-ellipsis-tail\">public\\index.php:52</span></span> { &#8230;5}
      <span class=\"sf-dump-meta sf-dump-ellipsization\" title=\"C:\\laragon\\www\\Ariya\\server.php:21
Stack level 1.\"><span class=\"sf-dump-ellipsis sf-dump-ellipsis-path\">C:\\laragon\\www\\Ariya</span><span class=\"sf-dump-ellipsis sf-dump-ellipsis-path\">\\</span><span class=\"sf-dump-ellipsis-tail\">server.php:21</span></span> { &#8230;4}
    </samp>}
  </samp>}
  -<span class=sf-dump-private title=\"Private property defined in class:&#10;`Symfony\\Component\\HttpKernel\\Exception\\HttpException`\">statusCode</span>: <span class=sf-dump-num>500</span>
  -<span class=sf-dump-private title=\"Private property defined in class:&#10;`Symfony\\Component\\HttpKernel\\Exception\\HttpException`\">headers</span>: []
  <span class=sf-dump-meta>trace</span>: {<samp data-depth=2 class=sf-dump-compact>
    <span class=\"sf-dump-meta sf-dump-ellipsization\" title=\"C:\\laragon\\www\\Ariya\\vendor\\laravel\\framework\\src\\Illuminate\\Foundation\\Exceptions\\Handler.php:646
Stack level 8.\"><span class=\"sf-dump-ellipsis sf-dump-ellipsis-path\">C:\\laragon\\www\\Ariya\\vendor</span><span class=\"sf-dump-ellipsis sf-dump-ellipsis-path\">\\laravel\\framework\\</span><span class=\"sf-dump-ellipsis-tail\">src\\Illuminate\\Foundation\\Exceptions\\Handler.php:646</span></span> {<samp data-depth=3 class=sf-dump-compact>
      <span class=\"sf-dump-note sf-dump-ellipsization\" title=\"Illuminate\\Foundation\\Exceptions\\Handler-&gt;prepareResponse($request, Throwable $e)
\"><span class=\"sf-dump-ellipsis sf-dump-ellipsis-note\">Illuminate\\Foundation\\Exceptions</span><span class=\"sf-dump-ellipsis sf-dump-ellipsis-note\">\\</span><span class=\"sf-dump-ellipsis-tail\">Handler-&gt;prepareResponse($request, Throwable $e)</span></span> &#8230;
      &#8250; <code class=\"php\"><span class=sf-dump-default>if (! $this-&gt;isHttpException($e)) {</span></code>
      &#8250; <code class=\"php\"><span class=sf-dump-const title=\"in Illuminate\\Foundation\\Exceptions\\Handler-&gt;prepareResponse($request, Throwable $e)\">    $e = new HttpException(500, $e-&gt;getMessage(), $e);</span></code>
      &#8250; <code class=\"php\"><span class=sf-dump-default>}</span></code>
    </samp>}
    <span class=\"sf-dump-meta sf-dump-ellipsization\" title=\"C:\\laragon\\www\\Ariya\\vendor\\laravel\\framework\\src\\Illuminate\\Foundation\\Exceptions\\Handler.php:556
Stack level 7.\"><span class=\"sf-dump-ellipsis sf-dump-ellipsis-path\">C:\\laragon\\www\\Ariya\\vendor</span><span class=\"sf-dump-ellipsis sf-dump-ellipsis-path\">\\laravel\\framework\\</span><span class=\"sf-dump-ellipsis-tail\">src\\Illuminate\\Foundation\\Exceptions\\Handler.php:556</span></span> {<samp data-depth=3 class=sf-dump-compact>
      <span class=\"sf-dump-note sf-dump-ellipsization\" title=\"Illuminate\\Foundation\\Exceptions\\Handler-&gt;renderExceptionResponse($request, Throwable $e)
\"><span class=\"sf-dump-ellipsis sf-dump-ellipsis-note\">Illuminate\\Foundation\\Exceptions</span><span class=\"sf-dump-ellipsis sf-dump-ellipsis-note\">\\</span><span class=\"sf-dump-ellipsis-tail\">Handler-&gt;renderExceptionResponse($request, Throwable $e)</span></span> &#8230;
      &#8250; <code class=\"php\"><span class=sf-dump-default>                ? $this-&gt;prepareJsonResponse($request, $e)</span></code>
      &#8250; <code class=\"php\"><span class=sf-dump-const title=\"in Illuminate\\Foundation\\Exceptions\\Handler-&gt;renderExceptionResponse($request, Throwable $e)\">                : $this-&gt;prepareResponse($request, $e);</span></code>
      &#8250; <code class=\"php\"><span class=sf-dump-default>}</span></code>
      <span class=sf-dump-meta>arguments</span>: { &#8230;2}
    </samp>}
    <span class=\"sf-dump-meta sf-dump-ellipsization\" title=\"C:\\laragon\\www\\Ariya\\vendor\\laravel\\framework\\src\\Illuminate\\Foundation\\Exceptions\\Handler.php:473
Stack level 6.\"><span class=\"sf-dump-ellipsis sf-dump-ellipsis-path\">C:\\laragon\\www\\Ariya\\vendor</span><span class=\"sf-dump-ellipsis sf-dump-ellipsis-path\">\\laravel\\framework\\</span><span class=\"sf-dump-ellipsis-tail\">src\\Illuminate\\Foundation\\Exceptions\\Handler.php:473</span></span> {<samp data-depth=3 class=sf-dump-compact>
      <span class=\"sf-dump-note sf-dump-ellipsization\" title=\"Illuminate\\Foundation\\Exceptions\\Handler-&gt;render($request, Throwable $e)
\"><span class=\"sf-dump-ellipsis sf-dump-ellipsis-note\">Illuminate\\Foundation\\Exceptions</span><span class=\"sf-dump-ellipsis sf-dump-ellipsis-note\">\\</span><span class=\"sf-dump-ellipsis-tail\">Handler-&gt;render($request, Throwable $e)</span></span> &#8230;
      &#8250; <code class=\"php\"><span class=sf-dump-default>    $e instanceof ValidationException =&gt; $this-&gt;convertValidationExceptionToResponse($e, $request),</span></code>
      &#8250; <code class=\"php\"><span class=sf-dump-const title=\"in Illuminate\\Foundation\\Exceptions\\Handler-&gt;render($request, Throwable $e)\">    default =&gt; $this-&gt;renderExceptionResponse($request, $e),</span></code>
      &#8250; <code class=\"php\"><span class=sf-dump-default>};</span></code>
      <span class=sf-dump-meta>arguments</span>: { &#8230;2}
    </samp>}
    <span class=\"sf-dump-meta sf-dump-ellipsization\" title=\"C:\\laragon\\www\\Ariya\\app\\Exceptions\\Handler.php:134
Stack level 5.\"><span class=\"sf-dump-ellipsis sf-dump-ellipsis-path\">C:\\laragon\\www\\Ariya</span><span class=\"sf-dump-ellipsis sf-dump-ellipsis-path\">\\</span><span class=\"sf-dump-ellipsis-tail\">app\\Exceptions\\Handler.php:134</span></span> {<samp data-depth=3 class=sf-dump-compact>
      <span class=\"sf-dump-note sf-dump-ellipsization\" title=\"App\\Exceptions\\Handler-&gt;render($request, Throwable $exception)
\"><span class=\"sf-dump-ellipsis sf-dump-ellipsis-note\">App\\Exceptions</span><span class=\"sf-dump-ellipsis sf-dump-ellipsis-note\">\\</span><span class=\"sf-dump-ellipsis-tail\">Handler-&gt;render($request, Throwable $exception)</span></span> &#8230;
      &#8250; 
      &#8250; <code class=\"php\"><span class=sf-dump-const title=\"in App\\Exceptions\\Handler-&gt;render($request, Throwable $exception)\">    return parent::render($request, $exception);</span></code>
      &#8250; <code class=\"php\"><span class=sf-dump-default>}</span></code>
      <span class=sf-dump-meta>arguments</span>: { &#8230;2}
    </samp>}
    <span class=\"sf-dump-meta sf-dump-ellipsization\" title=\"C:\\laragon\\www\\Ariya\\vendor\\laravel\\framework\\src\\Illuminate\\Foundation\\Http\\Kernel.php:509
Stack level 4.\"><span class=\"sf-dump-ellipsis sf-dump-ellipsis-path\">C:\\laragon\\www\\Ariya\\vendor</span><span class=\"sf-dump-ellipsis sf-dump-ellipsis-path\">\\laravel\\framework\\</span><span class=\"sf-dump-ellipsis-tail\">src\\Illuminate\\Foundation\\Http\\Kernel.php:509</span></span> {<samp data-depth=3 class=sf-dump-compact>
      <span class=\"sf-dump-note sf-dump-ellipsization\" title=\"Illuminate\\Foundation\\Http\\Kernel-&gt;renderException($request, Throwable $e)
\"><span class=\"sf-dump-ellipsis sf-dump-ellipsis-note\">Illuminate\\Foundation\\Http</span><span class=\"sf-dump-ellipsis sf-dump-ellipsis-note\">\\</span><span class=\"sf-dump-ellipsis-tail\">Kernel-&gt;renderException($request, Throwable $e)</span></span> &#8230;
      &#8250; <code class=\"php\"><span class=sf-dump-default>{</span></code>
      &#8250; <code class=\"php\"><span class=sf-dump-const title=\"in Illuminate\\Foundation\\Http\\Kernel-&gt;renderException($request, Throwable $e)\">    return $this-&gt;app[ExceptionHandler::class]-&gt;render($request, $e);</span></code>
      &#8250; <code class=\"php\"><span class=sf-dump-default>}</span></code>
      <span class=sf-dump-meta>arguments</span>: { &#8230;2}
    </samp>}
    <span class=\"sf-dump-meta sf-dump-ellipsization\" title=\"C:\\laragon\\www\\Ariya\\vendor\\laravel\\framework\\src\\Illuminate\\Foundation\\Http\\Kernel.php:148
Stack level 3.\"><span class=\"sf-dump-ellipsis sf-dump-ellipsis-path\">C:\\laragon\\www\\Ariya\\vendor</span><span class=\"sf-dump-ellipsis sf-dump-ellipsis-path\">\\laravel\\framework\\</span><span class=\"sf-dump-ellipsis-tail\">src\\Illuminate\\Foundation\\Http\\Kernel.php:148</span></span> {<samp data-depth=3 class=sf-dump-compact>
      <span class=\"sf-dump-note sf-dump-ellipsization\" title=\"Illuminate\\Foundation\\Http\\Kernel-&gt;handle($request)
\"><span class=\"sf-dump-ellipsis sf-dump-ellipsis-note\">Illuminate\\Foundation\\Http</span><span class=\"sf-dump-ellipsis sf-dump-ellipsis-note\">\\</span><span class=\"sf-dump-ellipsis-tail\">Kernel-&gt;handle($request)</span></span> &#8230;
      &#8250; 
      &#8250; <code class=\"php\"><span class=sf-dump-const title=\"in Illuminate\\Foundation\\Http\\Kernel-&gt;handle($request)\">    $response = $this-&gt;renderException($request, $e);</span></code>
      &#8250; <code class=\"php\"><span class=sf-dump-default>}</span></code>
      <span class=sf-dump-meta>arguments</span>: { &#8230;2}
    </samp>}
    <span class=\"sf-dump-meta sf-dump-ellipsization\" title=\"C:\\laragon\\www\\Ariya\\public\\index.php:52
Stack level 2.\"><span class=\"sf-dump-ellipsis sf-dump-ellipsis-path\">C:\\laragon\\www\\Ariya</span><span class=\"sf-dump-ellipsis sf-dump-ellipsis-path\">\\</span><span class=\"sf-dump-ellipsis-tail\">public\\index.php:52</span></span> {<samp data-depth=3 class=sf-dump-compact>
      <span class=sf-dump-note>require_once</span> &#8230;
      &#8250; 
      &#8250; <code class=\"php\"><span class=sf-dump-const title=\"in require_once\">$response = tap($kernel-&gt;handle(</span></code>
      &#8250; <code class=\"php\"><span class=sf-dump-default>    $request = Request::capture()</span></code>
      <span class=sf-dump-meta>arguments</span>: { &#8230;1}
    </samp>}
    <span class=\"sf-dump-meta sf-dump-ellipsization\" title=\"C:\\laragon\\www\\Ariya\\server.php:21
Stack level 1.\"><span class=\"sf-dump-ellipsis sf-dump-ellipsis-path\">C:\\laragon\\www\\Ariya</span><span class=\"sf-dump-ellipsis sf-dump-ellipsis-path\">\\</span><span class=\"sf-dump-ellipsis-tail\">server.php:21</span></span> {<samp data-depth=3 class=sf-dump-compact>
      &#8250; 
      &#8250; <code class=\"php\"><span class=sf-dump-const>require_once __DIR__.&#039;/public/index.php&#039;;</span></code>
      &#8250; 
      <span class=sf-dump-meta>arguments</span>: { &#8230;1}
    </samp>}
  </samp>}
</samp>}
</pre><script>Sfdump(\"sf-dump-1997528133\", {\"maxDepth\":3,\"maxStringLength\":160})</script>
","current_local":"<pre class=sf-dump id=sf-dump-1789666504 data-indent-pad=\"  \"><span class=sf-dump-note>array:3</span> [<samp data-depth=1 class=sf-dump-expanded>
  \"<span class=sf-dump-key>name</span>\" => \"<span class=sf-dump-str title=\"5 characters\">&#1601;&#1575;&#1585;&#1587;&#1740;</span>\"
  \"<span class=sf-dump-key>direction</span>\" => \"<span class=sf-dump-str title=\"3 characters\">rtl</span>\"
  \"<span class=sf-dump-key>english_name</span>\" => \"<span class=sf-dump-str title=\"7 characters\">Persian</span>\"
</samp>]
</pre><script>Sfdump(\"sf-dump-1789666504\", {\"maxDepth\":3,\"maxStringLength\":160})</script>
","title":"<pre class=sf-dump id=sf-dump-1307707723 data-indent-pad=\"  \">\"<span class=sf-dump-str title=\"9 characters\">&#1582;&#1591;&#1575;&#1740; &#1587;&#1585;&#1608;&#1585;</span>\"
</pre><script>Sfdump(\"sf-dump-1307707723\", {\"maxDepth\":3,\"maxStringLength\":160})</script>
"}},"exception":"[object] (Spatie\\LaravelIgnition\\Exceptions\\ViewException(code: 0): Route [csrf] not defined. at C:\\laragon\\www\\Ariya\\vendor\\laravel\\framework\\src\\Illuminate\\Routing\\UrlGenerator.php:477)
[stacktrace]
#0 C:\\laragon\\www\\Ariya\\bootstrap\\functions.php(11): Illuminate\\Routing\\UrlGenerator->route('csrf', Array, true)
#1 C:\\laragon\\www\\Ariya\\resources\\views\\back\\partials\\meta.blade.php(12): route('csrf')
#2 C:\\laragon\\www\\Ariya\\vendor\\laravel\\framework\\src\\Illuminate\\Filesystem\\Filesystem.php(123): require('C:\\\\laragon\\\\www\\\\...')
#3 C:\\laragon\\www\\Ariya\\vendor\\laravel\\framework\\src\\Illuminate\\Filesystem\\Filesystem.php(124): Illuminate\\Filesystem\\Filesystem::Illuminate\\Filesystem\\{closure}()
#4 C:\\laragon\\www\\Ariya\\vendor\\laravel\\framework\\src\\Illuminate\\View\\Engines\\PhpEngine.php(58): Illuminate\\Filesystem\\Filesystem->getRequire('C:\\\\laragon\\\\www\\\\...', Array)
#5 C:\\laragon\\www\\Ariya\\vendor\\laravel\\framework\\src\\Illuminate\\View\\Engines\\CompilerEngine.php(72): Illuminate\\View\\Engines\\PhpEngine->evaluatePath('C:\\\\laragon\\\\www\\\\...', Array)
#6 C:\\laragon\\www\\Ariya\\vendor\\laravel\\framework\\src\\Illuminate\\View\\View.php(207): Illuminate\\View\\Engines\\CompilerEngine->get('C:\\\\laragon\\\\www\\\\...', Array)
#7 C:\\laragon\\www\\Ariya\\vendor\\laravel\\framework\\src\\Illuminate\\View\\View.php(190): Illuminate\\View\\View->getContents()
#8 C:\\laragon\\www\\Ariya\\vendor\\laravel\\framework\\src\\Illuminate\\View\\View.php(159): Illuminate\\View\\View->renderContents()
#9 C:\\laragon\\www\\Ariya\\resources\\views\\errors\\layouts\\master.blade.php(6): Illuminate\\View\\View->render()
#10 C:\\laragon\\www\\Ariya\\vendor\\laravel\\framework\\src\\Illuminate\\Filesystem\\Filesystem.php(123): require('C:\\\\laragon\\\\www\\\\...')
#11 C:\\laragon\\www\\Ariya\\vendor\\laravel\\framework\\src\\Illuminate\\Filesystem\\Filesystem.php(124): Illuminate\\Filesystem\\Filesystem::Illuminate\\Filesystem\\{closure}()
#12 C:\\laragon\\www\\Ariya\\vendor\\laravel\\framework\\src\\Illuminate\\View\\Engines\\PhpEngine.php(58): Illuminate\\Filesystem\\Filesystem->getRequire('C:\\\\laragon\\\\www\\\\...', Array)
#13 C:\\laragon\\www\\Ariya\\vendor\\laravel\\framework\\src\\Illuminate\\View\\Engines\\CompilerEngine.php(72): Illuminate\\View\\Engines\\PhpEngine->evaluatePath('C:\\\\laragon\\\\www\\\\...', Array)
#14 C:\\laragon\\www\\Ariya\\vendor\\laravel\\framework\\src\\Illuminate\\View\\View.php(207): Illuminate\\View\\Engines\\CompilerEngine->get('C:\\\\laragon\\\\www\\\\...', Array)
#15 C:\\laragon\\www\\Ariya\\vendor\\laravel\\framework\\src\\Illuminate\\View\\View.php(190): Illuminate\\View\\View->getContents()
#16 C:\\laragon\\www\\Ariya\\vendor\\laravel\\framework\\src\\Illuminate\\View\\View.php(159): Illuminate\\View\\View->renderContents()
#17 C:\\laragon\\www\\Ariya\\resources\\views\\errors\\500.blade.php(34): Illuminate\\View\\View->render()
#18 C:\\laragon\\www\\Ariya\\vendor\\laravel\\framework\\src\\Illuminate\\Filesystem\\Filesystem.php(123): require('C:\\\\laragon\\\\www\\\\...')
#19 C:\\laragon\\www\\Ariya\\vendor\\laravel\\framework\\src\\Illuminate\\Filesystem\\Filesystem.php(124): Illuminate\\Filesystem\\Filesystem::Illuminate\\Filesystem\\{closure}()
#20 C:\\laragon\\www\\Ariya\\vendor\\laravel\\framework\\src\\Illuminate\\View\\Engines\\PhpEngine.php(58): Illuminate\\Filesystem\\Filesystem->getRequire('C:\\\\laragon\\\\www\\\\...', Array)
#21 C:\\laragon\\www\\Ariya\\vendor\\laravel\\framework\\src\\Illuminate\\View\\Engines\\CompilerEngine.php(72): Illuminate\\View\\Engines\\PhpEngine->evaluatePath('C:\\\\laragon\\\\www\\\\...', Array)
#22 C:\\laragon\\www\\Ariya\\vendor\\laravel\\framework\\src\\Illuminate\\View\\View.php(207): Illuminate\\View\\Engines\\CompilerEngine->get('C:\\\\laragon\\\\www\\\\...', Array)
#23 C:\\laragon\\www\\Ariya\\vendor\\laravel\\framework\\src\\Illuminate\\View\\View.php(190): Illuminate\\View\\View->getContents()
#24 C:\\laragon\\www\\Ariya\\vendor\\laravel\\framework\\src\\Illuminate\\View\\View.php(159): Illuminate\\View\\View->renderContents()
#25 C:\\laragon\\www\\Ariya\\vendor\\laravel\\framework\\src\\Illuminate\\Http\\Response.php(69): Illuminate\\View\\View->render()
#26 C:\\laragon\\www\\Ariya\\vendor\\laravel\\framework\\src\\Illuminate\\Http\\Response.php(35): Illuminate\\Http\\Response->setContent(Object(Illuminate\\View\\View))
#27 C:\\laragon\\www\\Ariya\\vendor\\laravel\\framework\\src\\Illuminate\\Routing\\ResponseFactory.php(58): Illuminate\\Http\\Response->__construct(Object(Illuminate\\View\\View), 500, Array)
#28 C:\\laragon\\www\\Ariya\\vendor\\laravel\\framework\\src\\Illuminate\\Routing\\ResponseFactory.php(88): Illuminate\\Routing\\ResponseFactory->make(Object(Illuminate\\View\\View), 500, Array)
#29 C:\\laragon\\www\\Ariya\\vendor\\laravel\\framework\\src\\Illuminate\\Foundation\\Exceptions\\Handler.php(723): Illuminate\\Routing\\ResponseFactory->view('errors::500', Array, 500, Array)
#30 C:\\laragon\\www\\Ariya\\vendor\\laravel\\framework\\src\\Illuminate\\Foundation\\Exceptions\\Handler.php(650): Illuminate\\Foundation\\Exceptions\\Handler->renderHttpException(Object(Symfony\\Component\\HttpKernel\\Exception\\HttpException))
#31 C:\\laragon\\www\\Ariya\\vendor\\laravel\\framework\\src\\Illuminate\\Foundation\\Exceptions\\Handler.php(556): Illuminate\\Foundation\\Exceptions\\Handler->prepareResponse(Object(Illuminate\\Http\\Request), Object(Symfony\\Component\\HttpKernel\\Exception\\HttpException))
#32 C:\\laragon\\www\\Ariya\\vendor\\laravel\\framework\\src\\Illuminate\\Foundation\\Exceptions\\Handler.php(473): Illuminate\\Foundation\\Exceptions\\Handler->renderExceptionResponse(Object(Illuminate\\Http\\Request), Object(Illuminate\\Database\\QueryException))
#33 C:\\laragon\\www\\Ariya\\app\\Exceptions\\Handler.php(134): Illuminate\\Foundation\\Exceptions\\Handler->render(Object(Illuminate\\Http\\Request), Object(Illuminate\\Database\\QueryException))
#34 C:\\laragon\\www\\Ariya\\vendor\\laravel\\framework\\src\\Illuminate\\Foundation\\Http\\Kernel.php(509): App\\Exceptions\\Handler->render(Object(Illuminate\\Http\\Request), Object(Illuminate\\Database\\QueryException))
#35 C:\\laragon\\www\\Ariya\\vendor\\laravel\\framework\\src\\Illuminate\\Foundation\\Http\\Kernel.php(148): Illuminate\\Foundation\\Http\\Kernel->renderException(Object(Illuminate\\Http\\Request), Object(Illuminate\\Database\\QueryException))
#36 C:\\laragon\\www\\Ariya\\public\\index.php(52): Illuminate\\Foundation\\Http\\Kernel->handle(Object(Illuminate\\Http\\Request))
#37 C:\\laragon\\www\\Ariya\\server.php(21): require_once('C:\\\\laragon\\\\www\\\\...')
#38 {main}

[previous exception] [object] (Symfony\\Component\\Routing\\Exception\\RouteNotFoundException(code: 0): Route [csrf] not defined. at C:\\laragon\\www\\Ariya\\vendor\\laravel\\framework\\src\\Illuminate\\Routing\\UrlGenerator.php:477)
[stacktrace]
#0 C:\\laragon\\www\\Ariya\\bootstrap\\functions.php(11): Illuminate\\Routing\\UrlGenerator->route('csrf', Array, true)
#1 C:\\laragon\\www\\Ariya\\storage\\framework\\views\\3683a01fb62844612de8751ba5eacd50.php(11): route('csrf')
#2 C:\\laragon\\www\\Ariya\\vendor\\laravel\\framework\\src\\Illuminate\\Filesystem\\Filesystem.php(123): require('C:\\\\laragon\\\\www\\\\...')
#3 C:\\laragon\\www\\Ariya\\vendor\\laravel\\framework\\src\\Illuminate\\Filesystem\\Filesystem.php(124): Illuminate\\Filesystem\\Filesystem::Illuminate\\Filesystem\\{closure}()
#4 C:\\laragon\\www\\Ariya\\vendor\\laravel\\framework\\src\\Illuminate\\View\\Engines\\PhpEngine.php(58): Illuminate\\Filesystem\\Filesystem->getRequire('C:\\\\laragon\\\\www\\\\...', Array)
#5 C:\\laragon\\www\\Ariya\\vendor\\laravel\\framework\\src\\Illuminate\\View\\Engines\\CompilerEngine.php(72): Illuminate\\View\\Engines\\PhpEngine->evaluatePath('C:\\\\laragon\\\\www\\\\...', Array)
#6 C:\\laragon\\www\\Ariya\\vendor\\laravel\\framework\\src\\Illuminate\\View\\View.php(207): Illuminate\\View\\Engines\\CompilerEngine->get('C:\\\\laragon\\\\www\\\\...', Array)
#7 C:\\laragon\\www\\Ariya\\vendor\\laravel\\framework\\src\\Illuminate\\View\\View.php(190): Illuminate\\View\\View->getContents()
#8 C:\\laragon\\www\\Ariya\\vendor\\laravel\\framework\\src\\Illuminate\\View\\View.php(159): Illuminate\\View\\View->renderContents()
#9 C:\\laragon\\www\\Ariya\\storage\\framework\\views\\bfd22887af09b1d66f48628b7d28766b.php(6): Illuminate\\View\\View->render()
#10 C:\\laragon\\www\\Ariya\\vendor\\laravel\\framework\\src\\Illuminate\\Filesystem\\Filesystem.php(123): require('C:\\\\laragon\\\\www\\\\...')
#11 C:\\laragon\\www\\Ariya\\vendor\\laravel\\framework\\src\\Illuminate\\Filesystem\\Filesystem.php(124): Illuminate\\Filesystem\\Filesystem::Illuminate\\Filesystem\\{closure}()
#12 C:\\laragon\\www\\Ariya\\vendor\\laravel\\framework\\src\\Illuminate\\View\\Engines\\PhpEngine.php(58): Illuminate\\Filesystem\\Filesystem->getRequire('C:\\\\laragon\\\\www\\\\...', Array)
#13 C:\\laragon\\www\\Ariya\\vendor\\laravel\\framework\\src\\Illuminate\\View\\Engines\\CompilerEngine.php(72): Illuminate\\View\\Engines\\PhpEngine->evaluatePath('C:\\\\laragon\\\\www\\\\...', Array)
#14 C:\\laragon\\www\\Ariya\\vendor\\laravel\\framework\\src\\Illuminate\\View\\View.php(207): Illuminate\\View\\Engines\\CompilerEngine->get('C:\\\\laragon\\\\www\\\\...', Array)
#15 C:\\laragon\\www\\Ariya\\vendor\\laravel\\framework\\src\\Illuminate\\View\\View.php(190): Illuminate\\View\\View->getContents()
#16 C:\\laragon\\www\\Ariya\\vendor\\laravel\\framework\\src\\Illuminate\\View\\View.php(159): Illuminate\\View\\View->renderContents()
#17 C:\\laragon\\www\\Ariya\\storage\\framework\\views\\c8cd80051eac302a1c06a5c3634bfece.php(34): Illuminate\\View\\View->render()
#18 C:\\laragon\\www\\Ariya\\vendor\\laravel\\framework\\src\\Illuminate\\Filesystem\\Filesystem.php(123): require('C:\\\\laragon\\\\www\\\\...')
#19 C:\\laragon\\www\\Ariya\\vendor\\laravel\\framework\\src\\Illuminate\\Filesystem\\Filesystem.php(124): Illuminate\\Filesystem\\Filesystem::Illuminate\\Filesystem\\{closure}()
#20 C:\\laragon\\www\\Ariya\\vendor\\laravel\\framework\\src\\Illuminate\\View\\Engines\\PhpEngine.php(58): Illuminate\\Filesystem\\Filesystem->getRequire('C:\\\\laragon\\\\www\\\\...', Array)
#21 C:\\laragon\\www\\Ariya\\vendor\\laravel\\framework\\src\\Illuminate\\View\\Engines\\CompilerEngine.php(72): Illuminate\\View\\Engines\\PhpEngine->evaluatePath('C:\\\\laragon\\\\www\\\\...', Array)
#22 C:\\laragon\\www\\Ariya\\vendor\\laravel\\framework\\src\\Illuminate\\View\\View.php(207): Illuminate\\View\\Engines\\CompilerEngine->get('C:\\\\laragon\\\\www\\\\...', Array)
#23 C:\\laragon\\www\\Ariya\\vendor\\laravel\\framework\\src\\Illuminate\\View\\View.php(190): Illuminate\\View\\View->getContents()
#24 C:\\laragon\\www\\Ariya\\vendor\\laravel\\framework\\src\\Illuminate\\View\\View.php(159): Illuminate\\View\\View->renderContents()
#25 C:\\laragon\\www\\Ariya\\vendor\\laravel\\framework\\src\\Illuminate\\Http\\Response.php(69): Illuminate\\View\\View->render()
#26 C:\\laragon\\www\\Ariya\\vendor\\laravel\\framework\\src\\Illuminate\\Http\\Response.php(35): Illuminate\\Http\\Response->setContent(Object(Illuminate\\View\\View))
#27 C:\\laragon\\www\\Ariya\\vendor\\laravel\\framework\\src\\Illuminate\\Routing\\ResponseFactory.php(58): Illuminate\\Http\\Response->__construct(Object(Illuminate\\View\\View), 500, Array)
#28 C:\\laragon\\www\\Ariya\\vendor\\laravel\\framework\\src\\Illuminate\\Routing\\ResponseFactory.php(88): Illuminate\\Routing\\ResponseFactory->make(Object(Illuminate\\View\\View), 500, Array)
#29 C:\\laragon\\www\\Ariya\\vendor\\laravel\\framework\\src\\Illuminate\\Foundation\\Exceptions\\Handler.php(723): Illuminate\\Routing\\ResponseFactory->view('errors::500', Array, 500, Array)
#30 C:\\laragon\\www\\Ariya\\vendor\\laravel\\framework\\src\\Illuminate\\Foundation\\Exceptions\\Handler.php(650): Illuminate\\Foundation\\Exceptions\\Handler->renderHttpException(Object(Symfony\\Component\\HttpKernel\\Exception\\HttpException))
#31 C:\\laragon\\www\\Ariya\\vendor\\laravel\\framework\\src\\Illuminate\\Foundation\\Exceptions\\Handler.php(556): Illuminate\\Foundation\\Exceptions\\Handler->prepareResponse(Object(Illuminate\\Http\\Request), Object(Symfony\\Component\\HttpKernel\\Exception\\HttpException))
#32 C:\\laragon\\www\\Ariya\\vendor\\laravel\\framework\\src\\Illuminate\\Foundation\\Exceptions\\Handler.php(473): Illuminate\\Foundation\\Exceptions\\Handler->renderExceptionResponse(Object(Illuminate\\Http\\Request), Object(Illuminate\\Database\\QueryException))
#33 C:\\laragon\\www\\Ariya\\app\\Exceptions\\Handler.php(134): Illuminate\\Foundation\\Exceptions\\Handler->render(Object(Illuminate\\Http\\Request), Object(Illuminate\\Database\\QueryException))
#34 C:\\laragon\\www\\Ariya\\vendor\\laravel\\framework\\src\\Illuminate\\Foundation\\Http\\Kernel.php(509): App\\Exceptions\\Handler->render(Object(Illuminate\\Http\\Request), Object(Illuminate\\Database\\QueryException))
#35 C:\\laragon\\www\\Ariya\\vendor\\laravel\\framework\\src\\Illuminate\\Foundation\\Http\\Kernel.php(148): Illuminate\\Foundation\\Http\\Kernel->renderException(Object(Illuminate\\Http\\Request), Object(Illuminate\\Database\\QueryException))
#36 C:\\laragon\\www\\Ariya\\public\\index.php(52): Illuminate\\Foundation\\Http\\Kernel->handle(Object(Illuminate\\Http\\Request))
#37 C:\\laragon\\www\\Ariya\\server.php(21): require_once('C:\\\\laragon\\\\www\\\\...')
#38 {main}
"} 
[2026-07-11 09:14:56] local.ERROR: Maximum execution time of 300 seconds exceeded {"exception":"[object] (Symfony\\Component\\ErrorHandler\\Error\\FatalError(code: 0): Maximum execution time of 300 seconds exceeded at C:\\laragon\\www\\Ariya\\vendor\\laravel\\framework\\src\\Illuminate\\Foundation\\Console\\ServeCommand.php:95)
[stacktrace]
#0 {main}
"} 
[2026-07-11 11:12:54] local.ERROR: Maximum execution time of 300 seconds exceeded {"exception":"[object] (Symfony\\Component\\ErrorHandler\\Error\\FatalError(code: 0): Maximum execution time of 300 seconds exceeded at C:\\laragon\\www\\Ariya\\vendor\\laravel\\framework\\src\\Illuminate\\Foundation\\Console\\ServeCommand.php:95)
[stacktrace]
#0 {main}
"} 
[2026-07-11 15:19:24] local.ERROR: Maximum execution time of 300 seconds exceeded {"exception":"[object] (Symfony\\Component\\ErrorHandler\\Error\\FatalError(code: 0): Maximum execution time of 300 seconds exceeded at C:\\laragon\\www\\Ariya\\vendor\\laravel\\framework\\src\\Illuminate\\Foundation\\Console\\ServeCommand.php:95)
[stacktrace]
#0 {main}
"} 
[2026-07-13 13:45:02] local.ERROR: Maximum execution time of 300 seconds exceeded {"exception":"[object] (Symfony\\Component\\ErrorHandler\\Error\\FatalError(code: 0): Maximum execution time of 300 seconds exceeded at C:\\laragon\\www\\Ariya\\vendor\\laravel\\framework\\src\\Illuminate\\Foundation\\Console\\ServeCommand.php:95)
[stacktrace]
#0 {main}
"} 
[2026-07-17 13:30:00] local.ERROR: Maximum execution time of 300 seconds exceeded {"exception":"[object] (Symfony\\Component\\ErrorHandler\\Error\\FatalError(code: 0): Maximum execution time of 300 seconds exceeded at C:\\laragon\\www\\Ariya\\vendor\\laravel\\framework\\src\\Illuminate\\Foundation\\Console\\ServeCommand.php:95)
[stacktrace]
#0 {main}
"} 
[2026-07-18 09:40:27] local.ERROR: SQLSTATE[HY000] [2002] No connection could be made because the target machine actively refused it (Connection: mysql, SQL: select * from `permissions` where `active` = 1) {"exception":"[object] (Illuminate\\Database\\QueryException(code: 2002): SQLSTATE[HY000] [2002] No connection could be made because the target machine actively refused it (Connection: mysql, SQL: select * from `permissions` where `active` = 1) at C:\\laragon\\www\\Ariya\\vendor\\laravel\\framework\\src\\Illuminate\\Database\\Connection.php:829)
[stacktrace]
#0 C:\\laragon\\www\\Ariya\\vendor\\laravel\\framework\\src\\Illuminate\\Database\\Connection.php(983): Illuminate\\Database\\Connection->runQueryCallback('select * from `...', Array, Object(Closure))
#1 C:\\laragon\\www\\Ariya\\vendor\\laravel\\framework\\src\\Illuminate\\Database\\Connection.php(962): Illuminate\\Database\\Connection->tryAgainIfCausedByLostConnection(Object(Illuminate\\Database\\QueryException), 'select * from `...', Array, Object(Closure))
#2 C:\\laragon\\www\\Ariya\\vendor\\laravel\\framework\\src\\Illuminate\\Database\\Connection.php(785): Illuminate\\Database\\Connection->handleQueryException(Object(Illuminate\\Database\\QueryException), 'select * from `...', Array, Object(Closure))
#3 C:\\laragon\\www\\Ariya\\vendor\\laravel\\framework\\src\\Illuminate\\Database\\Connection.php(414): Illuminate\\Database\\Connection->run('select * from `...', Array, Object(Closure))
#4 C:\\laragon\\www\\Ariya\\vendor\\laravel\\framework\\src\\Illuminate\\Database\\Query\\Builder.php(2913): Illuminate\\Database\\Connection->select('select * from `...', Array, true)
#5 C:\\laragon\\www\\Ariya\\vendor\\laravel\\framework\\src\\Illuminate\\Database\\Query\\Builder.php(2902): Illuminate\\Database\\Query\\Builder->runSelect()
#6 C:\\laragon\\www\\Ariya\\vendor\\laravel\\framework\\src\\Illuminate\\Database\\Query\\Builder.php(3456): Illuminate\\Database\\Query\\Builder->Illuminate\\Database\\Query\\{closure}()
#7 C:\\laragon\\www\\Ariya\\vendor\\laravel\\framework\\src\\Illuminate\\Database\\Query\\Builder.php(2901): Illuminate\\Database\\Query\\Builder->onceWithColumns(Array, Object(Closure))
#8 C:\\laragon\\www\\Ariya\\vendor\\laravel\\framework\\src\\Illuminate\\Database\\Eloquent\\Builder.php(739): Illuminate\\Database\\Query\\Builder->get(Array)
#9 C:\\laragon\\www\\Ariya\\vendor\\laravel\\framework\\src\\Illuminate\\Database\\Eloquent\\Builder.php(723): Illuminate\\Database\\Eloquent\\Builder->getModels(Array)
#10 C:\\laragon\\www\\Ariya\\app\\Providers\\AuthServiceProvider.php(40): Illuminate\\Database\\Eloquent\\Builder->get()
#11 C:\\laragon\\www\\Ariya\\app\\Providers\\AuthServiceProvider.php(30): App\\Providers\\AuthServiceProvider->getPermissions()
#12 C:\\laragon\\www\\Ariya\\vendor\\laravel\\framework\\src\\Illuminate\\Container\\BoundMethod.php(36): App\\Providers\\AuthServiceProvider->boot()
#13 C:\\laragon\\www\\Ariya\\vendor\\laravel\\framework\\src\\Illuminate\\Container\\Util.php(41): Illuminate\\Container\\BoundMethod::Illuminate\\Container\\{closure}()
#14 C:\\laragon\\www\\Ariya\\vendor\\laravel\\framework\\src\\Illuminate\\Container\\BoundMethod.php(93): Illuminate\\Container\\Util::unwrapIfClosure(Object(Closure))
#15 C:\\laragon\\www\\Ariya\\vendor\\laravel\\framework\\src\\Illuminate\\Container\\BoundMethod.php(35): Illuminate\\Container\\BoundMethod::callBoundMethod(Object(Illuminate\\Foundation\\Application), Array, Object(Closure))
#16 C:\\laragon\\www\\Ariya\\vendor\\laravel\\framework\\src\\Illuminate\\Container\\Container.php(662): Illuminate\\Container\\BoundMethod::call(Object(Illuminate\\Foundation\\Application), Array, Array, NULL)
#17 C:\\laragon\\www\\Ariya\\vendor\\laravel\\framework\\src\\Illuminate\\Foundation\\Application.php(1059): Illuminate\\Container\\Container->call(Array)
#18 C:\\laragon\\www\\Ariya\\vendor\\laravel\\framework\\src\\Illuminate\\Foundation\\Application.php(1040): Illuminate\\Foundation\\Application->bootProvider(Object(App\\Providers\\AuthServiceProvider))
#19 [internal function]: Illuminate\\Foundation\\Application->Illuminate\\Foundation\\{closure}(Object(App\\Providers\\AuthServiceProvider), 43)
#20 C:\\laragon\\www\\Ariya\\vendor\\laravel\\framework\\src\\Illuminate\\Foundation\\Application.php(1039): array_walk(Array, Object(Closure))
#21 C:\\laragon\\www\\Ariya\\vendor\\laravel\\framework\\src\\Illuminate\\Foundation\\Bootstrap\\BootProviders.php(17): Illuminate\\Foundation\\Application->boot()
#22 C:\\laragon\\www\\Ariya\\vendor\\laravel\\framework\\src\\Illuminate\\Foundation\\Application.php(286): Illuminate\\Foundation\\Bootstrap\\BootProviders->bootstrap(Object(Illuminate\\Foundation\\Application))
#23 C:\\laragon\\www\\Ariya\\vendor\\laravel\\framework\\src\\Illuminate\\Foundation\\Http\\Kernel.php(186): Illuminate\\Foundation\\Application->bootstrapWith(Array)
#24 C:\\laragon\\www\\Ariya\\vendor\\laravel\\framework\\src\\Illuminate\\Foundation\\Http\\Kernel.php(170): Illuminate\\Foundation\\Http\\Kernel->bootstrap()
#25 C:\\laragon\\www\\Ariya\\vendor\\laravel\\framework\\src\\Illuminate\\Foundation\\Http\\Kernel.php(144): Illuminate\\Foundation\\Http\\Kernel->sendRequestThroughRouter(Object(Illuminate\\Http\\Request))
#26 C:\\laragon\\www\\Ariya\\public\\index.php(52): Illuminate\\Foundation\\Http\\Kernel->handle(Object(Illuminate\\Http\\Request))
#27 C:\\laragon\\www\\Ariya\\server.php(21): require_once('C:\\\\laragon\\\\www\\\\...')
#28 {main}

[previous exception] [object] (PDOException(code: 2002): SQLSTATE[HY000] [2002] No connection could be made because the target machine actively refused it at C:\\laragon\\www\\Ariya\\vendor\\laravel\\framework\\src\\Illuminate\\Database\\Connectors\\Connector.php:65)
[stacktrace]
#0 C:\\laragon\\www\\Ariya\\vendor\\laravel\\framework\\src\\Illuminate\\Database\\Connectors\\Connector.php(65): PDO->__construct('mysql:host=127....', 'root', Object(SensitiveParameterValue), Array)
#1 C:\\laragon\\www\\Ariya\\vendor\\laravel\\framework\\src\\Illuminate\\Database\\Connectors\\Connector.php(83): Illuminate\\Database\\Connectors\\Connector->createPdoConnection('mysql:host=127....', 'root', '', Array)
#2 C:\\laragon\\www\\Ariya\\vendor\\laravel\\framework\\src\\Illuminate\\Database\\Connectors\\Connector.php(48): Illuminate\\Database\\Connectors\\Connector->tryAgainIfCausedByLostConnection(Object(PDOException), 'mysql:host=127....', 'root', '', Array)
#3 C:\\laragon\\www\\Ariya\\vendor\\laravel\\framework\\src\\Illuminate\\Database\\Connectors\\MySqlConnector.php(24): Illuminate\\Database\\Connectors\\Connector->createConnection('mysql:host=127....', Array, Array)
#4 C:\\laragon\\www\\Ariya\\vendor\\laravel\\framework\\src\\Illuminate\\Database\\Connectors\\ConnectionFactory.php(184): Illuminate\\Database\\Connectors\\MySqlConnector->connect(Array)
#5 [internal function]: Illuminate\\Database\\Connectors\\ConnectionFactory->Illuminate\\Database\\Connectors\\{closure}()
#6 C:\\laragon\\www\\Ariya\\vendor\\laravel\\framework\\src\\Illuminate\\Database\\Connection.php(1339): call_user_func(Object(Closure))
#7 C:\\laragon\\www\\Ariya\\vendor\\laravel\\framework\\src\\Illuminate\\Database\\Connection.php(1375): Illuminate\\Database\\Connection->getPdo()
#8 C:\\laragon\\www\\Ariya\\vendor\\laravel\\framework\\src\\Illuminate\\Database\\Connection.php(528): Illuminate\\Database\\Connection->getReadPdo()
#9 C:\\laragon\\www\\Ariya\\vendor\\laravel\\framework\\src\\Illuminate\\Database\\Connection.php(423): Illuminate\\Database\\Connection->getPdoForSelect(true)
#10 C:\\laragon\\www\\Ariya\\vendor\\laravel\\framework\\src\\Illuminate\\Database\\Connection.php(816): Illuminate\\Database\\Connection->Illuminate\\Database\\{closure}('select * from `...', Array)
#11 C:\\laragon\\www\\Ariya\\vendor\\laravel\\framework\\src\\Illuminate\\Database\\Connection.php(983): Illuminate\\Database\\Connection->runQueryCallback('select * from `...', Array, Object(Closure))
#12 C:\\laragon\\www\\Ariya\\vendor\\laravel\\framework\\src\\Illuminate\\Database\\Connection.php(962): Illuminate\\Database\\Connection->tryAgainIfCausedByLostConnection(Object(Illuminate\\Database\\QueryException), 'select * from `...', Array, Object(Closure))
#13 C:\\laragon\\www\\Ariya\\vendor\\laravel\\framework\\src\\Illuminate\\Database\\Connection.php(785): Illuminate\\Database\\Connection->handleQueryException(Object(Illuminate\\Database\\QueryException), 'select * from `...', Array, Object(Closure))
#14 C:\\laragon\\www\\Ariya\\vendor\\laravel\\framework\\src\\Illuminate\\Database\\Connection.php(414): Illuminate\\Database\\Connection->run('select * from `...', Array, Object(Closure))
#15 C:\\laragon\\www\\Ariya\\vendor\\laravel\\framework\\src\\Illuminate\\Database\\Query\\Builder.php(2913): Illuminate\\Database\\Connection->select('select * from `...', Array, true)
#16 C:\\laragon\\www\\Ariya\\vendor\\laravel\\framework\\src\\Illuminate\\Database\\Query\\Builder.php(2902): Illuminate\\Database\\Query\\Builder->runSelect()
#17 C:\\laragon\\www\\Ariya\\vendor\\laravel\\framework\\src\\Illuminate\\Database\\Query\\Builder.php(3456): Illuminate\\Database\\Query\\Builder->Illuminate\\Database\\Query\\{closure}()
#18 C:\\laragon\\www\\Ariya\\vendor\\laravel\\framework\\src\\Illuminate\\Database\\Query\\Builder.php(2901): Illuminate\\Database\\Query\\Builder->onceWithColumns(Array, Object(Closure))
#19 C:\\laragon\\www\\Ariya\\vendor\\laravel\\framework\\src\\Illuminate\\Database\\Eloquent\\Builder.php(739): Illuminate\\Database\\Query\\Builder->get(Array)
#20 C:\\laragon\\www\\Ariya\\vendor\\laravel\\framework\\src\\Illuminate\\Database\\Eloquent\\Builder.php(723): Illuminate\\Database\\Eloquent\\Builder->getModels(Array)
#21 C:\\laragon\\www\\Ariya\\app\\Providers\\AuthServiceProvider.php(40): Illuminate\\Database\\Eloquent\\Builder->get()
#22 C:\\laragon\\www\\Ariya\\app\\Providers\\AuthServiceProvider.php(30): App\\Providers\\AuthServiceProvider->getPermissions()
#23 C:\\laragon\\www\\Ariya\\vendor\\laravel\\framework\\src\\Illuminate\\Container\\BoundMethod.php(36): App\\Providers\\AuthServiceProvider->boot()
#24 C:\\laragon\\www\\Ariya\\vendor\\laravel\\framework\\src\\Illuminate\\Container\\Util.php(41): Illuminate\\Container\\BoundMethod::Illuminate\\Container\\{closure}()
#25 C:\\laragon\\www\\Ariya\\vendor\\laravel\\framework\\src\\Illuminate\\Container\\BoundMethod.php(93): Illuminate\\Container\\Util::unwrapIfClosure(Object(Closure))
#26 C:\\laragon\\www\\Ariya\\vendor\\laravel\\framework\\src\\Illuminate\\Container\\BoundMethod.php(35): Illuminate\\Container\\BoundMethod::callBoundMethod(Object(Illuminate\\Foundation\\Application), Array, Object(Closure))
#27 C:\\laragon\\www\\Ariya\\vendor\\laravel\\framework\\src\\Illuminate\\Container\\Container.php(662): Illuminate\\Container\\BoundMethod::call(Object(Illuminate\\Foundation\\Application), Array, Array, NULL)
#28 C:\\laragon\\www\\Ariya\\vendor\\laravel\\framework\\src\\Illuminate\\Foundation\\Application.php(1059): Illuminate\\Container\\Container->call(Array)
#29 C:\\laragon\\www\\Ariya\\vendor\\laravel\\framework\\src\\Illuminate\\Foundation\\Application.php(1040): Illuminate\\Foundation\\Application->bootProvider(Object(App\\Providers\\AuthServiceProvider))
#30 [internal function]: Illuminate\\Foundation\\Application->Illuminate\\Foundation\\{closure}(Object(App\\Providers\\AuthServiceProvider), 43)
#31 C:\\laragon\\www\\Ariya\\vendor\\laravel\\framework\\src\\Illuminate\\Foundation\\Application.php(1039): array_walk(Array, Object(Closure))
#32 C:\\laragon\\www\\Ariya\\vendor\\laravel\\framework\\src\\Illuminate\\Foundation\\Bootstrap\\BootProviders.php(17): Illuminate\\Foundation\\Application->boot()
#33 C:\\laragon\\www\\Ariya\\vendor\\laravel\\framework\\src\\Illuminate\\Foundation\\Application.php(286): Illuminate\\Foundation\\Bootstrap\\BootProviders->bootstrap(Object(Illuminate\\Foundation\\Application))
#34 C:\\laragon\\www\\Ariya\\vendor\\laravel\\framework\\src\\Illuminate\\Foundation\\Http\\Kernel.php(186): Illuminate\\Foundation\\Application->bootstrapWith(Array)
#35 C:\\laragon\\www\\Ariya\\vendor\\laravel\\framework\\src\\Illuminate\\Foundation\\Http\\Kernel.php(170): Illuminate\\Foundation\\Http\\Kernel->bootstrap()
#36 C:\\laragon\\www\\Ariya\\vendor\\laravel\\framework\\src\\Illuminate\\Foundation\\Http\\Kernel.php(144): Illuminate\\Foundation\\Http\\Kernel->sendRequestThroughRouter(Object(Illuminate\\Http\\Request))
#37 C:\\laragon\\www\\Ariya\\public\\index.php(52): Illuminate\\Foundation\\Http\\Kernel->handle(Object(Illuminate\\Http\\Request))
#38 C:\\laragon\\www\\Ariya\\server.php(21): require_once('C:\\\\laragon\\\\www\\\\...')
#39 {main}
"} 
[2026-07-18 09:40:27] local.ERROR: Route [csrf] not defined. {"view":{"view":"C:\\laragon\\www\\Ariya\\resources\\views\\back\\partials\\meta.blade.php","data":{"errors":"<pre class=sf-dump id=sf-dump-1415967288 data-indent-pad=\"  \"><span class=sf-dump-note>Illuminate\\Support\\ViewErrorBag</span> {<a class=sf-dump-ref>#1173</a><samp data-depth=1 class=sf-dump-expanded>
  #<span class=sf-dump-protected title=\"Protected property\">bags</span>: []
</samp>}
</pre><script>Sfdump(\"sf-dump-1415967288\", {\"maxDepth\":3,\"maxStringLength\":160})</script>
","exception":"<pre class=sf-dump id=sf-dump-627789261 data-indent-pad=\"  \"><span class=sf-dump-note>Symfony\\Component\\HttpKernel\\Exception\\HttpException</span> {<a class=sf-dump-ref>#1181</a><samp data-depth=1 class=sf-dump-expanded>
  #<span class=sf-dump-protected title=\"Protected property\">message</span>: \"<span class=sf-dump-str title=\"170 characters\">SQLSTATE[HY000] [2002] No connection could be made because the target machine actively refused it (Connection: mysql, SQL: select * from `permissions` where `active` = 1)</span>\"
  #<span class=sf-dump-protected title=\"Protected property\">code</span>: <span class=sf-dump-num>0</span>
  #<span class=sf-dump-protected title=\"Protected property\">file</span>: \"<span class=\"sf-dump-str sf-dump-ellipsization\" title=\"C:\\laragon\\www\\Ariya\\vendor\\laravel\\framework\\src\\Illuminate\\Foundation\\Exceptions\\Handler.php
94 characters\"><span class=\"sf-dump-ellipsis sf-dump-ellipsis-path\">C:\\laragon\\www\\Ariya\\vendor</span><span class=\"sf-dump-ellipsis sf-dump-ellipsis-path\">\\laravel\\framework\\</span><span class=\"sf-dump-ellipsis-tail\">src\\Illuminate\\Foundation\\Exceptions\\Handler.php</span></span>\"
  #<span class=sf-dump-protected title=\"Protected property\">line</span>: <span class=sf-dump-num>646</span>
  -<span class=sf-dump-private title=\"Private property defined in class:&#10;`Exception`\">previous</span>: <span class=\"sf-dump-note sf-dump-ellipsization\" title=\"Illuminate\\Database\\QueryException
\"><span class=\"sf-dump-ellipsis sf-dump-ellipsis-note\">Illuminate\\Database</span><span class=\"sf-dump-ellipsis sf-dump-ellipsis-note\">\\</span><span class=\"sf-dump-ellipsis-tail\">QueryException</span></span> {<a class=sf-dump-ref href=#sf-dump-627789261-ref21142 title=\"6 occurrences\">#1142</a><samp data-depth=2 id=sf-dump-627789261-ref21142 class=sf-dump-compact>
    #<span class=sf-dump-protected title=\"Protected property\">message</span>: \"<span class=sf-dump-str title=\"170 characters\">SQLSTATE[HY000] [2002] No connection could be made because the target machine actively refused it (Connection: mysql, SQL: select * from `permissions` where `active` = 1)</span>\"
    #<span class=sf-dump-protected title=\"Protected property\">code</span>: <span class=sf-dump-num>2002</span>
    #<span class=sf-dump-protected title=\"Protected property\">file</span>: \"<span class=\"sf-dump-str sf-dump-ellipsization\" title=\"C:\\laragon\\www\\Ariya\\vendor\\laravel\\framework\\src\\Illuminate\\Database\\Connection.php
84 characters\"><span class=\"sf-dump-ellipsis sf-dump-ellipsis-path\">C:\\laragon\\www\\Ariya\\vendor</span><span class=\"sf-dump-ellipsis sf-dump-ellipsis-path\">\\laravel\\framework\\</span><span class=\"sf-dump-ellipsis-tail\">src\\Illuminate\\Database\\Connection.php</span></span>\"
    #<span class=sf-dump-protected title=\"Protected property\">line</span>: <span class=sf-dump-num>829</span>
    -<span class=sf-dump-private title=\"Private property defined in class:&#10;`Exception`\">previous</span>: <span class=sf-dump-note>PDOException</span> {<a class=sf-dump-ref>#1146</a><samp data-depth=3 class=sf-dump-compact>
      #<span class=sf-dump-protected title=\"Protected property\">message</span>: \"<span class=sf-dump-str title=\"97 characters\">SQLSTATE[HY000] [2002] No connection could be made because the target machine actively refused it</span>\"
      #<span class=sf-dump-protected title=\"Protected property\">code</span>: <span class=sf-dump-num>2002</span>
      #<span class=sf-dump-protected title=\"Protected property\">file</span>: \"<span class=\"sf-dump-str sf-dump-ellipsization\" title=\"C:\\laragon\\www\\Ariya\\vendor\\laravel\\framework\\src\\Illuminate\\Database\\Connectors\\Connector.php
94 characters\"><span class=\"sf-dump-ellipsis sf-dump-ellipsis-path\">C:\\laragon\\www\\Ariya\\vendor</span><span class=\"sf-dump-ellipsis sf-dump-ellipsis-path\">\\laravel\\framework\\</span><span class=\"sf-dump-ellipsis-tail\">src\\Illuminate\\Database\\Connectors\\Connector.php</span></span>\"
      #<span class=sf-dump-protected title=\"Protected property\">line</span>: <span class=sf-dump-num>65</span>
      +<span class=sf-dump-public title=\"Public property\">errorInfo</span>: <span class=sf-dump-note>array:3</span> [ &#8230;3]
      <span class=sf-dump-meta>trace</span>: { &#8230;39}
    </samp>}
    +<span class=sf-dump-public title=\"Public property\">errorInfo</span>: <span class=sf-dump-note>array:3</span> [<samp data-depth=3 class=sf-dump-compact>
      <span class=sf-dump-index>0</span> => \"<span class=sf-dump-str title=\"5 characters\">HY000</span>\"
      <span class=sf-dump-index>1</span> => <span class=sf-dump-num>2002</span>
      <span class=sf-dump-index>2</span> => \"<span class=sf-dump-str title=\"74 characters\">No connection could be made because the target machine actively refused it</span>\"
    </samp>]
    +<span class=sf-dump-public title=\"Public property\">connectionName</span>: \"<span class=sf-dump-str title=\"5 characters\">mysql</span>\"
    #<span class=sf-dump-protected title=\"Protected property\">sql</span>: \"<span class=sf-dump-str title=\"46 characters\">select * from `permissions` where `active` = ?</span>\"
    #<span class=sf-dump-protected title=\"Protected property\">bindings</span>: <span class=sf-dump-note>array:1</span> [<samp data-depth=3 class=sf-dump-compact>
      <span class=sf-dump-index>0</span> => <span class=sf-dump-num>1</span>
    </samp>]
    <span class=sf-dump-meta>trace</span>: {<samp data-depth=3 class=sf-dump-compact>
      <span class=\"sf-dump-meta sf-dump-ellipsization\" title=\"C:\\laragon\\www\\Ariya\\vendor\\laravel\\framework\\src\\Illuminate\\Database\\Connection.php:829
Stack level 29.\"><span class=\"sf-dump-ellipsis sf-dump-ellipsis-path\">C:\\laragon\\www\\Ariya\\vendor</span><span class=\"sf-dump-ellipsis sf-dump-ellipsis-path\">\\laravel\\framework\\</span><span class=\"sf-dump-ellipsis-tail\">src\\Illuminate\\Database\\Connection.php:829</span></span> { &#8230;4}
      <span class=\"sf-dump-meta sf-dump-ellipsization\" title=\"C:\\laragon\\www\\Ariya\\vendor\\laravel\\framework\\src\\Illuminate\\Database\\Connection.php:983
Stack level 28.\"><span class=\"sf-dump-ellipsis sf-dump-ellipsis-path\">C:\\laragon\\www\\Ariya\\vendor</span><span class=\"sf-dump-ellipsis sf-dump-ellipsis-path\">\\laravel\\framework\\</span><span class=\"sf-dump-ellipsis-tail\">src\\Illuminate\\Database\\Connection.php:983</span></span> { &#8230;5}
      <span class=\"sf-dump-meta sf-dump-ellipsization\" title=\"C:\\laragon\\www\\Ariya\\vendor\\laravel\\framework\\src\\Illuminate\\Database\\Connection.php:962
Stack level 27.\"><span class=\"sf-dump-ellipsis sf-dump-ellipsis-path\">C:\\laragon\\www\\Ariya\\vendor</span><span class=\"sf-dump-ellipsis sf-dump-ellipsis-path\">\\laravel\\framework\\</span><span class=\"sf-dump-ellipsis-tail\">src\\Illuminate\\Database\\Connection.php:962</span></span> { &#8230;5}
      <span class=\"sf-dump-meta sf-dump-ellipsization\" title=\"C:\\laragon\\www\\Ariya\\vendor\\laravel\\framework\\src\\Illuminate\\Database\\Connection.php:785
Stack level 26.\"><span class=\"sf-dump-ellipsis sf-dump-ellipsis-path\">C:\\laragon\\www\\Ariya\\vendor</span><span class=\"sf-dump-ellipsis sf-dump-ellipsis-path\">\\laravel\\framework\\</span><span class=\"sf-dump-ellipsis-tail\">src\\Illuminate\\Database\\Connection.php:785</span></span> { &#8230;5}
      <span class=\"sf-dump-meta sf-dump-ellipsization\" title=\"C:\\laragon\\www\\Ariya\\vendor\\laravel\\framework\\src\\Illuminate\\Database\\Connection.php:414
Stack level 25.\"><span class=\"sf-dump-ellipsis sf-dump-ellipsis-path\">C:\\laragon\\www\\Ariya\\vendor</span><span class=\"sf-dump-ellipsis sf-dump-ellipsis-path\">\\laravel\\framework\\</span><span class=\"sf-dump-ellipsis-tail\">src\\Illuminate\\Database\\Connection.php:414</span></span> { &#8230;5}
      <span class=\"sf-dump-meta sf-dump-ellipsization\" title=\"C:\\laragon\\www\\Ariya\\vendor\\laravel\\framework\\src\\Illuminate\\Database\\Query\\Builder.php:2913
Stack level 24.\"><span class=\"sf-dump-ellipsis sf-dump-ellipsis-path\">C:\\laragon\\www\\Ariya\\vendor</span><span class=\"sf-dump-ellipsis sf-dump-ellipsis-path\">\\laravel\\framework\\</span><span class=\"sf-dump-ellipsis-tail\">src\\Illuminate\\Database\\Query\\Builder.php:2913</span></span> { &#8230;5}
      <span class=\"sf-dump-meta sf-dump-ellipsization\" title=\"C:\\laragon\\www\\Ariya\\vendor\\laravel\\framework\\src\\Illuminate\\Database\\Query\\Builder.php:2902
Stack level 23.\"><span class=\"sf-dump-ellipsis sf-dump-ellipsis-path\">C:\\laragon\\www\\Ariya\\vendor</span><span class=\"sf-dump-ellipsis sf-dump-ellipsis-path\">\\laravel\\framework\\</span><span class=\"sf-dump-ellipsis-tail\">src\\Illuminate\\Database\\Query\\Builder.php:2902</span></span> { &#8230;4}
      <span class=\"sf-dump-meta sf-dump-ellipsization\" title=\"C:\\laragon\\www\\Ariya\\vendor\\laravel\\framework\\src\\Illuminate\\Database\\Query\\Builder.php:3456
Stack level 22.\"><span class=\"sf-dump-ellipsis sf-dump-ellipsis-path\">C:\\laragon\\www\\Ariya\\vendor</span><span class=\"sf-dump-ellipsis sf-dump-ellipsis-path\">\\laravel\\framework\\</span><span class=\"sf-dump-ellipsis-tail\">src\\Illuminate\\Database\\Query\\Builder.php:3456</span></span> { &#8230;4}
      <span class=\"sf-dump-meta sf-dump-ellipsization\" title=\"C:\\laragon\\www\\Ariya\\vendor\\laravel\\framework\\src\\Illuminate\\Database\\Query\\Builder.php:2901
Stack level 21.\"><span class=\"sf-dump-ellipsis sf-dump-ellipsis-path\">C:\\laragon\\www\\Ariya\\vendor</span><span class=\"sf-dump-ellipsis sf-dump-ellipsis-path\">\\laravel\\framework\\</span><span class=\"sf-dump-ellipsis-tail\">src\\Illuminate\\Database\\Query\\Builder.php:2901</span></span> { &#8230;5}
      <span class=\"sf-dump-meta sf-dump-ellipsization\" title=\"C:\\laragon\\www\\Ariya\\vendor\\laravel\\framework\\src\\Illuminate\\Database\\Eloquent\\Builder.php:739
Stack level 20.\"><span class=\"sf-dump-ellipsis sf-dump-ellipsis-path\">C:\\laragon\\www\\Ariya\\vendor</span><span class=\"sf-dump-ellipsis sf-dump-ellipsis-path\">\\laravel\\framework\\</span><span class=\"sf-dump-ellipsis-tail\">src\\Illuminate\\Database\\Eloquent\\Builder.php:739</span></span> { &#8230;5}
      <span class=\"sf-dump-meta sf-dump-ellipsization\" title=\"C:\\laragon\\www\\Ariya\\vendor\\laravel\\framework\\src\\Illuminate\\Database\\Eloquent\\Builder.php:723
Stack level 19.\"><span class=\"sf-dump-ellipsis sf-dump-ellipsis-path\">C:\\laragon\\www\\Ariya\\vendor</span><span class=\"sf-dump-ellipsis sf-dump-ellipsis-path\">\\laravel\\framework\\</span><span class=\"sf-dump-ellipsis-tail\">src\\Illuminate\\Database\\Eloquent\\Builder.php:723</span></span> { &#8230;5}
      <span class=\"sf-dump-meta sf-dump-ellipsization\" title=\"C:\\laragon\\www\\Ariya\\app\\Providers\\AuthServiceProvider.php:40
Stack level 18.\"><span class=\"sf-dump-ellipsis sf-dump-ellipsis-path\">C:\\laragon\\www\\Ariya</span><span class=\"sf-dump-ellipsis sf-dump-ellipsis-path\">\\</span><span class=\"sf-dump-ellipsis-tail\">app\\Providers\\AuthServiceProvider.php:40</span></span> { &#8230;4}
      <span class=\"sf-dump-meta sf-dump-ellipsization\" title=\"C:\\laragon\\www\\Ariya\\app\\Providers\\AuthServiceProvider.php:30
Stack level 17.\"><span class=\"sf-dump-ellipsis sf-dump-ellipsis-path\">C:\\laragon\\www\\Ariya</span><span class=\"sf-dump-ellipsis sf-dump-ellipsis-path\">\\</span><span class=\"sf-dump-ellipsis-tail\">app\\Providers\\AuthServiceProvider.php:30</span></span> { &#8230;4}
      <span class=\"sf-dump-meta sf-dump-ellipsization\" title=\"C:\\laragon\\www\\Ariya\\vendor\\laravel\\framework\\src\\Illuminate\\Container\\BoundMethod.php:36
Stack level 16.\"><span class=\"sf-dump-ellipsis sf-dump-ellipsis-path\">C:\\laragon\\www\\Ariya\\vendor</span><span class=\"sf-dump-ellipsis sf-dump-ellipsis-path\">\\laravel\\framework\\</span><span class=\"sf-dump-ellipsis-tail\">src\\Illuminate\\Container\\BoundMethod.php:36</span></span> { &#8230;4}
      <span class=\"sf-dump-meta sf-dump-ellipsization\" title=\"C:\\laragon\\www\\Ariya\\vendor\\laravel\\framework\\src\\Illuminate\\Container\\Util.php:41
Stack level 15.\"><span class=\"sf-dump-ellipsis sf-dump-ellipsis-path\">C:\\laragon\\www\\Ariya\\vendor</span><span class=\"sf-dump-ellipsis sf-dump-ellipsis-path\">\\laravel\\framework\\</span><span class=\"sf-dump-ellipsis-tail\">src\\Illuminate\\Container\\Util.php:41</span></span> { &#8230;4}
      <span class=\"sf-dump-meta sf-dump-ellipsization\" title=\"C:\\laragon\\www\\Ariya\\vendor\\laravel\\framework\\src\\Illuminate\\Container\\BoundMethod.php:93
Stack level 14.\"><span class=\"sf-dump-ellipsis sf-dump-ellipsis-path\">C:\\laragon\\www\\Ariya\\vendor</span><span class=\"sf-dump-ellipsis sf-dump-ellipsis-path\">\\laravel\\framework\\</span><span class=\"sf-dump-ellipsis-tail\">src\\Illuminate\\Container\\BoundMethod.php:93</span></span> { &#8230;5}
      <span class=\"sf-dump-meta sf-dump-ellipsization\" title=\"C:\\laragon\\www\\Ariya\\vendor\\laravel\\framework\\src\\Illuminate\\Container\\BoundMethod.php:35
Stack level 13.\"><span class=\"sf-dump-ellipsis sf-dump-ellipsis-path\">C:\\laragon\\www\\Ariya\\vendor</span><span class=\"sf-dump-ellipsis sf-dump-ellipsis-path\">\\laravel\\framework\\</span><span class=\"sf-dump-ellipsis-tail\">src\\Illuminate\\Container\\BoundMethod.php:35</span></span> { &#8230;5}
      <span class=\"sf-dump-meta sf-dump-ellipsization\" title=\"C:\\laragon\\www\\Ariya\\vendor\\laravel\\framework\\src\\Illuminate\\Container\\Container.php:662
Stack level 12.\"><span class=\"sf-dump-ellipsis sf-dump-ellipsis-path\">C:\\laragon\\www\\Ariya\\vendor</span><span class=\"sf-dump-ellipsis sf-dump-ellipsis-path\">\\laravel\\framework\\</span><span class=\"sf-dump-ellipsis-tail\">src\\Illuminate\\Container\\Container.php:662</span></span> { &#8230;5}
      <span class=\"sf-dump-meta sf-dump-ellipsization\" title=\"C:\\laragon\\www\\Ariya\\vendor\\laravel\\framework\\src\\Illuminate\\Foundation\\Application.php:1059
Stack level 11.\"><span class=\"sf-dump-ellipsis sf-dump-ellipsis-path\">C:\\laragon\\www\\Ariya\\vendor</span><span class=\"sf-dump-ellipsis sf-dump-ellipsis-path\">\\laravel\\framework\\</span><span class=\"sf-dump-ellipsis-tail\">src\\Illuminate\\Foundation\\Application.php:1059</span></span> { &#8230;5}
      <span class=\"sf-dump-meta sf-dump-ellipsization\" title=\"C:\\laragon\\www\\Ariya\\vendor\\laravel\\framework\\src\\Illuminate\\Foundation\\Application.php:1040
Stack level 10.\"><span class=\"sf-dump-ellipsis sf-dump-ellipsis-path\">C:\\laragon\\www\\Ariya\\vendor</span><span class=\"sf-dump-ellipsis sf-dump-ellipsis-path\">\\laravel\\framework\\</span><span class=\"sf-dump-ellipsis-tail\">src\\Illuminate\\Foundation\\Application.php:1040</span></span> { &#8230;5}
      <span class=\"sf-dump-meta sf-dump-ellipsization\" title=\"Illuminate\\Foundation\\Application-&gt;Illuminate\\Foundation\\{closure}()
Stack level 9.\"><span class=\"sf-dump-ellipsis sf-dump-ellipsis-class\">Illuminate\\Foundation\\Application-&gt;Illuminate\\Foundation</span><span class=\"sf-dump-ellipsis sf-dump-ellipsis-class\">\\</span><span class=\"sf-dump-ellipsis-tail\">{closure}()</span></span> {}
      <span class=\"sf-dump-meta sf-dump-ellipsization\" title=\"C:\\laragon\\www\\Ariya\\vendor\\laravel\\framework\\src\\Illuminate\\Foundation\\Application.php:1039
Stack level 8.\"><span class=\"sf-dump-ellipsis sf-dump-ellipsis-path\">C:\\laragon\\www\\Ariya\\vendor</span><span class=\"sf-dump-ellipsis sf-dump-ellipsis-path\">\\laravel\\framework\\</span><span class=\"sf-dump-ellipsis-tail\">src\\Illuminate\\Foundation\\Application.php:1039</span></span> { &#8230;5}
      <span class=\"sf-dump-meta sf-dump-ellipsization\" title=\"C:\\laragon\\www\\Ariya\\vendor\\laravel\\framework\\src\\Illuminate\\Foundation\\Bootstrap\\BootProviders.php:17
Stack level 7.\"><span class=\"sf-dump-ellipsis sf-dump-ellipsis-path\">C:\\laragon\\www\\Ariya\\vendor</span><span class=\"sf-dump-ellipsis sf-dump-ellipsis-path\">\\laravel\\framework\\</span><span class=\"sf-dump-ellipsis-tail\">src\\Illuminate\\Foundation\\Bootstrap\\BootProviders.php:17</span></span> { &#8230;4}
      <span class=\"sf-dump-meta sf-dump-ellipsization\" title=\"C:\\laragon\\www\\Ariya\\vendor\\laravel\\framework\\src\\Illuminate\\Foundation\\Application.php:286
Stack level 6.\"><span class=\"sf-dump-ellipsis sf-dump-ellipsis-path\">C:\\laragon\\www\\Ariya\\vendor</span><span class=\"sf-dump-ellipsis sf-dump-ellipsis-path\">\\laravel\\framework\\</span><span class=\"sf-dump-ellipsis-tail\">src\\Illuminate\\Foundation\\Application.php:286</span></span> { &#8230;5}
      <span class=\"sf-dump-meta sf-dump-ellipsization\" title=\"C:\\laragon\\www\\Ariya\\vendor\\laravel\\framework\\src\\Illuminate\\Foundation\\Http\\Kernel.php:186
Stack level 5.\"><span class=\"sf-dump-ellipsis sf-dump-ellipsis-path\">C:\\laragon\\www\\Ariya\\vendor</span><span class=\"sf-dump-ellipsis sf-dump-ellipsis-path\">\\laravel\\framework\\</span><span class=\"sf-dump-ellipsis-tail\">src\\Illuminate\\Foundation\\Http\\Kernel.php:186</span></span> { &#8230;5}
      <span class=\"sf-dump-meta sf-dump-ellipsization\" title=\"C:\\laragon\\www\\Ariya\\vendor\\laravel\\framework\\src\\Illuminate\\Foundation\\Http\\Kernel.php:170
Stack level 4.\"><span class=\"sf-dump-ellipsis sf-dump-ellipsis-path\">C:\\laragon\\www\\Ariya\\vendor</span><span class=\"sf-dump-ellipsis sf-dump-ellipsis-path\">\\laravel\\framework\\</span><span class=\"sf-dump-ellipsis-tail\">src\\Illuminate\\Foundation\\Http\\Kernel.php:170</span></span> { &#8230;4}
      <span class=\"sf-dump-meta sf-dump-ellipsization\" title=\"C:\\laragon\\www\\Ariya\\vendor\\laravel\\framework\\src\\Illuminate\\Foundation\\Http\\Kernel.php:144
Stack level 3.\"><span class=\"sf-dump-ellipsis sf-dump-ellipsis-path\">C:\\laragon\\www\\Ariya\\vendor</span><span class=\"sf-dump-ellipsis sf-dump-ellipsis-path\">\\laravel\\framework\\</span><span class=\"sf-dump-ellipsis-tail\">src\\Illuminate\\Foundation\\Http\\Kernel.php:144</span></span> { &#8230;5}
      <span class=\"sf-dump-meta sf-dump-ellipsization\" title=\"C:\\laragon\\www\\Ariya\\public\\index.php:52
Stack level 2.\"><span class=\"sf-dump-ellipsis sf-dump-ellipsis-path\">C:\\laragon\\www\\Ariya</span><span class=\"sf-dump-ellipsis sf-dump-ellipsis-path\">\\</span><span class=\"sf-dump-ellipsis-tail\">public\\index.php:52</span></span> { &#8230;5}
      <span class=\"sf-dump-meta sf-dump-ellipsization\" title=\"C:\\laragon\\www\\Ariya\\server.php:21
Stack level 1.\"><span class=\"sf-dump-ellipsis sf-dump-ellipsis-path\">C:\\laragon\\www\\Ariya</span><span class=\"sf-dump-ellipsis sf-dump-ellipsis-path\">\\</span><span class=\"sf-dump-ellipsis-tail\">server.php:21</span></span> { &#8230;4}
    </samp>}
  </samp>}
  -<span class=sf-dump-private title=\"Private property defined in class:&#10;`Symfony\\Component\\HttpKernel\\Exception\\HttpException`\">statusCode</span>: <span class=sf-dump-num>500</span>
  -<span class=sf-dump-private title=\"Private property defined in class:&#10;`Symfony\\Component\\HttpKernel\\Exception\\HttpException`\">headers</span>: []
  <span class=sf-dump-meta>trace</span>: {<samp data-depth=2 class=sf-dump-compact>
    <span class=\"sf-dump-meta sf-dump-ellipsization\" title=\"C:\\laragon\\www\\Ariya\\vendor\\laravel\\framework\\src\\Illuminate\\Foundation\\Exceptions\\Handler.php:646
Stack level 8.\"><span class=\"sf-dump-ellipsis sf-dump-ellipsis-path\">C:\\laragon\\www\\Ariya\\vendor</span><span class=\"sf-dump-ellipsis sf-dump-ellipsis-path\">\\laravel\\framework\\</span><span class=\"sf-dump-ellipsis-tail\">src\\Illuminate\\Foundation\\Exceptions\\Handler.php:646</span></span> {<samp data-depth=3 class=sf-dump-compact>
      <span class=\"sf-dump-note sf-dump-ellipsization\" title=\"Illuminate\\Foundation\\Exceptions\\Handler-&gt;prepareResponse($request, Throwable $e)
\"><span class=\"sf-dump-ellipsis sf-dump-ellipsis-note\">Illuminate\\Foundation\\Exceptions</span><span class=\"sf-dump-ellipsis sf-dump-ellipsis-note\">\\</span><span class=\"sf-dump-ellipsis-tail\">Handler-&gt;prepareResponse($request, Throwable $e)</span></span> &#8230;
      &#8250; <code class=\"php\"><span class=sf-dump-default>if (! $this-&gt;isHttpException($e)) {</span></code>
      &#8250; <code class=\"php\"><span class=sf-dump-const title=\"in Illuminate\\Foundation\\Exceptions\\Handler-&gt;prepareResponse($request, Throwable $e)\">    $e = new HttpException(500, $e-&gt;getMessage(), $e);</span></code>
      &#8250; <code class=\"php\"><span class=sf-dump-default>}</span></code>
    </samp>}
    <span class=\"sf-dump-meta sf-dump-ellipsization\" title=\"C:\\laragon\\www\\Ariya\\vendor\\laravel\\framework\\src\\Illuminate\\Foundation\\Exceptions\\Handler.php:556
Stack level 7.\"><span class=\"sf-dump-ellipsis sf-dump-ellipsis-path\">C:\\laragon\\www\\Ariya\\vendor</span><span class=\"sf-dump-ellipsis sf-dump-ellipsis-path\">\\laravel\\framework\\</span><span class=\"sf-dump-ellipsis-tail\">src\\Illuminate\\Foundation\\Exceptions\\Handler.php:556</span></span> {<samp data-depth=3 class=sf-dump-compact>
      <span class=\"sf-dump-note sf-dump-ellipsization\" title=\"Illuminate\\Foundation\\Exceptions\\Handler-&gt;renderExceptionResponse($request, Throwable $e)
\"><span class=\"sf-dump-ellipsis sf-dump-ellipsis-note\">Illuminate\\Foundation\\Exceptions</span><span class=\"sf-dump-ellipsis sf-dump-ellipsis-note\">\\</span><span class=\"sf-dump-ellipsis-tail\">Handler-&gt;renderExceptionResponse($request, Throwable $e)</span></span> &#8230;
      &#8250; <code class=\"php\"><span class=sf-dump-default>                ? $this-&gt;prepareJsonResponse($request, $e)</span></code>
      &#8250; <code class=\"php\"><span class=sf-dump-const title=\"in Illuminate\\Foundation\\Exceptions\\Handler-&gt;renderExceptionResponse($request, Throwable $e)\">                : $this-&gt;prepareResponse($request, $e);</span></code>
      &#8250; <code class=\"php\"><span class=sf-dump-default>}</span></code>
      <span class=sf-dump-meta>arguments</span>: { &#8230;2}
    </samp>}
    <span class=\"sf-dump-meta sf-dump-ellipsization\" title=\"C:\\laragon\\www\\Ariya\\vendor\\laravel\\framework\\src\\Illuminate\\Foundation\\Exceptions\\Handler.php:473
Stack level 6.\"><span class=\"sf-dump-ellipsis sf-dump-ellipsis-path\">C:\\laragon\\www\\Ariya\\vendor</span><span class=\"sf-dump-ellipsis sf-dump-ellipsis-path\">\\laravel\\framework\\</span><span class=\"sf-dump-ellipsis-tail\">src\\Illuminate\\Foundation\\Exceptions\\Handler.php:473</span></span> {<samp data-depth=3 class=sf-dump-compact>
      <span class=\"sf-dump-note sf-dump-ellipsization\" title=\"Illuminate\\Foundation\\Exceptions\\Handler-&gt;render($request, Throwable $e)
\"><span class=\"sf-dump-ellipsis sf-dump-ellipsis-note\">Illuminate\\Foundation\\Exceptions</span><span class=\"sf-dump-ellipsis sf-dump-ellipsis-note\">\\</span><span class=\"sf-dump-ellipsis-tail\">Handler-&gt;render($request, Throwable $e)</span></span> &#8230;
      &#8250; <code class=\"php\"><span class=sf-dump-default>    $e instanceof ValidationException =&gt; $this-&gt;convertValidationExceptionToResponse($e, $request),</span></code>
      &#8250; <code class=\"php\"><span class=sf-dump-const title=\"in Illuminate\\Foundation\\Exceptions\\Handler-&gt;render($request, Throwable $e)\">    default =&gt; $this-&gt;renderExceptionResponse($request, $e),</span></code>
      &#8250; <code class=\"php\"><span class=sf-dump-default>};</span></code>
      <span class=sf-dump-meta>arguments</span>: { &#8230;2}
    </samp>}
    <span class=\"sf-dump-meta sf-dump-ellipsization\" title=\"C:\\laragon\\www\\Ariya\\app\\Exceptions\\Handler.php:134
Stack level 5.\"><span class=\"sf-dump-ellipsis sf-dump-ellipsis-path\">C:\\laragon\\www\\Ariya</span><span class=\"sf-dump-ellipsis sf-dump-ellipsis-path\">\\</span><span class=\"sf-dump-ellipsis-tail\">app\\Exceptions\\Handler.php:134</span></span> {<samp data-depth=3 class=sf-dump-compact>
      <span class=\"sf-dump-note sf-dump-ellipsization\" title=\"App\\Exceptions\\Handler-&gt;render($request, Throwable $exception)
\"><span class=\"sf-dump-ellipsis sf-dump-ellipsis-note\">App\\Exceptions</span><span class=\"sf-dump-ellipsis sf-dump-ellipsis-note\">\\</span><span class=\"sf-dump-ellipsis-tail\">Handler-&gt;render($request, Throwable $exception)</span></span> &#8230;
      &#8250; 
      &#8250; <code class=\"php\"><span class=sf-dump-const title=\"in App\\Exceptions\\Handler-&gt;render($request, Throwable $exception)\">    return parent::render($request, $exception);</span></code>
      &#8250; <code class=\"php\"><span class=sf-dump-default>}</span></code>
      <span class=sf-dump-meta>arguments</span>: { &#8230;2}
    </samp>}
    <span class=\"sf-dump-meta sf-dump-ellipsization\" title=\"C:\\laragon\\www\\Ariya\\vendor\\laravel\\framework\\src\\Illuminate\\Foundation\\Http\\Kernel.php:509
Stack level 4.\"><span class=\"sf-dump-ellipsis sf-dump-ellipsis-path\">C:\\laragon\\www\\Ariya\\vendor</span><span class=\"sf-dump-ellipsis sf-dump-ellipsis-path\">\\laravel\\framework\\</span><span class=\"sf-dump-ellipsis-tail\">src\\Illuminate\\Foundation\\Http\\Kernel.php:509</span></span> {<samp data-depth=3 class=sf-dump-compact>
      <span class=\"sf-dump-note sf-dump-ellipsization\" title=\"Illuminate\\Foundation\\Http\\Kernel-&gt;renderException($request, Throwable $e)
\"><span class=\"sf-dump-ellipsis sf-dump-ellipsis-note\">Illuminate\\Foundation\\Http</span><span class=\"sf-dump-ellipsis sf-dump-ellipsis-note\">\\</span><span class=\"sf-dump-ellipsis-tail\">Kernel-&gt;renderException($request, Throwable $e)</span></span> &#8230;
      &#8250; <code class=\"php\"><span class=sf-dump-default>{</span></code>
      &#8250; <code class=\"php\"><span class=sf-dump-const title=\"in Illuminate\\Foundation\\Http\\Kernel-&gt;renderException($request, Throwable $e)\">    return $this-&gt;app[ExceptionHandler::class]-&gt;render($request, $e);</span></code>
      &#8250; <code class=\"php\"><span class=sf-dump-default>}</span></code>
      <span class=sf-dump-meta>arguments</span>: { &#8230;2}
    </samp>}
    <span class=\"sf-dump-meta sf-dump-ellipsization\" title=\"C:\\laragon\\www\\Ariya\\vendor\\laravel\\framework\\src\\Illuminate\\Foundation\\Http\\Kernel.php:148
Stack level 3.\"><span class=\"sf-dump-ellipsis sf-dump-ellipsis-path\">C:\\laragon\\www\\Ariya\\vendor</span><span class=\"sf-dump-ellipsis sf-dump-ellipsis-path\">\\laravel\\framework\\</span><span class=\"sf-dump-ellipsis-tail\">src\\Illuminate\\Foundation\\Http\\Kernel.php:148</span></span> {<samp data-depth=3 class=sf-dump-compact>
      <span class=\"sf-dump-note sf-dump-ellipsization\" title=\"Illuminate\\Foundation\\Http\\Kernel-&gt;handle($request)
\"><span class=\"sf-dump-ellipsis sf-dump-ellipsis-note\">Illuminate\\Foundation\\Http</span><span class=\"sf-dump-ellipsis sf-dump-ellipsis-note\">\\</span><span class=\"sf-dump-ellipsis-tail\">Kernel-&gt;handle($request)</span></span> &#8230;
      &#8250; 
      &#8250; <code class=\"php\"><span class=sf-dump-const title=\"in Illuminate\\Foundation\\Http\\Kernel-&gt;handle($request)\">    $response = $this-&gt;renderException($request, $e);</span></code>
      &#8250; <code class=\"php\"><span class=sf-dump-default>}</span></code>
      <span class=sf-dump-meta>arguments</span>: { &#8230;2}
    </samp>}
    <span class=\"sf-dump-meta sf-dump-ellipsization\" title=\"C:\\laragon\\www\\Ariya\\public\\index.php:52
Stack level 2.\"><span class=\"sf-dump-ellipsis sf-dump-ellipsis-path\">C:\\laragon\\www\\Ariya</span><span class=\"sf-dump-ellipsis sf-dump-ellipsis-path\">\\</span><span class=\"sf-dump-ellipsis-tail\">public\\index.php:52</span></span> {<samp data-depth=3 class=sf-dump-compact>
      <span class=sf-dump-note>require_once</span> &#8230;
      &#8250; 
      &#8250; <code class=\"php\"><span class=sf-dump-const title=\"in require_once\">$response = tap($kernel-&gt;handle(</span></code>
      &#8250; <code class=\"php\"><span class=sf-dump-default>    $request = Request::capture()</span></code>
      <span class=sf-dump-meta>arguments</span>: { &#8230;1}
    </samp>}
    <span class=\"sf-dump-meta sf-dump-ellipsization\" title=\"C:\\laragon\\www\\Ariya\\server.php:21
Stack level 1.\"><span class=\"sf-dump-ellipsis sf-dump-ellipsis-path\">C:\\laragon\\www\\Ariya</span><span class=\"sf-dump-ellipsis sf-dump-ellipsis-path\">\\</span><span class=\"sf-dump-ellipsis-tail\">server.php:21</span></span> {<samp data-depth=3 class=sf-dump-compact>
      &#8250; 
      &#8250; <code class=\"php\"><span class=sf-dump-const>require_once __DIR__.&#039;/public/index.php&#039;;</span></code>
      &#8250; 
      <span class=sf-dump-meta>arguments</span>: { &#8230;1}
    </samp>}
  </samp>}
</samp>}
</pre><script>Sfdump(\"sf-dump-627789261\", {\"maxDepth\":3,\"maxStringLength\":160})</script>
","current_local":"<pre class=sf-dump id=sf-dump-630591070 data-indent-pad=\"  \"><span class=sf-dump-note>array:3</span> [<samp data-depth=1 class=sf-dump-expanded>
  \"<span class=sf-dump-key>name</span>\" => \"<span class=sf-dump-str title=\"5 characters\">&#1601;&#1575;&#1585;&#1587;&#1740;</span>\"
  \"<span class=sf-dump-key>direction</span>\" => \"<span class=sf-dump-str title=\"3 characters\">rtl</span>\"
  \"<span class=sf-dump-key>english_name</span>\" => \"<span class=sf-dump-str title=\"7 characters\">Persian</span>\"
</samp>]
</pre><script>Sfdump(\"sf-dump-630591070\", {\"maxDepth\":3,\"maxStringLength\":160})</script>
","title":"<pre class=sf-dump id=sf-dump-338443689 data-indent-pad=\"  \">\"<span class=sf-dump-str title=\"9 characters\">&#1582;&#1591;&#1575;&#1740; &#1587;&#1585;&#1608;&#1585;</span>\"
</pre><script>Sfdump(\"sf-dump-338443689\", {\"maxDepth\":3,\"maxStringLength\":160})</script>
"}},"exception":"[object] (Spatie\\LaravelIgnition\\Exceptions\\ViewException(code: 0): Route [csrf] not defined. at C:\\laragon\\www\\Ariya\\vendor\\laravel\\framework\\src\\Illuminate\\Routing\\UrlGenerator.php:477)
[stacktrace]
#0 C:\\laragon\\www\\Ariya\\bootstrap\\functions.php(11): Illuminate\\Routing\\UrlGenerator->route('csrf', Array, true)
#1 C:\\laragon\\www\\Ariya\\resources\\views\\back\\partials\\meta.blade.php(12): route('csrf')
#2 C:\\laragon\\www\\Ariya\\vendor\\laravel\\framework\\src\\Illuminate\\Filesystem\\Filesystem.php(123): require('C:\\\\laragon\\\\www\\\\...')
#3 C:\\laragon\\www\\Ariya\\vendor\\laravel\\framework\\src\\Illuminate\\Filesystem\\Filesystem.php(124): Illuminate\\Filesystem\\Filesystem::Illuminate\\Filesystem\\{closure}()
#4 C:\\laragon\\www\\Ariya\\vendor\\laravel\\framework\\src\\Illuminate\\View\\Engines\\PhpEngine.php(58): Illuminate\\Filesystem\\Filesystem->getRequire('C:\\\\laragon\\\\www\\\\...', Array)
#5 C:\\laragon\\www\\Ariya\\vendor\\laravel\\framework\\src\\Illuminate\\View\\Engines\\CompilerEngine.php(72): Illuminate\\View\\Engines\\PhpEngine->evaluatePath('C:\\\\laragon\\\\www\\\\...', Array)
#6 C:\\laragon\\www\\Ariya\\vendor\\laravel\\framework\\src\\Illuminate\\View\\View.php(207): Illuminate\\View\\Engines\\CompilerEngine->get('C:\\\\laragon\\\\www\\\\...', Array)
#7 C:\\laragon\\www\\Ariya\\vendor\\laravel\\framework\\src\\Illuminate\\View\\View.php(190): Illuminate\\View\\View->getContents()
#8 C:\\laragon\\www\\Ariya\\vendor\\laravel\\framework\\src\\Illuminate\\View\\View.php(159): Illuminate\\View\\View->renderContents()
#9 C:\\laragon\\www\\Ariya\\resources\\views\\errors\\layouts\\master.blade.php(6): Illuminate\\View\\View->render()
#10 C:\\laragon\\www\\Ariya\\vendor\\laravel\\framework\\src\\Illuminate\\Filesystem\\Filesystem.php(123): require('C:\\\\laragon\\\\www\\\\...')
#11 C:\\laragon\\www\\Ariya\\vendor\\laravel\\framework\\src\\Illuminate\\Filesystem\\Filesystem.php(124): Illuminate\\Filesystem\\Filesystem::Illuminate\\Filesystem\\{closure}()
#12 C:\\laragon\\www\\Ariya\\vendor\\laravel\\framework\\src\\Illuminate\\View\\Engines\\PhpEngine.php(58): Illuminate\\Filesystem\\Filesystem->getRequire('C:\\\\laragon\\\\www\\\\...', Array)
#13 C:\\laragon\\www\\Ariya\\vendor\\laravel\\framework\\src\\Illuminate\\View\\Engines\\CompilerEngine.php(72): Illuminate\\View\\Engines\\PhpEngine->evaluatePath('C:\\\\laragon\\\\www\\\\...', Array)
#14 C:\\laragon\\www\\Ariya\\vendor\\laravel\\framework\\src\\Illuminate\\View\\View.php(207): Illuminate\\View\\Engines\\CompilerEngine->get('C:\\\\laragon\\\\www\\\\...', Array)
#15 C:\\laragon\\www\\Ariya\\vendor\\laravel\\framework\\src\\Illuminate\\View\\View.php(190): Illuminate\\View\\View->getContents()
#16 C:\\laragon\\www\\Ariya\\vendor\\laravel\\framework\\src\\Illuminate\\View\\View.php(159): Illuminate\\View\\View->renderContents()
#17 C:\\laragon\\www\\Ariya\\resources\\views\\errors\\500.blade.php(34): Illuminate\\View\\View->render()
#18 C:\\laragon\\www\\Ariya\\vendor\\laravel\\framework\\src\\Illuminate\\Filesystem\\Filesystem.php(123): require('C:\\\\laragon\\\\www\\\\...')
#19 C:\\laragon\\www\\Ariya\\vendor\\laravel\\framework\\src\\Illuminate\\Filesystem\\Filesystem.php(124): Illuminate\\Filesystem\\Filesystem::Illuminate\\Filesystem\\{closure}()
#20 C:\\laragon\\www\\Ariya\\vendor\\laravel\\framework\\src\\Illuminate\\View\\Engines\\PhpEngine.php(58): Illuminate\\Filesystem\\Filesystem->getRequire('C:\\\\laragon\\\\www\\\\...', Array)
#21 C:\\laragon\\www\\Ariya\\vendor\\laravel\\framework\\src\\Illuminate\\View\\Engines\\CompilerEngine.php(72): Illuminate\\View\\Engines\\PhpEngine->evaluatePath('C:\\\\laragon\\\\www\\\\...', Array)
#22 C:\\laragon\\www\\Ariya\\vendor\\laravel\\framework\\src\\Illuminate\\View\\View.php(207): Illuminate\\View\\Engines\\CompilerEngine->get('C:\\\\laragon\\\\www\\\\...', Array)
#23 C:\\laragon\\www\\Ariya\\vendor\\laravel\\framework\\src\\Illuminate\\View\\View.php(190): Illuminate\\View\\View->getContents()
#24 C:\\laragon\\www\\Ariya\\vendor\\laravel\\framework\\src\\Illuminate\\View\\View.php(159): Illuminate\\View\\View->renderContents()
#25 C:\\laragon\\www\\Ariya\\vendor\\laravel\\framework\\src\\Illuminate\\Http\\Response.php(69): Illuminate\\View\\View->render()
#26 C:\\laragon\\www\\Ariya\\vendor\\laravel\\framework\\src\\Illuminate\\Http\\Response.php(35): Illuminate\\Http\\Response->setContent(Object(Illuminate\\View\\View))
#27 C:\\laragon\\www\\Ariya\\vendor\\laravel\\framework\\src\\Illuminate\\Routing\\ResponseFactory.php(58): Illuminate\\Http\\Response->__construct(Object(Illuminate\\View\\View), 500, Array)
#28 C:\\laragon\\www\\Ariya\\vendor\\laravel\\framework\\src\\Illuminate\\Routing\\ResponseFactory.php(88): Illuminate\\Routing\\ResponseFactory->make(Object(Illuminate\\View\\View), 500, Array)
#29 C:\\laragon\\www\\Ariya\\vendor\\laravel\\framework\\src\\Illuminate\\Foundation\\Exceptions\\Handler.php(723): Illuminate\\Routing\\ResponseFactory->view('errors::500', Array, 500, Array)
#30 C:\\laragon\\www\\Ariya\\vendor\\laravel\\framework\\src\\Illuminate\\Foundation\\Exceptions\\Handler.php(650): Illuminate\\Foundation\\Exceptions\\Handler->renderHttpException(Object(Symfony\\Component\\HttpKernel\\Exception\\HttpException))
#31 C:\\laragon\\www\\Ariya\\vendor\\laravel\\framework\\src\\Illuminate\\Foundation\\Exceptions\\Handler.php(556): Illuminate\\Foundation\\Exceptions\\Handler->prepareResponse(Object(Illuminate\\Http\\Request), Object(Symfony\\Component\\HttpKernel\\Exception\\HttpException))
#32 C:\\laragon\\www\\Ariya\\vendor\\laravel\\framework\\src\\Illuminate\\Foundation\\Exceptions\\Handler.php(473): Illuminate\\Foundation\\Exceptions\\Handler->renderExceptionResponse(Object(Illuminate\\Http\\Request), Object(Illuminate\\Database\\QueryException))
#33 C:\\laragon\\www\\Ariya\\app\\Exceptions\\Handler.php(134): Illuminate\\Foundation\\Exceptions\\Handler->render(Object(Illuminate\\Http\\Request), Object(Illuminate\\Database\\QueryException))
#34 C:\\laragon\\www\\Ariya\\vendor\\laravel\\framework\\src\\Illuminate\\Foundation\\Http\\Kernel.php(509): App\\Exceptions\\Handler->render(Object(Illuminate\\Http\\Request), Object(Illuminate\\Database\\QueryException))
#35 C:\\laragon\\www\\Ariya\\vendor\\laravel\\framework\\src\\Illuminate\\Foundation\\Http\\Kernel.php(148): Illuminate\\Foundation\\Http\\Kernel->renderException(Object(Illuminate\\Http\\Request), Object(Illuminate\\Database\\QueryException))
#36 C:\\laragon\\www\\Ariya\\public\\index.php(52): Illuminate\\Foundation\\Http\\Kernel->handle(Object(Illuminate\\Http\\Request))
#37 C:\\laragon\\www\\Ariya\\server.php(21): require_once('C:\\\\laragon\\\\www\\\\...')
#38 {main}

[previous exception] [object] (Symfony\\Component\\Routing\\Exception\\RouteNotFoundException(code: 0): Route [csrf] not defined. at C:\\laragon\\www\\Ariya\\vendor\\laravel\\framework\\src\\Illuminate\\Routing\\UrlGenerator.php:477)
[stacktrace]
#0 C:\\laragon\\www\\Ariya\\bootstrap\\functions.php(11): Illuminate\\Routing\\UrlGenerator->route('csrf', Array, true)
#1 C:\\laragon\\www\\Ariya\\storage\\framework\\views\\3683a01fb62844612de8751ba5eacd50.php(11): route('csrf')
#2 C:\\laragon\\www\\Ariya\\vendor\\laravel\\framework\\src\\Illuminate\\Filesystem\\Filesystem.php(123): require('C:\\\\laragon\\\\www\\\\...')
#3 C:\\laragon\\www\\Ariya\\vendor\\laravel\\framework\\src\\Illuminate\\Filesystem\\Filesystem.php(124): Illuminate\\Filesystem\\Filesystem::Illuminate\\Filesystem\\{closure}()
#4 C:\\laragon\\www\\Ariya\\vendor\\laravel\\framework\\src\\Illuminate\\View\\Engines\\PhpEngine.php(58): Illuminate\\Filesystem\\Filesystem->getRequire('C:\\\\laragon\\\\www\\\\...', Array)
#5 C:\\laragon\\www\\Ariya\\vendor\\laravel\\framework\\src\\Illuminate\\View\\Engines\\CompilerEngine.php(72): Illuminate\\View\\Engines\\PhpEngine->evaluatePath('C:\\\\laragon\\\\www\\\\...', Array)
#6 C:\\laragon\\www\\Ariya\\vendor\\laravel\\framework\\src\\Illuminate\\View\\View.php(207): Illuminate\\View\\Engines\\CompilerEngine->get('C:\\\\laragon\\\\www\\\\...', Array)
#7 C:\\laragon\\www\\Ariya\\vendor\\laravel\\framework\\src\\Illuminate\\View\\View.php(190): Illuminate\\View\\View->getContents()
#8 C:\\laragon\\www\\Ariya\\vendor\\laravel\\framework\\src\\Illuminate\\View\\View.php(159): Illuminate\\View\\View->renderContents()
#9 C:\\laragon\\www\\Ariya\\storage\\framework\\views\\bfd22887af09b1d66f48628b7d28766b.php(6): Illuminate\\View\\View->render()
#10 C:\\laragon\\www\\Ariya\\vendor\\laravel\\framework\\src\\Illuminate\\Filesystem\\Filesystem.php(123): require('C:\\\\laragon\\\\www\\\\...')
#11 C:\\laragon\\www\\Ariya\\vendor\\laravel\\framework\\src\\Illuminate\\Filesystem\\Filesystem.php(124): Illuminate\\Filesystem\\Filesystem::Illuminate\\Filesystem\\{closure}()
#12 C:\\laragon\\www\\Ariya\\vendor\\laravel\\framework\\src\\Illuminate\\View\\Engines\\PhpEngine.php(58): Illuminate\\Filesystem\\Filesystem->getRequire('C:\\\\laragon\\\\www\\\\...', Array)
#13 C:\\laragon\\www\\Ariya\\vendor\\laravel\\framework\\src\\Illuminate\\View\\Engines\\CompilerEngine.php(72): Illuminate\\View\\Engines\\PhpEngine->evaluatePath('C:\\\\laragon\\\\www\\\\...', Array)
#14 C:\\laragon\\www\\Ariya\\vendor\\laravel\\framework\\src\\Illuminate\\View\\View.php(207): Illuminate\\View\\Engines\\CompilerEngine->get('C:\\\\laragon\\\\www\\\\...', Array)
#15 C:\\laragon\\www\\Ariya\\vendor\\laravel\\framework\\src\\Illuminate\\View\\View.php(190): Illuminate\\View\\View->getContents()
#16 C:\\laragon\\www\\Ariya\\vendor\\laravel\\framework\\src\\Illuminate\\View\\View.php(159): Illuminate\\View\\View->renderContents()
#17 C:\\laragon\\www\\Ariya\\storage\\framework\\views\\c8cd80051eac302a1c06a5c3634bfece.php(34): Illuminate\\View\\View->render()
#18 C:\\laragon\\www\\Ariya\\vendor\\laravel\\framework\\src\\Illuminate\\Filesystem\\Filesystem.php(123): require('C:\\\\laragon\\\\www\\\\...')
#19 C:\\laragon\\www\\Ariya\\vendor\\laravel\\framework\\src\\Illuminate\\Filesystem\\Filesystem.php(124): Illuminate\\Filesystem\\Filesystem::Illuminate\\Filesystem\\{closure}()
#20 C:\\laragon\\www\\Ariya\\vendor\\laravel\\framework\\src\\Illuminate\\View\\Engines\\PhpEngine.php(58): Illuminate\\Filesystem\\Filesystem->getRequire('C:\\\\laragon\\\\www\\\\...', Array)
#21 C:\\laragon\\www\\Ariya\\vendor\\laravel\\framework\\src\\Illuminate\\View\\Engines\\CompilerEngine.php(72): Illuminate\\View\\Engines\\PhpEngine->evaluatePath('C:\\\\laragon\\\\www\\\\...', Array)
#22 C:\\laragon\\www\\Ariya\\vendor\\laravel\\framework\\src\\Illuminate\\View\\View.php(207): Illuminate\\View\\Engines\\CompilerEngine->get('C:\\\\laragon\\\\www\\\\...', Array)
#23 C:\\laragon\\www\\Ariya\\vendor\\laravel\\framework\\src\\Illuminate\\View\\View.php(190): Illuminate\\View\\View->getContents()
#24 C:\\laragon\\www\\Ariya\\vendor\\laravel\\framework\\src\\Illuminate\\View\\View.php(159): Illuminate\\View\\View->renderContents()
#25 C:\\laragon\\www\\Ariya\\vendor\\laravel\\framework\\src\\Illuminate\\Http\\Response.php(69): Illuminate\\View\\View->render()
#26 C:\\laragon\\www\\Ariya\\vendor\\laravel\\framework\\src\\Illuminate\\Http\\Response.php(35): Illuminate\\Http\\Response->setContent(Object(Illuminate\\View\\View))
#27 C:\\laragon\\www\\Ariya\\vendor\\laravel\\framework\\src\\Illuminate\\Routing\\ResponseFactory.php(58): Illuminate\\Http\\Response->__construct(Object(Illuminate\\View\\View), 500, Array)
#28 C:\\laragon\\www\\Ariya\\vendor\\laravel\\framework\\src\\Illuminate\\Routing\\ResponseFactory.php(88): Illuminate\\Routing\\ResponseFactory->make(Object(Illuminate\\View\\View), 500, Array)
#29 C:\\laragon\\www\\Ariya\\vendor\\laravel\\framework\\src\\Illuminate\\Foundation\\Exceptions\\Handler.php(723): Illuminate\\Routing\\ResponseFactory->view('errors::500', Array, 500, Array)
#30 C:\\laragon\\www\\Ariya\\vendor\\laravel\\framework\\src\\Illuminate\\Foundation\\Exceptions\\Handler.php(650): Illuminate\\Foundation\\Exceptions\\Handler->renderHttpException(Object(Symfony\\Component\\HttpKernel\\Exception\\HttpException))
#31 C:\\laragon\\www\\Ariya\\vendor\\laravel\\framework\\src\\Illuminate\\Foundation\\Exceptions\\Handler.php(556): Illuminate\\Foundation\\Exceptions\\Handler->prepareResponse(Object(Illuminate\\Http\\Request), Object(Symfony\\Component\\HttpKernel\\Exception\\HttpException))
#32 C:\\laragon\\www\\Ariya\\vendor\\laravel\\framework\\src\\Illuminate\\Foundation\\Exceptions\\Handler.php(473): Illuminate\\Foundation\\Exceptions\\Handler->renderExceptionResponse(Object(Illuminate\\Http\\Request), Object(Illuminate\\Database\\QueryException))
#33 C:\\laragon\\www\\Ariya\\app\\Exceptions\\Handler.php(134): Illuminate\\Foundation\\Exceptions\\Handler->render(Object(Illuminate\\Http\\Request), Object(Illuminate\\Database\\QueryException))
#34 C:\\laragon\\www\\Ariya\\vendor\\laravel\\framework\\src\\Illuminate\\Foundation\\Http\\Kernel.php(509): App\\Exceptions\\Handler->render(Object(Illuminate\\Http\\Request), Object(Illuminate\\Database\\QueryException))
#35 C:\\laragon\\www\\Ariya\\vendor\\laravel\\framework\\src\\Illuminate\\Foundation\\Http\\Kernel.php(148): Illuminate\\Foundation\\Http\\Kernel->renderException(Object(Illuminate\\Http\\Request), Object(Illuminate\\Database\\QueryException))
#36 C:\\laragon\\www\\Ariya\\public\\index.php(52): Illuminate\\Foundation\\Http\\Kernel->handle(Object(Illuminate\\Http\\Request))
#37 C:\\laragon\\www\\Ariya\\server.php(21): require_once('C:\\\\laragon\\\\www\\\\...')
#38 {main}
"} 
[2026-07-18 09:45:06] local.ERROR: Maximum execution time of 300 seconds exceeded {"exception":"[object] (Symfony\\Component\\ErrorHandler\\Error\\FatalError(code: 0): Maximum execution time of 300 seconds exceeded at C:\\laragon\\www\\Ariya\\vendor\\laravel\\framework\\src\\Illuminate\\Foundation\\Console\\ServeCommand.php:95)
[stacktrace]
#0 {main}
"} 
[2026-07-18 10:59:11] local.ERROR: Maximum execution time of 300 seconds exceeded {"exception":"[object] (Symfony\\Component\\ErrorHandler\\Error\\FatalError(code: 0): Maximum execution time of 300 seconds exceeded at C:\\laragon\\www\\Ariya\\vendor\\laravel\\framework\\src\\Illuminate\\Foundation\\Console\\ServeCommand.php:95)
[stacktrace]
#0 {main}
"} 
[2026-07-19 13:01:51] local.ERROR: SQLSTATE[42S21]: Column already exists: 1060 Duplicate column name 'stock_sync_enabled' (Connection: mysql, SQL: alter table `prices` add `stock_code` varchar(64) null after `id`, add `stock_sync_enabled` tinyint(1) not null default '1' after `stock_code`, add `stock_synced_at` timestamp null after `stock_sync_enabled`, add `stock_sync_error` text null after `stock_synced_at`) {"exception":"[object] (Illuminate\\Database\\QueryException(code: 42S21): SQLSTATE[42S21]: Column already exists: 1060 Duplicate column name 'stock_sync_enabled' (Connection: mysql, SQL: alter table `prices` add `stock_code` varchar(64) null after `id`, add `stock_sync_enabled` tinyint(1) not null default '1' after `stock_code`, add `stock_synced_at` timestamp null after `stock_sync_enabled`, add `stock_sync_error` text null after `stock_synced_at`) at C:\\laragon\\www\\Ariya\\vendor\\laravel\\framework\\src\\Illuminate\\Database\\Connection.php:829)
[stacktrace]
#0 C:\\laragon\\www\\Ariya\\vendor\\laravel\\framework\\src\\Illuminate\\Database\\Connection.php(783): Illuminate\\Database\\Connection->runQueryCallback('alter table `pr...', Array, Object(Closure))
#1 C:\\laragon\\www\\Ariya\\vendor\\laravel\\framework\\src\\Illuminate\\Database\\Connection.php(576): Illuminate\\Database\\Connection->run('alter table `pr...', Array, Object(Closure))
#2 C:\\laragon\\www\\Ariya\\vendor\\laravel\\framework\\src\\Illuminate\\Database\\Schema\\Blueprint.php(110): Illuminate\\Database\\Connection->statement('alter table `pr...')
#3 C:\\laragon\\www\\Ariya\\vendor\\laravel\\framework\\src\\Illuminate\\Database\\Schema\\Builder.php(602): Illuminate\\Database\\Schema\\Blueprint->build(Object(Illuminate\\Database\\MySqlConnection), Object(Illuminate\\Database\\Schema\\Grammars\\MySqlGrammar))
#4 C:\\laragon\\www\\Ariya\\vendor\\laravel\\framework\\src\\Illuminate\\Database\\Schema\\Builder.php(444): Illuminate\\Database\\Schema\\Builder->build(Object(Illuminate\\Database\\Schema\\Blueprint))
#5 C:\\laragon\\www\\Ariya\\vendor\\laravel\\framework\\src\\Illuminate\\Support\\Facades\\Facade.php(355): Illuminate\\Database\\Schema\\Builder->table('prices', Object(Closure))
#6 C:\\laragon\\www\\Ariya\\database\\migrations\\2026_07_19_000001_add_inventory_codes_to_products_and_prices.php(16): Illuminate\\Support\\Facades\\Facade::__callStatic('table', Array)
#7 C:\\laragon\\www\\Ariya\\vendor\\laravel\\framework\\src\\Illuminate\\Database\\Migrations\\Migrator.php(501): Illuminate\\Database\\Migrations\\Migration@anonymous->up()
#8 C:\\laragon\\www\\Ariya\\vendor\\laravel\\framework\\src\\Illuminate\\Database\\Migrations\\Migrator.php(418): Illuminate\\Database\\Migrations\\Migrator->runMethod(Object(Illuminate\\Database\\MySqlConnection), Object(Illuminate\\Database\\Migrations\\Migration@anonymous), 'up')
#9 C:\\laragon\\www\\Ariya\\vendor\\laravel\\framework\\src\\Illuminate\\Database\\Migrations\\Migrator.php(427): Illuminate\\Database\\Migrations\\Migrator->Illuminate\\Database\\Migrations\\{closure}()
#10 C:\\laragon\\www\\Ariya\\vendor\\laravel\\framework\\src\\Illuminate\\Database\\Migrations\\Migrator.php(224): Illuminate\\Database\\Migrations\\Migrator->runMigration(Object(Illuminate\\Database\\Migrations\\Migration@anonymous), 'up')
#11 C:\\laragon\\www\\Ariya\\vendor\\laravel\\framework\\src\\Illuminate\\Console\\View\\Components\\Task.php(37): Illuminate\\Database\\Migrations\\Migrator->Illuminate\\Database\\Migrations\\{closure}()
#12 C:\\laragon\\www\\Ariya\\vendor\\laravel\\framework\\src\\Illuminate\\Database\\Migrations\\Migrator.php(783): Illuminate\\Console\\View\\Components\\Task->render('2026_07_19_0000...', Object(Closure))
#13 C:\\laragon\\www\\Ariya\\vendor\\laravel\\framework\\src\\Illuminate\\Database\\Migrations\\Migrator.php(224): Illuminate\\Database\\Migrations\\Migrator->write('Illuminate\\\\Cons...', '2026_07_19_0000...', Object(Closure))
#14 C:\\laragon\\www\\Ariya\\vendor\\laravel\\framework\\src\\Illuminate\\Database\\Migrations\\Migrator.php(189): Illuminate\\Database\\Migrations\\Migrator->runUp('C:\\\\laragon\\\\www\\\\...', 2, false)
#15 C:\\laragon\\www\\Ariya\\vendor\\laravel\\framework\\src\\Illuminate\\Database\\Migrations\\Migrator.php(132): Illuminate\\Database\\Migrations\\Migrator->runPending(Array, Array)
#16 C:\\laragon\\www\\Ariya\\vendor\\laravel\\framework\\src\\Illuminate\\Database\\Console\\Migrations\\MigrateCommand.php(90): Illuminate\\Database\\Migrations\\Migrator->run(Array, Array)
#17 C:\\laragon\\www\\Ariya\\vendor\\laravel\\framework\\src\\Illuminate\\Database\\Migrations\\Migrator.php(641): Illuminate\\Database\\Console\\Migrations\\MigrateCommand->Illuminate\\Database\\Console\\Migrations\\{closure}()
#18 C:\\laragon\\www\\Ariya\\vendor\\laravel\\framework\\src\\Illuminate\\Database\\Console\\Migrations\\MigrateCommand.php(83): Illuminate\\Database\\Migrations\\Migrator->usingConnection(NULL, Object(Closure))
#19 C:\\laragon\\www\\Ariya\\vendor\\laravel\\framework\\src\\Illuminate\\Container\\BoundMethod.php(36): Illuminate\\Database\\Console\\Migrations\\MigrateCommand->handle()
#20 C:\\laragon\\www\\Ariya\\vendor\\laravel\\framework\\src\\Illuminate\\Container\\Util.php(41): Illuminate\\Container\\BoundMethod::Illuminate\\Container\\{closure}()
#21 C:\\laragon\\www\\Ariya\\vendor\\laravel\\framework\\src\\Illuminate\\Container\\BoundMethod.php(93): Illuminate\\Container\\Util::unwrapIfClosure(Object(Closure))
#22 C:\\laragon\\www\\Ariya\\vendor\\laravel\\framework\\src\\Illuminate\\Container\\BoundMethod.php(35): Illuminate\\Container\\BoundMethod::callBoundMethod(Object(Illuminate\\Foundation\\Application), Array, Object(Closure))
#23 C:\\laragon\\www\\Ariya\\vendor\\laravel\\framework\\src\\Illuminate\\Container\\Container.php(662): Illuminate\\Container\\BoundMethod::call(Object(Illuminate\\Foundation\\Application), Array, Array, NULL)
#24 C:\\laragon\\www\\Ariya\\vendor\\laravel\\framework\\src\\Illuminate\\Console\\Command.php(211): Illuminate\\Container\\Container->call(Array)
#25 C:\\laragon\\www\\Ariya\\vendor\\symfony\\console\\Command\\Command.php(326): Illuminate\\Console\\Command->execute(Object(Symfony\\Component\\Console\\Input\\ArgvInput), Object(Illuminate\\Console\\OutputStyle))
#26 C:\\laragon\\www\\Ariya\\vendor\\laravel\\framework\\src\\Illuminate\\Console\\Command.php(180): Symfony\\Component\\Console\\Command\\Command->run(Object(Symfony\\Component\\Console\\Input\\ArgvInput), Object(Illuminate\\Console\\OutputStyle))
#27 C:\\laragon\\www\\Ariya\\vendor\\symfony\\console\\Application.php(1096): Illuminate\\Console\\Command->run(Object(Symfony\\Component\\Console\\Input\\ArgvInput), Object(Symfony\\Component\\Console\\Output\\ConsoleOutput))
#28 C:\\laragon\\www\\Ariya\\vendor\\symfony\\console\\Application.php(324): Symfony\\Component\\Console\\Application->doRunCommand(Object(Illuminate\\Database\\Console\\Migrations\\MigrateCommand), Object(Symfony\\Component\\Console\\Input\\ArgvInput), Object(Symfony\\Component\\Console\\Output\\ConsoleOutput))
#29 C:\\laragon\\www\\Ariya\\vendor\\symfony\\console\\Application.php(175): Symfony\\Component\\Console\\Application->doRun(Object(Symfony\\Component\\Console\\Input\\ArgvInput), Object(Symfony\\Component\\Console\\Output\\ConsoleOutput))
#30 C:\\laragon\\www\\Ariya\\vendor\\laravel\\framework\\src\\Illuminate\\Foundation\\Console\\Kernel.php(201): Symfony\\Component\\Console\\Application->run(Object(Symfony\\Component\\Console\\Input\\ArgvInput), Object(Symfony\\Component\\Console\\Output\\ConsoleOutput))
#31 C:\\laragon\\www\\Ariya\\artisan(35): Illuminate\\Foundation\\Console\\Kernel->handle(Object(Symfony\\Component\\Console\\Input\\ArgvInput), Object(Symfony\\Component\\Console\\Output\\ConsoleOutput))
#32 {main}

[previous exception] [object] (PDOException(code: 42S21): SQLSTATE[42S21]: Column already exists: 1060 Duplicate column name 'stock_sync_enabled' at C:\\laragon\\www\\Ariya\\vendor\\laravel\\framework\\src\\Illuminate\\Database\\Connection.php:587)
[stacktrace]
#0 C:\\laragon\\www\\Ariya\\vendor\\laravel\\framework\\src\\Illuminate\\Database\\Connection.php(587): PDOStatement->execute()
#1 C:\\laragon\\www\\Ariya\\vendor\\laravel\\framework\\src\\Illuminate\\Database\\Connection.php(816): Illuminate\\Database\\Connection->Illuminate\\Database\\{closure}('alter table `pr...', Array)
#2 C:\\laragon\\www\\Ariya\\vendor\\laravel\\framework\\src\\Illuminate\\Database\\Connection.php(783): Illuminate\\Database\\Connection->runQueryCallback('alter table `pr...', Array, Object(Closure))
#3 C:\\laragon\\www\\Ariya\\vendor\\laravel\\framework\\src\\Illuminate\\Database\\Connection.php(576): Illuminate\\Database\\Connection->run('alter table `pr...', Array, Object(Closure))
#4 C:\\laragon\\www\\Ariya\\vendor\\laravel\\framework\\src\\Illuminate\\Database\\Schema\\Blueprint.php(110): Illuminate\\Database\\Connection->statement('alter table `pr...')
#5 C:\\laragon\\www\\Ariya\\vendor\\laravel\\framework\\src\\Illuminate\\Database\\Schema\\Builder.php(602): Illuminate\\Database\\Schema\\Blueprint->build(Object(Illuminate\\Database\\MySqlConnection), Object(Illuminate\\Database\\Schema\\Grammars\\MySqlGrammar))
#6 C:\\laragon\\www\\Ariya\\vendor\\laravel\\framework\\src\\Illuminate\\Database\\Schema\\Builder.php(444): Illuminate\\Database\\Schema\\Builder->build(Object(Illuminate\\Database\\Schema\\Blueprint))
#7 C:\\laragon\\www\\Ariya\\vendor\\laravel\\framework\\src\\Illuminate\\Support\\Facades\\Facade.php(355): Illuminate\\Database\\Schema\\Builder->table('prices', Object(Closure))
#8 C:\\laragon\\www\\Ariya\\database\\migrations\\2026_07_19_000001_add_inventory_codes_to_products_and_prices.php(16): Illuminate\\Support\\Facades\\Facade::__callStatic('table', Array)
#9 C:\\laragon\\www\\Ariya\\vendor\\laravel\\framework\\src\\Illuminate\\Database\\Migrations\\Migrator.php(501): Illuminate\\Database\\Migrations\\Migration@anonymous->up()
#10 C:\\laragon\\www\\Ariya\\vendor\\laravel\\framework\\src\\Illuminate\\Database\\Migrations\\Migrator.php(418): Illuminate\\Database\\Migrations\\Migrator->runMethod(Object(Illuminate\\Database\\MySqlConnection), Object(Illuminate\\Database\\Migrations\\Migration@anonymous), 'up')
#11 C:\\laragon\\www\\Ariya\\vendor\\laravel\\framework\\src\\Illuminate\\Database\\Migrations\\Migrator.php(427): Illuminate\\Database\\Migrations\\Migrator->Illuminate\\Database\\Migrations\\{closure}()
#12 C:\\laragon\\www\\Ariya\\vendor\\laravel\\framework\\src\\Illuminate\\Database\\Migrations\\Migrator.php(224): Illuminate\\Database\\Migrations\\Migrator->runMigration(Object(Illuminate\\Database\\Migrations\\Migration@anonymous), 'up')
#13 C:\\laragon\\www\\Ariya\\vendor\\laravel\\framework\\src\\Illuminate\\Console\\View\\Components\\Task.php(37): Illuminate\\Database\\Migrations\\Migrator->Illuminate\\Database\\Migrations\\{closure}()
#14 C:\\laragon\\www\\Ariya\\vendor\\laravel\\framework\\src\\Illuminate\\Database\\Migrations\\Migrator.php(783): Illuminate\\Console\\View\\Components\\Task->render('2026_07_19_0000...', Object(Closure))
#15 C:\\laragon\\www\\Ariya\\vendor\\laravel\\framework\\src\\Illuminate\\Database\\Migrations\\Migrator.php(224): Illuminate\\Database\\Migrations\\Migrator->write('Illuminate\\\\Cons...', '2026_07_19_0000...', Object(Closure))
#16 C:\\laragon\\www\\Ariya\\vendor\\laravel\\framework\\src\\Illuminate\\Database\\Migrations\\Migrator.php(189): Illuminate\\Database\\Migrations\\Migrator->runUp('C:\\\\laragon\\\\www\\\\...', 2, false)
#17 C:\\laragon\\www\\Ariya\\vendor\\laravel\\framework\\src\\Illuminate\\Database\\Migrations\\Migrator.php(132): Illuminate\\Database\\Migrations\\Migrator->runPending(Array, Array)
#18 C:\\laragon\\www\\Ariya\\vendor\\laravel\\framework\\src\\Illuminate\\Database\\Console\\Migrations\\MigrateCommand.php(90): Illuminate\\Database\\Migrations\\Migrator->run(Array, Array)
#19 C:\\laragon\\www\\Ariya\\vendor\\laravel\\framework\\src\\Illuminate\\Database\\Migrations\\Migrator.php(641): Illuminate\\Database\\Console\\Migrations\\MigrateCommand->Illuminate\\Database\\Console\\Migrations\\{closure}()
#20 C:\\laragon\\www\\Ariya\\vendor\\laravel\\framework\\src\\Illuminate\\Database\\Console\\Migrations\\MigrateCommand.php(83): Illuminate\\Database\\Migrations\\Migrator->usingConnection(NULL, Object(Closure))
#21 C:\\laragon\\www\\Ariya\\vendor\\laravel\\framework\\src\\Illuminate\\Container\\BoundMethod.php(36): Illuminate\\Database\\Console\\Migrations\\MigrateCommand->handle()
#22 C:\\laragon\\www\\Ariya\\vendor\\laravel\\framework\\src\\Illuminate\\Container\\Util.php(41): Illuminate\\Container\\BoundMethod::Illuminate\\Container\\{closure}()
#23 C:\\laragon\\www\\Ariya\\vendor\\laravel\\framework\\src\\Illuminate\\Container\\BoundMethod.php(93): Illuminate\\Container\\Util::unwrapIfClosure(Object(Closure))
#24 C:\\laragon\\www\\Ariya\\vendor\\laravel\\framework\\src\\Illuminate\\Container\\BoundMethod.php(35): Illuminate\\Container\\BoundMethod::callBoundMethod(Object(Illuminate\\Foundation\\Application), Array, Object(Closure))
#25 C:\\laragon\\www\\Ariya\\vendor\\laravel\\framework\\src\\Illuminate\\Container\\Container.php(662): Illuminate\\Container\\BoundMethod::call(Object(Illuminate\\Foundation\\Application), Array, Array, NULL)
#26 C:\\laragon\\www\\Ariya\\vendor\\laravel\\framework\\src\\Illuminate\\Console\\Command.php(211): Illuminate\\Container\\Container->call(Array)
#27 C:\\laragon\\www\\Ariya\\vendor\\symfony\\console\\Command\\Command.php(326): Illuminate\\Console\\Command->execute(Object(Symfony\\Component\\Console\\Input\\ArgvInput), Object(Illuminate\\Console\\OutputStyle))
#28 C:\\laragon\\www\\Ariya\\vendor\\laravel\\framework\\src\\Illuminate\\Console\\Command.php(180): Symfony\\Component\\Console\\Command\\Command->run(Object(Symfony\\Component\\Console\\Input\\ArgvInput), Object(Illuminate\\Console\\OutputStyle))
#29 C:\\laragon\\www\\Ariya\\vendor\\symfony\\console\\Application.php(1096): Illuminate\\Console\\Command->run(Object(Symfony\\Component\\Console\\Input\\ArgvInput), Object(Symfony\\Component\\Console\\Output\\ConsoleOutput))
#30 C:\\laragon\\www\\Ariya\\vendor\\symfony\\console\\Application.php(324): Symfony\\Component\\Console\\Application->doRunCommand(Object(Illuminate\\Database\\Console\\Migrations\\MigrateCommand), Object(Symfony\\Component\\Console\\Input\\ArgvInput), Object(Symfony\\Component\\Console\\Output\\ConsoleOutput))
#31 C:\\laragon\\www\\Ariya\\vendor\\symfony\\console\\Application.php(175): Symfony\\Component\\Console\\Application->doRun(Object(Symfony\\Component\\Console\\Input\\ArgvInput), Object(Symfony\\Component\\Console\\Output\\ConsoleOutput))
#32 C:\\laragon\\www\\Ariya\\vendor\\laravel\\framework\\src\\Illuminate\\Foundation\\Console\\Kernel.php(201): Symfony\\Component\\Console\\Application->run(Object(Symfony\\Component\\Console\\Input\\ArgvInput), Object(Symfony\\Component\\Console\\Output\\ConsoleOutput))
#33 C:\\laragon\\www\\Ariya\\artisan(35): Illuminate\\Foundation\\Console\\Kernel->handle(Object(Symfony\\Component\\Console\\Input\\ArgvInput), Object(Symfony\\Component\\Console\\Output\\ConsoleOutput))
#34 {main}
"} 
[2026-07-19 13:06:59] local.ERROR: Maximum execution time of 300 seconds exceeded {"exception":"[object] (Symfony\\Component\\ErrorHandler\\Error\\FatalError(code: 0): Maximum execution time of 300 seconds exceeded at C:\\laragon\\www\\Ariya\\vendor\\laravel\\framework\\src\\Illuminate\\Foundation\\Console\\ServeCommand.php:95)
[stacktrace]
#0 {main}
"} 
[2026-07-22 11:57:04] local.ERROR: Maximum execution time of 300 seconds exceeded {"exception":"[object] (Symfony\\Component\\ErrorHandler\\Error\\FatalError(code: 0): Maximum execution time of 300 seconds exceeded at C:\\laragon\\www\\Ariya\\vendor\\laravel\\framework\\src\\Illuminate\\Foundation\\Console\\ServeCommand.php:95)
[stacktrace]
#0 {main}
"} 
[2026-07-23 10:04:49] local.ERROR: SQLSTATE[HY000] [1045] Access denied for user 'root'@'localhost' (using password: NO) (Connection: mysql, SQL: select * from `permissions` where `active` = 1) {"exception":"[object] (Illuminate\\Database\\QueryException(code: 1045): SQLSTATE[HY000] [1045] Access denied for user 'root'@'localhost' (using password: NO) (Connection: mysql, SQL: select * from `permissions` where `active` = 1) at /home/crm/Ariyagostar/vendor/laravel/framework/src/Illuminate/Database/Connection.php:829)
[stacktrace]
#0 /home/crm/Ariyagostar/vendor/laravel/framework/src/Illuminate/Database/Connection.php(783): Illuminate\\Database\\Connection->runQueryCallback('select * from `...', Array, Object(Closure))
#1 /home/crm/Ariyagostar/vendor/laravel/framework/src/Illuminate/Database/Connection.php(414): Illuminate\\Database\\Connection->run('select * from `...', Array, Object(Closure))
#2 /home/crm/Ariyagostar/vendor/laravel/framework/src/Illuminate/Database/Query/Builder.php(2913): Illuminate\\Database\\Connection->select('select * from `...', Array, true)
#3 /home/crm/Ariyagostar/vendor/laravel/framework/src/Illuminate/Database/Query/Builder.php(2902): Illuminate\\Database\\Query\\Builder->runSelect()
#4 /home/crm/Ariyagostar/vendor/laravel/framework/src/Illuminate/Database/Query/Builder.php(3456): Illuminate\\Database\\Query\\Builder->Illuminate\\Database\\Query\\{closure}()
#5 /home/crm/Ariyagostar/vendor/laravel/framework/src/Illuminate/Database/Query/Builder.php(2901): Illuminate\\Database\\Query\\Builder->onceWithColumns(Array, Object(Closure))
#6 /home/crm/Ariyagostar/vendor/laravel/framework/src/Illuminate/Database/Eloquent/Builder.php(739): Illuminate\\Database\\Query\\Builder->get(Array)
#7 /home/crm/Ariyagostar/vendor/laravel/framework/src/Illuminate/Database/Eloquent/Builder.php(723): Illuminate\\Database\\Eloquent\\Builder->getModels(Array)
#8 /home/crm/Ariyagostar/app/Providers/AuthServiceProvider.php(40): Illuminate\\Database\\Eloquent\\Builder->get()
#9 /home/crm/Ariyagostar/app/Providers/AuthServiceProvider.php(30): App\\Providers\\AuthServiceProvider->getPermissions()
#10 /home/crm/Ariyagostar/vendor/laravel/framework/src/Illuminate/Container/BoundMethod.php(36): App\\Providers\\AuthServiceProvider->boot()
#11 /home/crm/Ariyagostar/vendor/laravel/framework/src/Illuminate/Container/Util.php(41): Illuminate\\Container\\BoundMethod::Illuminate\\Container\\{closure}()
#12 /home/crm/Ariyagostar/vendor/laravel/framework/src/Illuminate/Container/BoundMethod.php(93): Illuminate\\Container\\Util::unwrapIfClosure(Object(Closure))
#13 /home/crm/Ariyagostar/vendor/laravel/framework/src/Illuminate/Container/BoundMethod.php(35): Illuminate\\Container\\BoundMethod::callBoundMethod(Object(Illuminate\\Foundation\\Application), Array, Object(Closure))
#14 /home/crm/Ariyagostar/vendor/laravel/framework/src/Illuminate/Container/Container.php(662): Illuminate\\Container\\BoundMethod::call(Object(Illuminate\\Foundation\\Application), Array, Array, NULL)
#15 /home/crm/Ariyagostar/vendor/laravel/framework/src/Illuminate/Foundation/Application.php(1059): Illuminate\\Container\\Container->call(Array)
#16 /home/crm/Ariyagostar/vendor/laravel/framework/src/Illuminate/Foundation/Application.php(1040): Illuminate\\Foundation\\Application->bootProvider(Object(App\\Providers\\AuthServiceProvider))
#17 [internal function]: Illuminate\\Foundation\\Application->Illuminate\\Foundation\\{closure}(Object(App\\Providers\\AuthServiceProvider), 43)
#18 /home/crm/Ariyagostar/vendor/laravel/framework/src/Illuminate/Foundation/Application.php(1039): array_walk(Array, Object(Closure))
#19 /home/crm/Ariyagostar/vendor/laravel/framework/src/Illuminate/Foundation/Bootstrap/BootProviders.php(17): Illuminate\\Foundation\\Application->boot()
#20 /home/crm/Ariyagostar/vendor/laravel/framework/src/Illuminate/Foundation/Application.php(286): Illuminate\\Foundation\\Bootstrap\\BootProviders->bootstrap(Object(Illuminate\\Foundation\\Application))
#21 /home/crm/Ariyagostar/vendor/laravel/framework/src/Illuminate/Foundation/Http/Kernel.php(186): Illuminate\\Foundation\\Application->bootstrapWith(Array)
#22 /home/crm/Ariyagostar/vendor/laravel/framework/src/Illuminate/Foundation/Http/Kernel.php(170): Illuminate\\Foundation\\Http\\Kernel->bootstrap()
#23 /home/crm/Ariyagostar/vendor/laravel/framework/src/Illuminate/Foundation/Http/Kernel.php(144): Illuminate\\Foundation\\Http\\Kernel->sendRequestThroughRouter(Object(Illuminate\\Http\\Request))
#24 /home/crm/new.ariyajanebi.ir/index.php(52): Illuminate\\Foundation\\Http\\Kernel->handle(Object(Illuminate\\Http\\Request))
#25 {main}

[previous exception] [object] (PDOException(code: 1045): SQLSTATE[HY000] [1045] Access denied for user 'root'@'localhost' (using password: NO) at /home/crm/Ariyagostar/vendor/laravel/framework/src/Illuminate/Database/Connectors/Connector.php:65)
[stacktrace]
#0 /home/crm/Ariyagostar/vendor/laravel/framework/src/Illuminate/Database/Connectors/Connector.php(65): PDO->__construct('mysql:host=127....', 'root', Object(SensitiveParameterValue), Array)
#1 /home/crm/Ariyagostar/vendor/laravel/framework/src/Illuminate/Database/Connectors/Connector.php(44): Illuminate\\Database\\Connectors\\Connector->createPdoConnection('mysql:host=127....', 'root', '', Array)
#2 /home/crm/Ariyagostar/vendor/laravel/framework/src/Illuminate/Database/Connectors/MySqlConnector.php(24): Illuminate\\Database\\Connectors\\Connector->createConnection('mysql:host=127....', Array, Array)
#3 /home/crm/Ariyagostar/vendor/laravel/framework/src/Illuminate/Database/Connectors/ConnectionFactory.php(184): Illuminate\\Database\\Connectors\\MySqlConnector->connect(Array)
#4 [internal function]: Illuminate\\Database\\Connectors\\ConnectionFactory->Illuminate\\Database\\Connectors\\{closure}()
#5 /home/crm/Ariyagostar/vendor/laravel/framework/src/Illuminate/Database/Connection.php(1339): call_user_func(Object(Closure))
#6 /home/crm/Ariyagostar/vendor/laravel/framework/src/Illuminate/Database/Connection.php(1375): Illuminate\\Database\\Connection->getPdo()
#7 /home/crm/Ariyagostar/vendor/laravel/framework/src/Illuminate/Database/Connection.php(528): Illuminate\\Database\\Connection->getReadPdo()
#8 /home/crm/Ariyagostar/vendor/laravel/framework/src/Illuminate/Database/Connection.php(423): Illuminate\\Database\\Connection->getPdoForSelect(true)
#9 /home/crm/Ariyagostar/vendor/laravel/framework/src/Illuminate/Database/Connection.php(816): Illuminate\\Database\\Connection->Illuminate\\Database\\{closure}('select * from `...', Array)
#10 /home/crm/Ariyagostar/vendor/laravel/framework/src/Illuminate/Database/Connection.php(783): Illuminate\\Database\\Connection->runQueryCallback('select * from `...', Array, Object(Closure))
#11 /home/crm/Ariyagostar/vendor/laravel/framework/src/Illuminate/Database/Connection.php(414): Illuminate\\Database\\Connection->run('select * from `...', Array, Object(Closure))
#12 /home/crm/Ariyagostar/vendor/laravel/framework/src/Illuminate/Database/Query/Builder.php(2913): Illuminate\\Database\\Connection->select('select * from `...', Array, true)
#13 /home/crm/Ariyagostar/vendor/laravel/framework/src/Illuminate/Database/Query/Builder.php(2902): Illuminate\\Database\\Query\\Builder->runSelect()
#14 /home/crm/Ariyagostar/vendor/laravel/framework/src/Illuminate/Database/Query/Builder.php(3456): Illuminate\\Database\\Query\\Builder->Illuminate\\Database\\Query\\{closure}()
#15 /home/crm/Ariyagostar/vendor/laravel/framework/src/Illuminate/Database/Query/Builder.php(2901): Illuminate\\Database\\Query\\Builder->onceWithColumns(Array, Object(Closure))
#16 /home/crm/Ariyagostar/vendor/laravel/framework/src/Illuminate/Database/Eloquent/Builder.php(739): Illuminate\\Database\\Query\\Builder->get(Array)
#17 /home/crm/Ariyagostar/vendor/laravel/framework/src/Illuminate/Database/Eloquent/Builder.php(723): Illuminate\\Database\\Eloquent\\Builder->getModels(Array)
#18 /home/crm/Ariyagostar/app/Providers/AuthServiceProvider.php(40): Illuminate\\Database\\Eloquent\\Builder->get()
#19 /home/crm/Ariyagostar/app/Providers/AuthServiceProvider.php(30): App\\Providers\\AuthServiceProvider->getPermissions()
#20 /home/crm/Ariyagostar/vendor/laravel/framework/src/Illuminate/Container/BoundMethod.php(36): App\\Providers\\AuthServiceProvider->boot()
#21 /home/crm/Ariyagostar/vendor/laravel/framework/src/Illuminate/Container/Util.php(41): Illuminate\\Container\\BoundMethod::Illuminate\\Container\\{closure}()
#22 /home/crm/Ariyagostar/vendor/laravel/framework/src/Illuminate/Container/BoundMethod.php(93): Illuminate\\Container\\Util::unwrapIfClosure(Object(Closure))
#23 /home/crm/Ariyagostar/vendor/laravel/framework/src/Illuminate/Container/BoundMethod.php(35): Illuminate\\Container\\BoundMethod::callBoundMethod(Object(Illuminate\\Foundation\\Application), Array, Object(Closure))
#24 /home/crm/Ariyagostar/vendor/laravel/framework/src/Illuminate/Container/Container.php(662): Illuminate\\Container\\BoundMethod::call(Object(Illuminate\\Foundation\\Application), Array, Array, NULL)
#25 /home/crm/Ariyagostar/vendor/laravel/framework/src/Illuminate/Foundation/Application.php(1059): Illuminate\\Container\\Container->call(Array)
#26 /home/crm/Ariyagostar/vendor/laravel/framework/src/Illuminate/Foundation/Application.php(1040): Illuminate\\Foundation\\Application->bootProvider(Object(App\\Providers\\AuthServiceProvider))
#27 [internal function]: Illuminate\\Foundation\\Application->Illuminate\\Foundation\\{closure}(Object(App\\Providers\\AuthServiceProvider), 43)
#28 /home/crm/Ariyagostar/vendor/laravel/framework/src/Illuminate/Foundation/Application.php(1039): array_walk(Array, Object(Closure))
#29 /home/crm/Ariyagostar/vendor/laravel/framework/src/Illuminate/Foundation/Bootstrap/BootProviders.php(17): Illuminate\\Foundation\\Application->boot()
#30 /home/crm/Ariyagostar/vendor/laravel/framework/src/Illuminate/Foundation/Application.php(286): Illuminate\\Foundation\\Bootstrap\\BootProviders->bootstrap(Object(Illuminate\\Foundation\\Application))
#31 /home/crm/Ariyagostar/vendor/laravel/framework/src/Illuminate/Foundation/Http/Kernel.php(186): Illuminate\\Foundation\\Application->bootstrapWith(Array)
#32 /home/crm/Ariyagostar/vendor/laravel/framework/src/Illuminate/Foundation/Http/Kernel.php(170): Illuminate\\Foundation\\Http\\Kernel->bootstrap()
#33 /home/crm/Ariyagostar/vendor/laravel/framework/src/Illuminate/Foundation/Http/Kernel.php(144): Illuminate\\Foundation\\Http\\Kernel->sendRequestThroughRouter(Object(Illuminate\\Http\\Request))
#34 /home/crm/new.ariyajanebi.ir/index.php(52): Illuminate\\Foundation\\Http\\Kernel->handle(Object(Illuminate\\Http\\Request))
#35 {main}
"} 
[2026-07-23 10:04:50] local.ERROR: Route [csrf] not defined. {"view":{"view":"/home/crm/Ariyagostar/resources/views/back/partials/meta.blade.php","data":{"errors":"<pre class=sf-dump id=sf-dump-2053841442 data-indent-pad=\"  \"><span class=sf-dump-note>Illuminate\\Support\\ViewErrorBag</span> {<a class=sf-dump-ref>#1163</a><samp data-depth=1 class=sf-dump-expanded>
  #<span class=sf-dump-protected title=\"Protected property\">bags</span>: []
</samp>}
</pre><script>Sfdump(\"sf-dump-2053841442\", {\"maxDepth\":3,\"maxStringLength\":160})</script>
","exception":"<pre class=sf-dump id=sf-dump-849318564 data-indent-pad=\"  \"><span class=sf-dump-note>Symfony\\Component\\HttpKernel\\Exception\\HttpException</span> {<a class=sf-dump-ref>#1171</a><samp data-depth=1 class=sf-dump-expanded>
  #<span class=sf-dump-protected title=\"Protected property\">message</span>: \"<span class=sf-dump-str title=\"158 characters\">SQLSTATE[HY000] [1045] Access denied for user &#039;root&#039;@&#039;localhost&#039; (using password: NO) (Connection: mysql, SQL: select * from `permissions` where `active` = 1)</span>\"
  #<span class=sf-dump-protected title=\"Protected property\">code</span>: <span class=sf-dump-num>0</span>
  #<span class=sf-dump-protected title=\"Protected property\">file</span>: \"<span class=\"sf-dump-str sf-dump-ellipsization\" title=\"/home/crm/Ariyagostar/vendor/laravel/framework/src/Illuminate/Foundation/Exceptions/Handler.php
95 characters\"><span class=\"sf-dump-ellipsis sf-dump-ellipsis-path\">/home/crm/Ariyagostar/vendor</span><span class=\"sf-dump-ellipsis sf-dump-ellipsis-path\">/laravel/framework/</span><span class=\"sf-dump-ellipsis-tail\">src/Illuminate/Foundation/Exceptions/Handler.php</span></span>\"
  #<span class=sf-dump-protected title=\"Protected property\">line</span>: <span class=sf-dump-num>646</span>
  -<span class=sf-dump-private title=\"Private property defined in class:&#10;`Exception`\">previous</span>: <span class=\"sf-dump-note sf-dump-ellipsization\" title=\"Illuminate\\Database\\QueryException
\"><span class=\"sf-dump-ellipsis sf-dump-ellipsis-note\">Illuminate\\Database</span><span class=\"sf-dump-ellipsis sf-dump-ellipsis-note\">\\</span><span class=\"sf-dump-ellipsis-tail\">QueryException</span></span> {<a class=sf-dump-ref href=#sf-dump-849318564-ref21134 title=\"6 occurrences\">#1134</a><samp data-depth=2 id=sf-dump-849318564-ref21134 class=sf-dump-compact>
    #<span class=sf-dump-protected title=\"Protected property\">message</span>: \"<span class=sf-dump-str title=\"158 characters\">SQLSTATE[HY000] [1045] Access denied for user &#039;root&#039;@&#039;localhost&#039; (using password: NO) (Connection: mysql, SQL: select * from `permissions` where `active` = 1)</span>\"
    #<span class=sf-dump-protected title=\"Protected property\">code</span>: <span class=sf-dump-num>1045</span>
    #<span class=sf-dump-protected title=\"Protected property\">file</span>: \"<span class=\"sf-dump-str sf-dump-ellipsization\" title=\"/home/crm/Ariyagostar/vendor/laravel/framework/src/Illuminate/Database/Connection.php
85 characters\"><span class=\"sf-dump-ellipsis sf-dump-ellipsis-path\">/home/crm/Ariyagostar/vendor</span><span class=\"sf-dump-ellipsis sf-dump-ellipsis-path\">/laravel/framework/</span><span class=\"sf-dump-ellipsis-tail\">src/Illuminate/Database/Connection.php</span></span>\"
    #<span class=sf-dump-protected title=\"Protected property\">line</span>: <span class=sf-dump-num>829</span>
    -<span class=sf-dump-private title=\"Private property defined in class:&#10;`Exception`\">previous</span>: <span class=sf-dump-note>PDOException</span> {<a class=sf-dump-ref>#1138</a><samp data-depth=3 class=sf-dump-compact>
      #<span class=sf-dump-protected title=\"Protected property\">message</span>: \"<span class=sf-dump-str title=\"85 characters\">SQLSTATE[HY000] [1045] Access denied for user &#039;root&#039;@&#039;localhost&#039; (using password: NO)</span>\"
      #<span class=sf-dump-protected title=\"Protected property\">code</span>: <span class=sf-dump-num>1045</span>
      #<span class=sf-dump-protected title=\"Protected property\">file</span>: \"<span class=\"sf-dump-str sf-dump-ellipsization\" title=\"/home/crm/Ariyagostar/vendor/laravel/framework/src/Illuminate/Database/Connectors/Connector.php
95 characters\"><span class=\"sf-dump-ellipsis sf-dump-ellipsis-path\">/home/crm/Ariyagostar/vendor</span><span class=\"sf-dump-ellipsis sf-dump-ellipsis-path\">/laravel/framework/</span><span class=\"sf-dump-ellipsis-tail\">src/Illuminate/Database/Connectors/Connector.php</span></span>\"
      #<span class=sf-dump-protected title=\"Protected property\">line</span>: <span class=sf-dump-num>65</span>
      +<span class=sf-dump-public title=\"Public property\">errorInfo</span>: <span class=sf-dump-note>array:3</span> [ &#8230;3]
      <span class=sf-dump-meta>trace</span>: { &#8230;35}
    </samp>}
    +<span class=sf-dump-public title=\"Public property\">errorInfo</span>: <span class=sf-dump-note>array:3</span> [<samp data-depth=3 class=sf-dump-compact>
      <span class=sf-dump-index>0</span> => \"<span class=sf-dump-str title=\"5 characters\">HY000</span>\"
      <span class=sf-dump-index>1</span> => <span class=sf-dump-num>1045</span>
      <span class=sf-dump-index>2</span> => \"<span class=sf-dump-str title=\"62 characters\">Access denied for user &#039;root&#039;@&#039;localhost&#039; (using password: NO)</span>\"
    </samp>]
    +<span class=sf-dump-public title=\"Public property\">connectionName</span>: \"<span class=sf-dump-str title=\"5 characters\">mysql</span>\"
    #<span class=sf-dump-protected title=\"Protected property\">sql</span>: \"<span class=sf-dump-str title=\"46 characters\">select * from `permissions` where `active` = ?</span>\"
    #<span class=sf-dump-protected title=\"Protected property\">bindings</span>: <span class=sf-dump-note>array:1</span> [<samp data-depth=3 class=sf-dump-compact>
      <span class=sf-dump-index>0</span> => <span class=sf-dump-num>1</span>
    </samp>]
    <span class=sf-dump-meta>trace</span>: {<samp data-depth=3 class=sf-dump-compact>
      <span class=\"sf-dump-meta sf-dump-ellipsization\" title=\"/home/crm/Ariyagostar/vendor/laravel/framework/src/Illuminate/Database/Connection.php:829
Stack level 26.\"><span class=\"sf-dump-ellipsis sf-dump-ellipsis-path\">/home/crm/Ariyagostar/vendor</span><span class=\"sf-dump-ellipsis sf-dump-ellipsis-path\">/laravel/framework/</span><span class=\"sf-dump-ellipsis-tail\">src/Illuminate/Database/Connection.php:829</span></span> { &#8230;4}
      <span class=\"sf-dump-meta sf-dump-ellipsization\" title=\"/home/crm/Ariyagostar/vendor/laravel/framework/src/Illuminate/Database/Connection.php:783
Stack level 25.\"><span class=\"sf-dump-ellipsis sf-dump-ellipsis-path\">/home/crm/Ariyagostar/vendor</span><span class=\"sf-dump-ellipsis sf-dump-ellipsis-path\">/laravel/framework/</span><span class=\"sf-dump-ellipsis-tail\">src/Illuminate/Database/Connection.php:783</span></span> { &#8230;5}
      <span class=\"sf-dump-meta sf-dump-ellipsization\" title=\"/home/crm/Ariyagostar/vendor/laravel/framework/src/Illuminate/Database/Connection.php:414
Stack level 24.\"><span class=\"sf-dump-ellipsis sf-dump-ellipsis-path\">/home/crm/Ariyagostar/vendor</span><span class=\"sf-dump-ellipsis sf-dump-ellipsis-path\">/laravel/framework/</span><span class=\"sf-dump-ellipsis-tail\">src/Illuminate/Database/Connection.php:414</span></span> { &#8230;5}
      <span class=\"sf-dump-meta sf-dump-ellipsization\" title=\"/home/crm/Ariyagostar/vendor/laravel/framework/src/Illuminate/Database/Query/Builder.php:2913
Stack level 23.\"><span class=\"sf-dump-ellipsis sf-dump-ellipsis-path\">/home/crm/Ariyagostar/vendor</span><span class=\"sf-dump-ellipsis sf-dump-ellipsis-path\">/laravel/framework/</span><span class=\"sf-dump-ellipsis-tail\">src/Illuminate/Database/Query/Builder.php:2913</span></span> { &#8230;5}
      <span class=\"sf-dump-meta sf-dump-ellipsization\" title=\"/home/crm/Ariyagostar/vendor/laravel/framework/src/Illuminate/Database/Query/Builder.php:2902
Stack level 22.\"><span class=\"sf-dump-ellipsis sf-dump-ellipsis-path\">/home/crm/Ariyagostar/vendor</span><span class=\"sf-dump-ellipsis sf-dump-ellipsis-path\">/laravel/framework/</span><span class=\"sf-dump-ellipsis-tail\">src/Illuminate/Database/Query/Builder.php:2902</span></span> { &#8230;4}
      <span class=\"sf-dump-meta sf-dump-ellipsization\" title=\"/home/crm/Ariyagostar/vendor/laravel/framework/src/Illuminate/Database/Query/Builder.php:3456
Stack level 21.\"><span class=\"sf-dump-ellipsis sf-dump-ellipsis-path\">/home/crm/Ariyagostar/vendor</span><span class=\"sf-dump-ellipsis sf-dump-ellipsis-path\">/laravel/framework/</span><span class=\"sf-dump-ellipsis-tail\">src/Illuminate/Database/Query/Builder.php:3456</span></span> { &#8230;4}
      <span class=\"sf-dump-meta sf-dump-ellipsization\" title=\"/home/crm/Ariyagostar/vendor/laravel/framework/src/Illuminate/Database/Query/Builder.php:2901
Stack level 20.\"><span class=\"sf-dump-ellipsis sf-dump-ellipsis-path\">/home/crm/Ariyagostar/vendor</span><span class=\"sf-dump-ellipsis sf-dump-ellipsis-path\">/laravel/framework/</span><span class=\"sf-dump-ellipsis-tail\">src/Illuminate/Database/Query/Builder.php:2901</span></span> { &#8230;5}
      <span class=\"sf-dump-meta sf-dump-ellipsization\" title=\"/home/crm/Ariyagostar/vendor/laravel/framework/src/Illuminate/Database/Eloquent/Builder.php:739
Stack level 19.\"><span class=\"sf-dump-ellipsis sf-dump-ellipsis-path\">/home/crm/Ariyagostar/vendor</span><span class=\"sf-dump-ellipsis sf-dump-ellipsis-path\">/laravel/framework/</span><span class=\"sf-dump-ellipsis-tail\">src/Illuminate/Database/Eloquent/Builder.php:739</span></span> { &#8230;5}
      <span class=\"sf-dump-meta sf-dump-ellipsization\" title=\"/home/crm/Ariyagostar/vendor/laravel/framework/src/Illuminate/Database/Eloquent/Builder.php:723
Stack level 18.\"><span class=\"sf-dump-ellipsis sf-dump-ellipsis-path\">/home/crm/Ariyagostar/vendor</span><span class=\"sf-dump-ellipsis sf-dump-ellipsis-path\">/laravel/framework/</span><span class=\"sf-dump-ellipsis-tail\">src/Illuminate/Database/Eloquent/Builder.php:723</span></span> { &#8230;5}
      <span class=\"sf-dump-meta sf-dump-ellipsization\" title=\"/home/crm/Ariyagostar/app/Providers/AuthServiceProvider.php:40
Stack level 17.\"><span class=\"sf-dump-ellipsis sf-dump-ellipsis-path\">/home/crm/Ariyagostar</span><span class=\"sf-dump-ellipsis sf-dump-ellipsis-path\">/</span><span class=\"sf-dump-ellipsis-tail\">app/Providers/AuthServiceProvider.php:40</span></span> { &#8230;4}
      <span class=\"sf-dump-meta sf-dump-ellipsization\" title=\"/home/crm/Ariyagostar/app/Providers/AuthServiceProvider.php:30
Stack level 16.\"><span class=\"sf-dump-ellipsis sf-dump-ellipsis-path\">/home/crm/Ariyagostar</span><span class=\"sf-dump-ellipsis sf-dump-ellipsis-path\">/</span><span class=\"sf-dump-ellipsis-tail\">app/Providers/AuthServiceProvider.php:30</span></span> { &#8230;4}
      <span class=\"sf-dump-meta sf-dump-ellipsization\" title=\"/home/crm/Ariyagostar/vendor/laravel/framework/src/Illuminate/Container/BoundMethod.php:36
Stack level 15.\"><span class=\"sf-dump-ellipsis sf-dump-ellipsis-path\">/home/crm/Ariyagostar/vendor</span><span class=\"sf-dump-ellipsis sf-dump-ellipsis-path\">/laravel/framework/</span><span class=\"sf-dump-ellipsis-tail\">src/Illuminate/Container/BoundMethod.php:36</span></span> { &#8230;4}
      <span class=\"sf-dump-meta sf-dump-ellipsization\" title=\"/home/crm/Ariyagostar/vendor/laravel/framework/src/Illuminate/Container/Util.php:41
Stack level 14.\"><span class=\"sf-dump-ellipsis sf-dump-ellipsis-path\">/home/crm/Ariyagostar/vendor</span><span class=\"sf-dump-ellipsis sf-dump-ellipsis-path\">/laravel/framework/</span><span class=\"sf-dump-ellipsis-tail\">src/Illuminate/Container/Util.php:41</span></span> { &#8230;4}
      <span class=\"sf-dump-meta sf-dump-ellipsization\" title=\"/home/crm/Ariyagostar/vendor/laravel/framework/src/Illuminate/Container/BoundMethod.php:93
Stack level 13.\"><span class=\"sf-dump-ellipsis sf-dump-ellipsis-path\">/home/crm/Ariyagostar/vendor</span><span class=\"sf-dump-ellipsis sf-dump-ellipsis-path\">/laravel/framework/</span><span class=\"sf-dump-ellipsis-tail\">src/Illuminate/Container/BoundMethod.php:93</span></span> { &#8230;5}
      <span class=\"sf-dump-meta sf-dump-ellipsization\" title=\"/home/crm/Ariyagostar/vendor/laravel/framework/src/Illuminate/Container/BoundMethod.php:35
Stack level 12.\"><span class=\"sf-dump-ellipsis sf-dump-ellipsis-path\">/home/crm/Ariyagostar/vendor</span><span class=\"sf-dump-ellipsis sf-dump-ellipsis-path\">/laravel/framework/</span><span class=\"sf-dump-ellipsis-tail\">src/Illuminate/Container/BoundMethod.php:35</span></span> { &#8230;5}
      <span class=\"sf-dump-meta sf-dump-ellipsization\" title=\"/home/crm/Ariyagostar/vendor/laravel/framework/src/Illuminate/Container/Container.php:662
Stack level 11.\"><span class=\"sf-dump-ellipsis sf-dump-ellipsis-path\">/home/crm/Ariyagostar/vendor</span><span class=\"sf-dump-ellipsis sf-dump-ellipsis-path\">/laravel/framework/</span><span class=\"sf-dump-ellipsis-tail\">src/Illuminate/Container/Container.php:662</span></span> { &#8230;5}
      <span class=\"sf-dump-meta sf-dump-ellipsization\" title=\"/home/crm/Ariyagostar/vendor/laravel/framework/src/Illuminate/Foundation/Application.php:1059
Stack level 10.\"><span class=\"sf-dump-ellipsis sf-dump-ellipsis-path\">/home/crm/Ariyagostar/vendor</span><span class=\"sf-dump-ellipsis sf-dump-ellipsis-path\">/laravel/framework/</span><span class=\"sf-dump-ellipsis-tail\">src/Illuminate/Foundation/Application.php:1059</span></span> { &#8230;5}
      <span class=\"sf-dump-meta sf-dump-ellipsization\" title=\"/home/crm/Ariyagostar/vendor/laravel/framework/src/Illuminate/Foundation/Application.php:1040
Stack level 9.\"><span class=\"sf-dump-ellipsis sf-dump-ellipsis-path\">/home/crm/Ariyagostar/vendor</span><span class=\"sf-dump-ellipsis sf-dump-ellipsis-path\">/laravel/framework/</span><span class=\"sf-dump-ellipsis-tail\">src/Illuminate/Foundation/Application.php:1040</span></span> { &#8230;5}
      <span class=\"sf-dump-meta sf-dump-ellipsization\" title=\"Illuminate\\Foundation\\Application-&gt;Illuminate\\Foundation\\{closure}()
Stack level 8.\"><span class=\"sf-dump-ellipsis sf-dump-ellipsis-class\">Illuminate\\Foundation\\Application-&gt;Illuminate\\Foundation</span><span class=\"sf-dump-ellipsis sf-dump-ellipsis-class\">\\</span><span class=\"sf-dump-ellipsis-tail\">{closure}()</span></span> {}
      <span class=\"sf-dump-meta sf-dump-ellipsization\" title=\"/home/crm/Ariyagostar/vendor/laravel/framework/src/Illuminate/Foundation/Application.php:1039
Stack level 7.\"><span class=\"sf-dump-ellipsis sf-dump-ellipsis-path\">/home/crm/Ariyagostar/vendor</span><span class=\"sf-dump-ellipsis sf-dump-ellipsis-path\">/laravel/framework/</span><span class=\"sf-dump-ellipsis-tail\">src/Illuminate/Foundation/Application.php:1039</span></span> { &#8230;5}
      <span class=\"sf-dump-meta sf-dump-ellipsization\" title=\"/home/crm/Ariyagostar/vendor/laravel/framework/src/Illuminate/Foundation/Bootstrap/BootProviders.php:17
Stack level 6.\"><span class=\"sf-dump-ellipsis sf-dump-ellipsis-path\">/home/crm/Ariyagostar/vendor</span><span class=\"sf-dump-ellipsis sf-dump-ellipsis-path\">/laravel/framework/</span><span class=\"sf-dump-ellipsis-tail\">src/Illuminate/Foundation/Bootstrap/BootProviders.php:17</span></span> { &#8230;4}
      <span class=\"sf-dump-meta sf-dump-ellipsization\" title=\"/home/crm/Ariyagostar/vendor/laravel/framework/src/Illuminate/Foundation/Application.php:286
Stack level 5.\"><span class=\"sf-dump-ellipsis sf-dump-ellipsis-path\">/home/crm/Ariyagostar/vendor</span><span class=\"sf-dump-ellipsis sf-dump-ellipsis-path\">/laravel/framework/</span><span class=\"sf-dump-ellipsis-tail\">src/Illuminate/Foundation/Application.php:286</span></span> { &#8230;5}
      <span class=\"sf-dump-meta sf-dump-ellipsization\" title=\"/home/crm/Ariyagostar/vendor/laravel/framework/src/Illuminate/Foundation/Http/Kernel.php:186
Stack level 4.\"><span class=\"sf-dump-ellipsis sf-dump-ellipsis-path\">/home/crm/Ariyagostar/vendor</span><span class=\"sf-dump-ellipsis sf-dump-ellipsis-path\">/laravel/framework/</span><span class=\"sf-dump-ellipsis-tail\">src/Illuminate/Foundation/Http/Kernel.php:186</span></span> { &#8230;5}
      <span class=\"sf-dump-meta sf-dump-ellipsization\" title=\"/home/crm/Ariyagostar/vendor/laravel/framework/src/Illuminate/Foundation/Http/Kernel.php:170
Stack level 3.\"><span class=\"sf-dump-ellipsis sf-dump-ellipsis-path\">/home/crm/Ariyagostar/vendor</span><span class=\"sf-dump-ellipsis sf-dump-ellipsis-path\">/laravel/framework/</span><span class=\"sf-dump-ellipsis-tail\">src/Illuminate/Foundation/Http/Kernel.php:170</span></span> { &#8230;4}
      <span class=\"sf-dump-meta sf-dump-ellipsization\" title=\"/home/crm/Ariyagostar/vendor/laravel/framework/src/Illuminate/Foundation/Http/Kernel.php:144
Stack level 2.\"><span class=\"sf-dump-ellipsis sf-dump-ellipsis-path\">/home/crm/Ariyagostar/vendor</span><span class=\"sf-dump-ellipsis sf-dump-ellipsis-path\">/laravel/framework/</span><span class=\"sf-dump-ellipsis-tail\">src/Illuminate/Foundation/Http/Kernel.php:144</span></span> { &#8230;5}
      <span class=\"sf-dump-meta sf-dump-ellipsization\" title=\"/home/crm/new.ariyajanebi.ir/index.php:52
Stack level 1.\"><span class=\"sf-dump-ellipsis sf-dump-ellipsis-path\">/home/crm</span><span class=\"sf-dump-ellipsis sf-dump-ellipsis-path\">/</span><span class=\"sf-dump-ellipsis-tail\">new.ariyajanebi.ir/index.php:52</span></span> { &#8230;4}
    </samp>}
  </samp>}
  -<span class=sf-dump-private title=\"Private property defined in class:&#10;`Symfony\\Component\\HttpKernel\\Exception\\HttpException`\">statusCode</span>: <span class=sf-dump-num>500</span>
  -<span class=sf-dump-private title=\"Private property defined in class:&#10;`Symfony\\Component\\HttpKernel\\Exception\\HttpException`\">headers</span>: []
  <span class=sf-dump-meta>trace</span>: {<samp data-depth=2 class=sf-dump-compact>
    <span class=\"sf-dump-meta sf-dump-ellipsization\" title=\"/home/crm/Ariyagostar/vendor/laravel/framework/src/Illuminate/Foundation/Exceptions/Handler.php:646
Stack level 7.\"><span class=\"sf-dump-ellipsis sf-dump-ellipsis-path\">/home/crm/Ariyagostar/vendor</span><span class=\"sf-dump-ellipsis sf-dump-ellipsis-path\">/laravel/framework/</span><span class=\"sf-dump-ellipsis-tail\">src/Illuminate/Foundation/Exceptions/Handler.php:646</span></span> {<samp data-depth=3 class=sf-dump-compact>
      <span class=\"sf-dump-note sf-dump-ellipsization\" title=\"Illuminate\\Foundation\\Exceptions\\Handler-&gt;prepareResponse($request, Throwable $e)
\"><span class=\"sf-dump-ellipsis sf-dump-ellipsis-note\">Illuminate\\Foundation\\Exceptions</span><span class=\"sf-dump-ellipsis sf-dump-ellipsis-note\">\\</span><span class=\"sf-dump-ellipsis-tail\">Handler-&gt;prepareResponse($request, Throwable $e)</span></span> &#8230;
      &#8250; <code class=\"php\"><span class=sf-dump-default>if (! $this-&gt;isHttpException($e)) {</span></code>
      &#8250; <code class=\"php\"><span class=sf-dump-const title=\"in Illuminate\\Foundation\\Exceptions\\Handler-&gt;prepareResponse($request, Throwable $e)\">    $e = new HttpException(500, $e-&gt;getMessage(), $e);</span></code>
      &#8250; <code class=\"php\"><span class=sf-dump-default>}</span></code>
    </samp>}
    <span class=\"sf-dump-meta sf-dump-ellipsization\" title=\"/home/crm/Ariyagostar/vendor/laravel/framework/src/Illuminate/Foundation/Exceptions/Handler.php:556
Stack level 6.\"><span class=\"sf-dump-ellipsis sf-dump-ellipsis-path\">/home/crm/Ariyagostar/vendor</span><span class=\"sf-dump-ellipsis sf-dump-ellipsis-path\">/laravel/framework/</span><span class=\"sf-dump-ellipsis-tail\">src/Illuminate/Foundation/Exceptions/Handler.php:556</span></span> {<samp data-depth=3 class=sf-dump-compact>
      <span class=\"sf-dump-note sf-dump-ellipsization\" title=\"Illuminate\\Foundation\\Exceptions\\Handler-&gt;renderExceptionResponse($request, Throwable $e)
\"><span class=\"sf-dump-ellipsis sf-dump-ellipsis-note\">Illuminate\\Foundation\\Exceptions</span><span class=\"sf-dump-ellipsis sf-dump-ellipsis-note\">\\</span><span class=\"sf-dump-ellipsis-tail\">Handler-&gt;renderExceptionResponse($request, Throwable $e)</span></span> &#8230;
      &#8250; <code class=\"php\"><span class=sf-dump-default>                ? $this-&gt;prepareJsonResponse($request, $e)</span></code>
      &#8250; <code class=\"php\"><span class=sf-dump-const title=\"in Illuminate\\Foundation\\Exceptions\\Handler-&gt;renderExceptionResponse($request, Throwable $e)\">                : $this-&gt;prepareResponse($request, $e);</span></code>
      &#8250; <code class=\"php\"><span class=sf-dump-default>}</span></code>
      <span class=sf-dump-meta>arguments</span>: { &#8230;2}
    </samp>}
    <span class=\"sf-dump-meta sf-dump-ellipsization\" title=\"/home/crm/Ariyagostar/vendor/laravel/framework/src/Illuminate/Foundation/Exceptions/Handler.php:473
Stack level 5.\"><span class=\"sf-dump-ellipsis sf-dump-ellipsis-path\">/home/crm/Ariyagostar/vendor</span><span class=\"sf-dump-ellipsis sf-dump-ellipsis-path\">/laravel/framework/</span><span class=\"sf-dump-ellipsis-tail\">src/Illuminate/Foundation/Exceptions/Handler.php:473</span></span> {<samp data-depth=3 class=sf-dump-compact>
      <span class=\"sf-dump-note sf-dump-ellipsization\" title=\"Illuminate\\Foundation\\Exceptions\\Handler-&gt;render($request, Throwable $e)
\"><span class=\"sf-dump-ellipsis sf-dump-ellipsis-note\">Illuminate\\Foundation\\Exceptions</span><span class=\"sf-dump-ellipsis sf-dump-ellipsis-note\">\\</span><span class=\"sf-dump-ellipsis-tail\">Handler-&gt;render($request, Throwable $e)</span></span> &#8230;
      &#8250; <code class=\"php\"><span class=sf-dump-default>    $e instanceof ValidationException =&gt; $this-&gt;convertValidationExceptionToResponse($e, $request),</span></code>
      &#8250; <code class=\"php\"><span class=sf-dump-const title=\"in Illuminate\\Foundation\\Exceptions\\Handler-&gt;render($request, Throwable $e)\">    default =&gt; $this-&gt;renderExceptionResponse($request, $e),</span></code>
      &#8250; <code class=\"php\"><span class=sf-dump-default>};</span></code>
      <span class=sf-dump-meta>arguments</span>: { &#8230;2}
    </samp>}
    <span class=\"sf-dump-meta sf-dump-ellipsization\" title=\"/home/crm/Ariyagostar/app/Exceptions/Handler.php:134
Stack level 4.\"><span class=\"sf-dump-ellipsis sf-dump-ellipsis-path\">/home/crm/Ariyagostar</span><span class=\"sf-dump-ellipsis sf-dump-ellipsis-path\">/</span><span class=\"sf-dump-ellipsis-tail\">app/Exceptions/Handler.php:134</span></span> {<samp data-depth=3 class=sf-dump-compact>
      <span class=\"sf-dump-note sf-dump-ellipsization\" title=\"App\\Exceptions\\Handler-&gt;render($request, Throwable $exception)
\"><span class=\"sf-dump-ellipsis sf-dump-ellipsis-note\">App\\Exceptions</span><span class=\"sf-dump-ellipsis sf-dump-ellipsis-note\">\\</span><span class=\"sf-dump-ellipsis-tail\">Handler-&gt;render($request, Throwable $exception)</span></span> &#8230;
      &#8250; 
      &#8250; <code class=\"php\"><span class=sf-dump-const title=\"in App\\Exceptions\\Handler-&gt;render($request, Throwable $exception)\">    return parent::render($request, $exception);</span></code>
      &#8250; <code class=\"php\"><span class=sf-dump-default>}</span></code>
      <span class=sf-dump-meta>arguments</span>: { &#8230;2}
    </samp>}
    <span class=\"sf-dump-meta sf-dump-ellipsization\" title=\"/home/crm/Ariyagostar/vendor/laravel/framework/src/Illuminate/Foundation/Http/Kernel.php:509
Stack level 3.\"><span class=\"sf-dump-ellipsis sf-dump-ellipsis-path\">/home/crm/Ariyagostar/vendor</span><span class=\"sf-dump-ellipsis sf-dump-ellipsis-path\">/laravel/framework/</span><span class=\"sf-dump-ellipsis-tail\">src/Illuminate/Foundation/Http/Kernel.php:509</span></span> {<samp data-depth=3 class=sf-dump-compact>
      <span class=\"sf-dump-note sf-dump-ellipsization\" title=\"Illuminate\\Foundation\\Http\\Kernel-&gt;renderException($request, Throwable $e)
\"><span class=\"sf-dump-ellipsis sf-dump-ellipsis-note\">Illuminate\\Foundation\\Http</span><span class=\"sf-dump-ellipsis sf-dump-ellipsis-note\">\\</span><span class=\"sf-dump-ellipsis-tail\">Kernel-&gt;renderException($request, Throwable $e)</span></span> &#8230;
      &#8250; <code class=\"php\"><span class=sf-dump-default>{</span></code>
      &#8250; <code class=\"php\"><span class=sf-dump-const title=\"in Illuminate\\Foundation\\Http\\Kernel-&gt;renderException($request, Throwable $e)\">    return $this-&gt;app[ExceptionHandler::class]-&gt;render($request, $e);</span></code>
      &#8250; <code class=\"php\"><span class=sf-dump-default>}</span></code>
      <span class=sf-dump-meta>arguments</span>: { &#8230;2}
    </samp>}
    <span class=\"sf-dump-meta sf-dump-ellipsization\" title=\"/home/crm/Ariyagostar/vendor/laravel/framework/src/Illuminate/Foundation/Http/Kernel.php:148
Stack level 2.\"><span class=\"sf-dump-ellipsis sf-dump-ellipsis-path\">/home/crm/Ariyagostar/vendor</span><span class=\"sf-dump-ellipsis sf-dump-ellipsis-path\">/laravel/framework/</span><span class=\"sf-dump-ellipsis-tail\">src/Illuminate/Foundation/Http/Kernel.php:148</span></span> {<samp data-depth=3 class=sf-dump-compact>
      <span class=\"sf-dump-note sf-dump-ellipsization\" title=\"Illuminate\\Foundation\\Http\\Kernel-&gt;handle($request)
\"><span class=\"sf-dump-ellipsis sf-dump-ellipsis-note\">Illuminate\\Foundation\\Http</span><span class=\"sf-dump-ellipsis sf-dump-ellipsis-note\">\\</span><span class=\"sf-dump-ellipsis-tail\">Kernel-&gt;handle($request)</span></span> &#8230;
      &#8250; 
      &#8250; <code class=\"php\"><span class=sf-dump-const title=\"in Illuminate\\Foundation\\Http\\Kernel-&gt;handle($request)\">    $response = $this-&gt;renderException($request, $e);</span></code>
      &#8250; <code class=\"php\"><span class=sf-dump-default>}</span></code>
      <span class=sf-dump-meta>arguments</span>: { &#8230;2}
    </samp>}
    <span class=\"sf-dump-meta sf-dump-ellipsization\" title=\"/home/crm/new.ariyajanebi.ir/index.php:52
Stack level 1.\"><span class=\"sf-dump-ellipsis sf-dump-ellipsis-path\">/home/crm</span><span class=\"sf-dump-ellipsis sf-dump-ellipsis-path\">/</span><span class=\"sf-dump-ellipsis-tail\">new.ariyajanebi.ir/index.php:52</span></span> {<samp data-depth=3 class=sf-dump-compact>
      &#8250; <code class=\"php\"><span class=sf-dump-default><span class=\"sf-dump-default sf-dump-ns\">\\r</span></span></code>
      &#8250; <code class=\"php\"><span class=sf-dump-const>$response = tap($kernel-&gt;handle(<span class=\"sf-dump-default sf-dump-ns\">\\r</span></span></code>
      &#8250; <code class=\"php\"><span class=sf-dump-default>    $request = Request::capture()<span class=\"sf-dump-default sf-dump-ns\">\\r</span></span></code>
      <span class=sf-dump-meta>arguments</span>: { &#8230;1}
    </samp>}
  </samp>}
</samp>}
</pre><script>Sfdump(\"sf-dump-849318564\", {\"maxDepth\":3,\"maxStringLength\":160})</script>
","current_local":"<pre class=sf-dump id=sf-dump-304496963 data-indent-pad=\"  \"><span class=sf-dump-note>array:3</span> [<samp data-depth=1 class=sf-dump-expanded>
  \"<span class=sf-dump-key>name</span>\" => \"<span class=sf-dump-str title=\"5 characters\">&#1601;&#1575;&#1585;&#1587;&#1740;</span>\"
  \"<span class=sf-dump-key>direction</span>\" => \"<span class=sf-dump-str title=\"3 characters\">rtl</span>\"
  \"<span class=sf-dump-key>english_name</span>\" => \"<span class=sf-dump-str title=\"7 characters\">Persian</span>\"
</samp>]
</pre><script>Sfdump(\"sf-dump-304496963\", {\"maxDepth\":3,\"maxStringLength\":160})</script>
","title":"<pre class=sf-dump id=sf-dump-563874375 data-indent-pad=\"  \">\"<span class=sf-dump-str title=\"9 characters\">&#1582;&#1591;&#1575;&#1740; &#1587;&#1585;&#1608;&#1585;</span>\"
</pre><script>Sfdump(\"sf-dump-563874375\", {\"maxDepth\":3,\"maxStringLength\":160})</script>
"}},"exception":"[object] (Spatie\\LaravelIgnition\\Exceptions\\ViewException(code: 0): Route [csrf] not defined. at /home/crm/Ariyagostar/vendor/laravel/framework/src/Illuminate/Routing/UrlGenerator.php:477)
[stacktrace]
#0 /home/crm/Ariyagostar/bootstrap/functions.php(11): Illuminate\\Routing\\UrlGenerator->route('csrf', Array, true)
#1 /home/crm/Ariyagostar/resources/views/back/partials/meta.blade.php(12): route('csrf')
#2 /home/crm/Ariyagostar/vendor/laravel/framework/src/Illuminate/Filesystem/Filesystem.php(123): require('/home/crm/Ariya...')
#3 /home/crm/Ariyagostar/vendor/laravel/framework/src/Illuminate/Filesystem/Filesystem.php(124): Illuminate\\Filesystem\\Filesystem::Illuminate\\Filesystem\\{closure}()
#4 /home/crm/Ariyagostar/vendor/laravel/framework/src/Illuminate/View/Engines/PhpEngine.php(58): Illuminate\\Filesystem\\Filesystem->getRequire('/home/crm/Ariya...', Array)
#5 /home/crm/Ariyagostar/vendor/laravel/framework/src/Illuminate/View/Engines/CompilerEngine.php(72): Illuminate\\View\\Engines\\PhpEngine->evaluatePath('/home/crm/Ariya...', Array)
#6 /home/crm/Ariyagostar/vendor/laravel/framework/src/Illuminate/View/View.php(207): Illuminate\\View\\Engines\\CompilerEngine->get('/home/crm/Ariya...', Array)
#7 /home/crm/Ariyagostar/vendor/laravel/framework/src/Illuminate/View/View.php(190): Illuminate\\View\\View->getContents()
#8 /home/crm/Ariyagostar/vendor/laravel/framework/src/Illuminate/View/View.php(159): Illuminate\\View\\View->renderContents()
#9 /home/crm/Ariyagostar/resources/views/errors/layouts/master.blade.php(6): Illuminate\\View\\View->render()
#10 /home/crm/Ariyagostar/vendor/laravel/framework/src/Illuminate/Filesystem/Filesystem.php(123): require('/home/crm/Ariya...')
#11 /home/crm/Ariyagostar/vendor/laravel/framework/src/Illuminate/Filesystem/Filesystem.php(124): Illuminate\\Filesystem\\Filesystem::Illuminate\\Filesystem\\{closure}()
#12 /home/crm/Ariyagostar/vendor/laravel/framework/src/Illuminate/View/Engines/PhpEngine.php(58): Illuminate\\Filesystem\\Filesystem->getRequire('/home/crm/Ariya...', Array)
#13 /home/crm/Ariyagostar/vendor/laravel/framework/src/Illuminate/View/Engines/CompilerEngine.php(72): Illuminate\\View\\Engines\\PhpEngine->evaluatePath('/home/crm/Ariya...', Array)
#14 /home/crm/Ariyagostar/vendor/laravel/framework/src/Illuminate/View/View.php(207): Illuminate\\View\\Engines\\CompilerEngine->get('/home/crm/Ariya...', Array)
#15 /home/crm/Ariyagostar/vendor/laravel/framework/src/Illuminate/View/View.php(190): Illuminate\\View\\View->getContents()
#16 /home/crm/Ariyagostar/vendor/laravel/framework/src/Illuminate/View/View.php(159): Illuminate\\View\\View->renderContents()
#17 /home/crm/Ariyagostar/resources/views/errors/500.blade.php(34): Illuminate\\View\\View->render()
#18 /home/crm/Ariyagostar/vendor/laravel/framework/src/Illuminate/Filesystem/Filesystem.php(123): require('/home/crm/Ariya...')
#19 /home/crm/Ariyagostar/vendor/laravel/framework/src/Illuminate/Filesystem/Filesystem.php(124): Illuminate\\Filesystem\\Filesystem::Illuminate\\Filesystem\\{closure}()
#20 /home/crm/Ariyagostar/vendor/laravel/framework/src/Illuminate/View/Engines/PhpEngine.php(58): Illuminate\\Filesystem\\Filesystem->getRequire('/home/crm/Ariya...', Array)
#21 /home/crm/Ariyagostar/vendor/laravel/framework/src/Illuminate/View/Engines/CompilerEngine.php(72): Illuminate\\View\\Engines\\PhpEngine->evaluatePath('/home/crm/Ariya...', Array)
#22 /home/crm/Ariyagostar/vendor/laravel/framework/src/Illuminate/View/View.php(207): Illuminate\\View\\Engines\\CompilerEngine->get('/home/crm/Ariya...', Array)
#23 /home/crm/Ariyagostar/vendor/laravel/framework/src/Illuminate/View/View.php(190): Illuminate\\View\\View->getContents()
#24 /home/crm/Ariyagostar/vendor/laravel/framework/src/Illuminate/View/View.php(159): Illuminate\\View\\View->renderContents()
#25 /home/crm/Ariyagostar/vendor/laravel/framework/src/Illuminate/Http/Response.php(69): Illuminate\\View\\View->render()
#26 /home/crm/Ariyagostar/vendor/laravel/framework/src/Illuminate/Http/Response.php(35): Illuminate\\Http\\Response->setContent(Object(Illuminate\\View\\View))
#27 /home/crm/Ariyagostar/vendor/laravel/framework/src/Illuminate/Routing/ResponseFactory.php(58): Illuminate\\Http\\Response->__construct(Object(Illuminate\\View\\View), 500, Array)
#28 /home/crm/Ariyagostar/vendor/laravel/framework/src/Illuminate/Routing/ResponseFactory.php(88): Illuminate\\Routing\\ResponseFactory->make(Object(Illuminate\\View\\View), 500, Array)
#29 /home/crm/Ariyagostar/vendor/laravel/framework/src/Illuminate/Foundation/Exceptions/Handler.php(723): Illuminate\\Routing\\ResponseFactory->view('errors::500', Array, 500, Array)
#30 /home/crm/Ariyagostar/vendor/laravel/framework/src/Illuminate/Foundation/Exceptions/Handler.php(650): Illuminate\\Foundation\\Exceptions\\Handler->renderHttpException(Object(Symfony\\Component\\HttpKernel\\Exception\\HttpException))
#31 /home/crm/Ariyagostar/vendor/laravel/framework/src/Illuminate/Foundation/Exceptions/Handler.php(556): Illuminate\\Foundation\\Exceptions\\Handler->prepareResponse(Object(Illuminate\\Http\\Request), Object(Symfony\\Component\\HttpKernel\\Exception\\HttpException))
#32 /home/crm/Ariyagostar/vendor/laravel/framework/src/Illuminate/Foundation/Exceptions/Handler.php(473): Illuminate\\Foundation\\Exceptions\\Handler->renderExceptionResponse(Object(Illuminate\\Http\\Request), Object(Illuminate\\Database\\QueryException))
#33 /home/crm/Ariyagostar/app/Exceptions/Handler.php(134): Illuminate\\Foundation\\Exceptions\\Handler->render(Object(Illuminate\\Http\\Request), Object(Illuminate\\Database\\QueryException))
#34 /home/crm/Ariyagostar/vendor/laravel/framework/src/Illuminate/Foundation/Http/Kernel.php(509): App\\Exceptions\\Handler->render(Object(Illuminate\\Http\\Request), Object(Illuminate\\Database\\QueryException))
#35 /home/crm/Ariyagostar/vendor/laravel/framework/src/Illuminate/Foundation/Http/Kernel.php(148): Illuminate\\Foundation\\Http\\Kernel->renderException(Object(Illuminate\\Http\\Request), Object(Illuminate\\Database\\QueryException))
#36 /home/crm/new.ariyajanebi.ir/index.php(52): Illuminate\\Foundation\\Http\\Kernel->handle(Object(Illuminate\\Http\\Request))
#37 {main}

[previous exception] [object] (Symfony\\Component\\Routing\\Exception\\RouteNotFoundException(code: 0): Route [csrf] not defined. at /home/crm/Ariyagostar/vendor/laravel/framework/src/Illuminate/Routing/UrlGenerator.php:477)
[stacktrace]
#0 /home/crm/Ariyagostar/bootstrap/functions.php(11): Illuminate\\Routing\\UrlGenerator->route('csrf', Array, true)
#1 /home/crm/Ariyagostar/storage/framework/views/a548ae8b2f76e73dbd5e30505722720e.php(11): route('csrf')
#2 /home/crm/Ariyagostar/vendor/laravel/framework/src/Illuminate/Filesystem/Filesystem.php(123): require('/home/crm/Ariya...')
#3 /home/crm/Ariyagostar/vendor/laravel/framework/src/Illuminate/Filesystem/Filesystem.php(124): Illuminate\\Filesystem\\Filesystem::Illuminate\\Filesystem\\{closure}()
#4 /home/crm/Ariyagostar/vendor/laravel/framework/src/Illuminate/View/Engines/PhpEngine.php(58): Illuminate\\Filesystem\\Filesystem->getRequire('/home/crm/Ariya...', Array)
#5 /home/crm/Ariyagostar/vendor/laravel/framework/src/Illuminate/View/Engines/CompilerEngine.php(72): Illuminate\\View\\Engines\\PhpEngine->evaluatePath('/home/crm/Ariya...', Array)
#6 /home/crm/Ariyagostar/vendor/laravel/framework/src/Illuminate/View/View.php(207): Illuminate\\View\\Engines\\CompilerEngine->get('/home/crm/Ariya...', Array)
#7 /home/crm/Ariyagostar/vendor/laravel/framework/src/Illuminate/View/View.php(190): Illuminate\\View\\View->getContents()
#8 /home/crm/Ariyagostar/vendor/laravel/framework/src/Illuminate/View/View.php(159): Illuminate\\View\\View->renderContents()
#9 /home/crm/Ariyagostar/storage/framework/views/2887bfc6558339ab1cb958f24032a521.php(6): Illuminate\\View\\View->render()
#10 /home/crm/Ariyagostar/vendor/laravel/framework/src/Illuminate/Filesystem/Filesystem.php(123): require('/home/crm/Ariya...')
#11 /home/crm/Ariyagostar/vendor/laravel/framework/src/Illuminate/Filesystem/Filesystem.php(124): Illuminate\\Filesystem\\Filesystem::Illuminate\\Filesystem\\{closure}()
#12 /home/crm/Ariyagostar/vendor/laravel/framework/src/Illuminate/View/Engines/PhpEngine.php(58): Illuminate\\Filesystem\\Filesystem->getRequire('/home/crm/Ariya...', Array)
#13 /home/crm/Ariyagostar/vendor/laravel/framework/src/Illuminate/View/Engines/CompilerEngine.php(72): Illuminate\\View\\Engines\\PhpEngine->evaluatePath('/home/crm/Ariya...', Array)
#14 /home/crm/Ariyagostar/vendor/laravel/framework/src/Illuminate/View/View.php(207): Illuminate\\View\\Engines\\CompilerEngine->get('/home/crm/Ariya...', Array)
#15 /home/crm/Ariyagostar/vendor/laravel/framework/src/Illuminate/View/View.php(190): Illuminate\\View\\View->getContents()
#16 /home/crm/Ariyagostar/vendor/laravel/framework/src/Illuminate/View/View.php(159): Illuminate\\View\\View->renderContents()
#17 /home/crm/Ariyagostar/storage/framework/views/20483f08a8a35db701f22f3b4c0dcf09.php(34): Illuminate\\View\\View->render()
#18 /home/crm/Ariyagostar/vendor/laravel/framework/src/Illuminate/Filesystem/Filesystem.php(123): require('/home/crm/Ariya...')
#19 /home/crm/Ariyagostar/vendor/laravel/framework/src/Illuminate/Filesystem/Filesystem.php(124): Illuminate\\Filesystem\\Filesystem::Illuminate\\Filesystem\\{closure}()
#20 /home/crm/Ariyagostar/vendor/laravel/framework/src/Illuminate/View/Engines/PhpEngine.php(58): Illuminate\\Filesystem\\Filesystem->getRequire('/home/crm/Ariya...', Array)
#21 /home/crm/Ariyagostar/vendor/laravel/framework/src/Illuminate/View/Engines/CompilerEngine.php(72): Illuminate\\View\\Engines\\PhpEngine->evaluatePath('/home/crm/Ariya...', Array)
#22 /home/crm/Ariyagostar/vendor/laravel/framework/src/Illuminate/View/View.php(207): Illuminate\\View\\Engines\\CompilerEngine->get('/home/crm/Ariya...', Array)
#23 /home/crm/Ariyagostar/vendor/laravel/framework/src/Illuminate/View/View.php(190): Illuminate\\View\\View->getContents()
#24 /home/crm/Ariyagostar/vendor/laravel/framework/src/Illuminate/View/View.php(159): Illuminate\\View\\View->renderContents()
#25 /home/crm/Ariyagostar/vendor/laravel/framework/src/Illuminate/Http/Response.php(69): Illuminate\\View\\View->render()
#26 /home/crm/Ariyagostar/vendor/laravel/framework/src/Illuminate/Http/Response.php(35): Illuminate\\Http\\Response->setContent(Object(Illuminate\\View\\View))
#27 /home/crm/Ariyagostar/vendor/laravel/framework/src/Illuminate/Routing/ResponseFactory.php(58): Illuminate\\Http\\Response->__construct(Object(Illuminate\\View\\View), 500, Array)
#28 /home/crm/Ariyagostar/vendor/laravel/framework/src/Illuminate/Routing/ResponseFactory.php(88): Illuminate\\Routing\\ResponseFactory->make(Object(Illuminate\\View\\View), 500, Array)
#29 /home/crm/Ariyagostar/vendor/laravel/framework/src/Illuminate/Foundation/Exceptions/Handler.php(723): Illuminate\\Routing\\ResponseFactory->view('errors::500', Array, 500, Array)
#30 /home/crm/Ariyagostar/vendor/laravel/framework/src/Illuminate/Foundation/Exceptions/Handler.php(650): Illuminate\\Foundation\\Exceptions\\Handler->renderHttpException(Object(Symfony\\Component\\HttpKernel\\Exception\\HttpException))
#31 /home/crm/Ariyagostar/vendor/laravel/framework/src/Illuminate/Foundation/Exceptions/Handler.php(556): Illuminate\\Foundation\\Exceptions\\Handler->prepareResponse(Object(Illuminate\\Http\\Request), Object(Symfony\\Component\\HttpKernel\\Exception\\HttpException))
#32 /home/crm/Ariyagostar/vendor/laravel/framework/src/Illuminate/Foundation/Exceptions/Handler.php(473): Illuminate\\Foundation\\Exceptions\\Handler->renderExceptionResponse(Object(Illuminate\\Http\\Request), Object(Illuminate\\Database\\QueryException))
#33 /home/crm/Ariyagostar/app/Exceptions/Handler.php(134): Illuminate\\Foundation\\Exceptions\\Handler->render(Object(Illuminate\\Http\\Request), Object(Illuminate\\Database\\QueryException))
#34 /home/crm/Ariyagostar/vendor/laravel/framework/src/Illuminate/Foundation/Http/Kernel.php(509): App\\Exceptions\\Handler->render(Object(Illuminate\\Http\\Request), Object(Illuminate\\Database\\QueryException))
#35 /home/crm/Ariyagostar/vendor/laravel/framework/src/Illuminate/Foundation/Http/Kernel.php(148): Illuminate\\Foundation\\Http\\Kernel->renderException(Object(Illuminate\\Http\\Request), Object(Illuminate\\Database\\QueryException))
#36 /home/crm/new.ariyajanebi.ir/index.php(52): Illuminate\\Foundation\\Http\\Kernel->handle(Object(Illuminate\\Http\\Request))
#37 {main}
"} 
[2026-07-23 10:04:50] local.ERROR: SQLSTATE[HY000] [1045] Access denied for user 'root'@'localhost' (using password: NO) (Connection: mysql, SQL: select * from `permissions` where `active` = 1) {"exception":"[object] (Illuminate\\Database\\QueryException(code: 1045): SQLSTATE[HY000] [1045] Access denied for user 'root'@'localhost' (using password: NO) (Connection: mysql, SQL: select * from `permissions` where `active` = 1) at /home/crm/Ariyagostar/vendor/laravel/framework/src/Illuminate/Database/Connection.php:829)
[stacktrace]
#0 /home/crm/Ariyagostar/vendor/laravel/framework/src/Illuminate/Database/Connection.php(783): Illuminate\\Database\\Connection->runQueryCallback('select * from `...', Array, Object(Closure))
#1 /home/crm/Ariyagostar/vendor/laravel/framework/src/Illuminate/Database/Connection.php(414): Illuminate\\Database\\Connection->run('select * from `...', Array, Object(Closure))
#2 /home/crm/Ariyagostar/vendor/laravel/framework/src/Illuminate/Database/Query/Builder.php(2913): Illuminate\\Database\\Connection->select('select * from `...', Array, true)
#3 /home/crm/Ariyagostar/vendor/laravel/framework/src/Illuminate/Database/Query/Builder.php(2902): Illuminate\\Database\\Query\\Builder->runSelect()
#4 /home/crm/Ariyagostar/vendor/laravel/framework/src/Illuminate/Database/Query/Builder.php(3456): Illuminate\\Database\\Query\\Builder->Illuminate\\Database\\Query\\{closure}()
#5 /home/crm/Ariyagostar/vendor/laravel/framework/src/Illuminate/Database/Query/Builder.php(2901): Illuminate\\Database\\Query\\Builder->onceWithColumns(Array, Object(Closure))
#6 /home/crm/Ariyagostar/vendor/laravel/framework/src/Illuminate/Database/Eloquent/Builder.php(739): Illuminate\\Database\\Query\\Builder->get(Array)
#7 /home/crm/Ariyagostar/vendor/laravel/framework/src/Illuminate/Database/Eloquent/Builder.php(723): Illuminate\\Database\\Eloquent\\Builder->getModels(Array)
#8 /home/crm/Ariyagostar/app/Providers/AuthServiceProvider.php(40): Illuminate\\Database\\Eloquent\\Builder->get()
#9 /home/crm/Ariyagostar/app/Providers/AuthServiceProvider.php(30): App\\Providers\\AuthServiceProvider->getPermissions()
#10 /home/crm/Ariyagostar/vendor/laravel/framework/src/Illuminate/Container/BoundMethod.php(36): App\\Providers\\AuthServiceProvider->boot()
#11 /home/crm/Ariyagostar/vendor/laravel/framework/src/Illuminate/Container/Util.php(41): Illuminate\\Container\\BoundMethod::Illuminate\\Container\\{closure}()
#12 /home/crm/Ariyagostar/vendor/laravel/framework/src/Illuminate/Container/BoundMethod.php(93): Illuminate\\Container\\Util::unwrapIfClosure(Object(Closure))
#13 /home/crm/Ariyagostar/vendor/laravel/framework/src/Illuminate/Container/BoundMethod.php(35): Illuminate\\Container\\BoundMethod::callBoundMethod(Object(Illuminate\\Foundation\\Application), Array, Object(Closure))
#14 /home/crm/Ariyagostar/vendor/laravel/framework/src/Illuminate/Container/Container.php(662): Illuminate\\Container\\BoundMethod::call(Object(Illuminate\\Foundation\\Application), Array, Array, NULL)
#15 /home/crm/Ariyagostar/vendor/laravel/framework/src/Illuminate/Foundation/Application.php(1059): Illuminate\\Container\\Container->call(Array)
#16 /home/crm/Ariyagostar/vendor/laravel/framework/src/Illuminate/Foundation/Application.php(1040): Illuminate\\Foundation\\Application->bootProvider(Object(App\\Providers\\AuthServiceProvider))
#17 [internal function]: Illuminate\\Foundation\\Application->Illuminate\\Foundation\\{closure}(Object(App\\Providers\\AuthServiceProvider), 43)
#18 /home/crm/Ariyagostar/vendor/laravel/framework/src/Illuminate/Foundation/Application.php(1039): array_walk(Array, Object(Closure))
#19 /home/crm/Ariyagostar/vendor/laravel/framework/src/Illuminate/Foundation/Bootstrap/BootProviders.php(17): Illuminate\\Foundation\\Application->boot()
#20 /home/crm/Ariyagostar/vendor/laravel/framework/src/Illuminate/Foundation/Application.php(286): Illuminate\\Foundation\\Bootstrap\\BootProviders->bootstrap(Object(Illuminate\\Foundation\\Application))
#21 /home/crm/Ariyagostar/vendor/laravel/framework/src/Illuminate/Foundation/Http/Kernel.php(186): Illuminate\\Foundation\\Application->bootstrapWith(Array)
#22 /home/crm/Ariyagostar/vendor/laravel/framework/src/Illuminate/Foundation/Http/Kernel.php(170): Illuminate\\Foundation\\Http\\Kernel->bootstrap()
#23 /home/crm/Ariyagostar/vendor/laravel/framework/src/Illuminate/Foundation/Http/Kernel.php(144): Illuminate\\Foundation\\Http\\Kernel->sendRequestThroughRouter(Object(Illuminate\\Http\\Request))
#24 /home/crm/new.ariyajanebi.ir/index.php(52): Illuminate\\Foundation\\Http\\Kernel->handle(Object(Illuminate\\Http\\Request))
#25 {main}

[previous exception] [object] (PDOException(code: 1045): SQLSTATE[HY000] [1045] Access denied for user 'root'@'localhost' (using password: NO) at /home/crm/Ariyagostar/vendor/laravel/framework/src/Illuminate/Database/Connectors/Connector.php:65)
[stacktrace]
#0 /home/crm/Ariyagostar/vendor/laravel/framework/src/Illuminate/Database/Connectors/Connector.php(65): PDO->__construct('mysql:host=127....', 'root', Object(SensitiveParameterValue), Array)
#1 /home/crm/Ariyagostar/vendor/laravel/framework/src/Illuminate/Database/Connectors/Connector.php(44): Illuminate\\Database\\Connectors\\Connector->createPdoConnection('mysql:host=127....', 'root', '', Array)
#2 /home/crm/Ariyagostar/vendor/laravel/framework/src/Illuminate/Database/Connectors/MySqlConnector.php(24): Illuminate\\Database\\Connectors\\Connector->createConnection('mysql:host=127....', Array, Array)
#3 /home/crm/Ariyagostar/vendor/laravel/framework/src/Illuminate/Database/Connectors/ConnectionFactory.php(184): Illuminate\\Database\\Connectors\\MySqlConnector->connect(Array)
#4 [internal function]: Illuminate\\Database\\Connectors\\ConnectionFactory->Illuminate\\Database\\Connectors\\{closure}()
#5 /home/crm/Ariyagostar/vendor/laravel/framework/src/Illuminate/Database/Connection.php(1339): call_user_func(Object(Closure))
#6 /home/crm/Ariyagostar/vendor/laravel/framework/src/Illuminate/Database/Connection.php(1375): Illuminate\\Database\\Connection->getPdo()
#7 /home/crm/Ariyagostar/vendor/laravel/framework/src/Illuminate/Database/Connection.php(528): Illuminate\\Database\\Connection->getReadPdo()
#8 /home/crm/Ariyagostar/vendor/laravel/framework/src/Illuminate/Database/Connection.php(423): Illuminate\\Database\\Connection->getPdoForSelect(true)
#9 /home/crm/Ariyagostar/vendor/laravel/framework/src/Illuminate/Database/Connection.php(816): Illuminate\\Database\\Connection->Illuminate\\Database\\{closure}('select * from `...', Array)
#10 /home/crm/Ariyagostar/vendor/laravel/framework/src/Illuminate/Database/Connection.php(783): Illuminate\\Database\\Connection->runQueryCallback('select * from `...', Array, Object(Closure))
#11 /home/crm/Ariyagostar/vendor/laravel/framework/src/Illuminate/Database/Connection.php(414): Illuminate\\Database\\Connection->run('select * from `...', Array, Object(Closure))
#12 /home/crm/Ariyagostar/vendor/laravel/framework/src/Illuminate/Database/Query/Builder.php(2913): Illuminate\\Database\\Connection->select('select * from `...', Array, true)
#13 /home/crm/Ariyagostar/vendor/laravel/framework/src/Illuminate/Database/Query/Builder.php(2902): Illuminate\\Database\\Query\\Builder->runSelect()
#14 /home/crm/Ariyagostar/vendor/laravel/framework/src/Illuminate/Database/Query/Builder.php(3456): Illuminate\\Database\\Query\\Builder->Illuminate\\Database\\Query\\{closure}()
#15 /home/crm/Ariyagostar/vendor/laravel/framework/src/Illuminate/Database/Query/Builder.php(2901): Illuminate\\Database\\Query\\Builder->onceWithColumns(Array, Object(Closure))
#16 /home/crm/Ariyagostar/vendor/laravel/framework/src/Illuminate/Database/Eloquent/Builder.php(739): Illuminate\\Database\\Query\\Builder->get(Array)
#17 /home/crm/Ariyagostar/vendor/laravel/framework/src/Illuminate/Database/Eloquent/Builder.php(723): Illuminate\\Database\\Eloquent\\Builder->getModels(Array)
#18 /home/crm/Ariyagostar/app/Providers/AuthServiceProvider.php(40): Illuminate\\Database\\Eloquent\\Builder->get()
#19 /home/crm/Ariyagostar/app/Providers/AuthServiceProvider.php(30): App\\Providers\\AuthServiceProvider->getPermissions()
#20 /home/crm/Ariyagostar/vendor/laravel/framework/src/Illuminate/Container/BoundMethod.php(36): App\\Providers\\AuthServiceProvider->boot()
#21 /home/crm/Ariyagostar/vendor/laravel/framework/src/Illuminate/Container/Util.php(41): Illuminate\\Container\\BoundMethod::Illuminate\\Container\\{closure}()
#22 /home/crm/Ariyagostar/vendor/laravel/framework/src/Illuminate/Container/BoundMethod.php(93): Illuminate\\Container\\Util::unwrapIfClosure(Object(Closure))
#23 /home/crm/Ariyagostar/vendor/laravel/framework/src/Illuminate/Container/BoundMethod.php(35): Illuminate\\Container\\BoundMethod::callBoundMethod(Object(Illuminate\\Foundation\\Application), Array, Object(Closure))
#24 /home/crm/Ariyagostar/vendor/laravel/framework/src/Illuminate/Container/Container.php(662): Illuminate\\Container\\BoundMethod::call(Object(Illuminate\\Foundation\\Application), Array, Array, NULL)
#25 /home/crm/Ariyagostar/vendor/laravel/framework/src/Illuminate/Foundation/Application.php(1059): Illuminate\\Container\\Container->call(Array)
#26 /home/crm/Ariyagostar/vendor/laravel/framework/src/Illuminate/Foundation/Application.php(1040): Illuminate\\Foundation\\Application->bootProvider(Object(App\\Providers\\AuthServiceProvider))
#27 [internal function]: Illuminate\\Foundation\\Application->Illuminate\\Foundation\\{closure}(Object(App\\Providers\\AuthServiceProvider), 43)
#28 /home/crm/Ariyagostar/vendor/laravel/framework/src/Illuminate/Foundation/Application.php(1039): array_walk(Array, Object(Closure))
#29 /home/crm/Ariyagostar/vendor/laravel/framework/src/Illuminate/Foundation/Bootstrap/BootProviders.php(17): Illuminate\\Foundation\\Application->boot()
#30 /home/crm/Ariyagostar/vendor/laravel/framework/src/Illuminate/Foundation/Application.php(286): Illuminate\\Foundation\\Bootstrap\\BootProviders->bootstrap(Object(Illuminate\\Foundation\\Application))
#31 /home/crm/Ariyagostar/vendor/laravel/framework/src/Illuminate/Foundation/Http/Kernel.php(186): Illuminate\\Foundation\\Application->bootstrapWith(Array)
#32 /home/crm/Ariyagostar/vendor/laravel/framework/src/Illuminate/Foundation/Http/Kernel.php(170): Illuminate\\Foundation\\Http\\Kernel->bootstrap()
#33 /home/crm/Ariyagostar/vendor/laravel/framework/src/Illuminate/Foundation/Http/Kernel.php(144): Illuminate\\Foundation\\Http\\Kernel->sendRequestThroughRouter(Object(Illuminate\\Http\\Request))
#34 /home/crm/new.ariyajanebi.ir/index.php(52): Illuminate\\Foundation\\Http\\Kernel->handle(Object(Illuminate\\Http\\Request))
#35 {main}
"} 
[2026-07-23 10:04:50] local.ERROR: Route [csrf] not defined. {"view":{"view":"/home/crm/Ariyagostar/resources/views/back/partials/meta.blade.php","data":{"errors":"<pre class=sf-dump id=sf-dump-499685011 data-indent-pad=\"  \"><span class=sf-dump-note>Illuminate\\Support\\ViewErrorBag</span> {<a class=sf-dump-ref>#1163</a><samp data-depth=1 class=sf-dump-expanded>
  #<span class=sf-dump-protected title=\"Protected property\">bags</span>: []
</samp>}
</pre><script>Sfdump(\"sf-dump-499685011\", {\"maxDepth\":3,\"maxStringLength\":160})</script>
","exception":"<pre class=sf-dump id=sf-dump-908705751 data-indent-pad=\"  \"><span class=sf-dump-note>Symfony\\Component\\HttpKernel\\Exception\\HttpException</span> {<a class=sf-dump-ref>#1171</a><samp data-depth=1 class=sf-dump-expanded>
  #<span class=sf-dump-protected title=\"Protected property\">message</span>: \"<span class=sf-dump-str title=\"158 characters\">SQLSTATE[HY000] [1045] Access denied for user &#039;root&#039;@&#039;localhost&#039; (using password: NO) (Connection: mysql, SQL: select * from `permissions` where `active` = 1)</span>\"
  #<span class=sf-dump-protected title=\"Protected property\">code</span>: <span class=sf-dump-num>0</span>
  #<span class=sf-dump-protected title=\"Protected property\">file</span>: \"<span class=\"sf-dump-str sf-dump-ellipsization\" title=\"/home/crm/Ariyagostar/vendor/laravel/framework/src/Illuminate/Foundation/Exceptions/Handler.php
95 characters\"><span class=\"sf-dump-ellipsis sf-dump-ellipsis-path\">/home/crm/Ariyagostar/vendor</span><span class=\"sf-dump-ellipsis sf-dump-ellipsis-path\">/laravel/framework/</span><span class=\"sf-dump-ellipsis-tail\">src/Illuminate/Foundation/Exceptions/Handler.php</span></span>\"
  #<span class=sf-dump-protected title=\"Protected property\">line</span>: <span class=sf-dump-num>646</span>
  -<span class=sf-dump-private title=\"Private property defined in class:&#10;`Exception`\">previous</span>: <span class=\"sf-dump-note sf-dump-ellipsization\" title=\"Illuminate\\Database\\QueryException
\"><span class=\"sf-dump-ellipsis sf-dump-ellipsis-note\">Illuminate\\Database</span><span class=\"sf-dump-ellipsis sf-dump-ellipsis-note\">\\</span><span class=\"sf-dump-ellipsis-tail\">QueryException</span></span> {<a class=sf-dump-ref href=#sf-dump-908705751-ref21134 title=\"6 occurrences\">#1134</a><samp data-depth=2 id=sf-dump-908705751-ref21134 class=sf-dump-compact>
    #<span class=sf-dump-protected title=\"Protected property\">message</span>: \"<span class=sf-dump-str title=\"158 characters\">SQLSTATE[HY000] [1045] Access denied for user &#039;root&#039;@&#039;localhost&#039; (using password: NO) (Connection: mysql, SQL: select * from `permissions` where `active` = 1)</span>\"
    #<span class=sf-dump-protected title=\"Protected property\">code</span>: <span class=sf-dump-num>1045</span>
    #<span class=sf-dump-protected title=\"Protected property\">file</span>: \"<span class=\"sf-dump-str sf-dump-ellipsization\" title=\"/home/crm/Ariyagostar/vendor/laravel/framework/src/Illuminate/Database/Connection.php
85 characters\"><span class=\"sf-dump-ellipsis sf-dump-ellipsis-path\">/home/crm/Ariyagostar/vendor</span><span class=\"sf-dump-ellipsis sf-dump-ellipsis-path\">/laravel/framework/</span><span class=\"sf-dump-ellipsis-tail\">src/Illuminate/Database/Connection.php</span></span>\"
    #<span class=sf-dump-protected title=\"Protected property\">line</span>: <span class=sf-dump-num>829</span>
    -<span class=sf-dump-private title=\"Private property defined in class:&#10;`Exception`\">previous</span>: <span class=sf-dump-note>PDOException</span> {<a class=sf-dump-ref>#1138</a><samp data-depth=3 class=sf-dump-compact>
      #<span class=sf-dump-protected title=\"Protected property\">message</span>: \"<span class=sf-dump-str title=\"85 characters\">SQLSTATE[HY000] [1045] Access denied for user &#039;root&#039;@&#039;localhost&#039; (using password: NO)</span>\"
      #<span class=sf-dump-protected title=\"Protected property\">code</span>: <span class=sf-dump-num>1045</span>
      #<span class=sf-dump-protected title=\"Protected property\">file</span>: \"<span class=\"sf-dump-str sf-dump-ellipsization\" title=\"/home/crm/Ariyagostar/vendor/laravel/framework/src/Illuminate/Database/Connectors/Connector.php
95 characters\"><span class=\"sf-dump-ellipsis sf-dump-ellipsis-path\">/home/crm/Ariyagostar/vendor</span><span class=\"sf-dump-ellipsis sf-dump-ellipsis-path\">/laravel/framework/</span><span class=\"sf-dump-ellipsis-tail\">src/Illuminate/Database/Connectors/Connector.php</span></span>\"
      #<span class=sf-dump-protected title=\"Protected property\">line</span>: <span class=sf-dump-num>65</span>
      +<span class=sf-dump-public title=\"Public property\">errorInfo</span>: <span class=sf-dump-note>array:3</span> [ &#8230;3]
      <span class=sf-dump-meta>trace</span>: { &#8230;35}
    </samp>}
    +<span class=sf-dump-public title=\"Public property\">errorInfo</span>: <span class=sf-dump-note>array:3</span> [<samp data-depth=3 class=sf-dump-compact>
      <span class=sf-dump-index>0</span> => \"<span class=sf-dump-str title=\"5 characters\">HY000</span>\"
      <span class=sf-dump-index>1</span> => <span class=sf-dump-num>1045</span>
      <span class=sf-dump-index>2</span> => \"<span class=sf-dump-str title=\"62 characters\">Access denied for user &#039;root&#039;@&#039;localhost&#039; (using password: NO)</span>\"
    </samp>]
    +<span class=sf-dump-public title=\"Public property\">connectionName</span>: \"<span class=sf-dump-str title=\"5 characters\">mysql</span>\"
    #<span class=sf-dump-protected title=\"Protected property\">sql</span>: \"<span class=sf-dump-str title=\"46 characters\">select * from `permissions` where `active` = ?</span>\"
    #<span class=sf-dump-protected title=\"Protected property\">bindings</span>: <span class=sf-dump-note>array:1</span> [<samp data-depth=3 class=sf-dump-compact>
      <span class=sf-dump-index>0</span> => <span class=sf-dump-num>1</span>
    </samp>]
    <span class=sf-dump-meta>trace</span>: {<samp data-depth=3 class=sf-dump-compact>
      <span class=\"sf-dump-meta sf-dump-ellipsization\" title=\"/home/crm/Ariyagostar/vendor/laravel/framework/src/Illuminate/Database/Connection.php:829
Stack level 26.\"><span class=\"sf-dump-ellipsis sf-dump-ellipsis-path\">/home/crm/Ariyagostar/vendor</span><span class=\"sf-dump-ellipsis sf-dump-ellipsis-path\">/laravel/framework/</span><span class=\"sf-dump-ellipsis-tail\">src/Illuminate/Database/Connection.php:829</span></span> { &#8230;4}
      <span class=\"sf-dump-meta sf-dump-ellipsization\" title=\"/home/crm/Ariyagostar/vendor/laravel/framework/src/Illuminate/Database/Connection.php:783
Stack level 25.\"><span class=\"sf-dump-ellipsis sf-dump-ellipsis-path\">/home/crm/Ariyagostar/vendor</span><span class=\"sf-dump-ellipsis sf-dump-ellipsis-path\">/laravel/framework/</span><span class=\"sf-dump-ellipsis-tail\">src/Illuminate/Database/Connection.php:783</span></span> { &#8230;5}
      <span class=\"sf-dump-meta sf-dump-ellipsization\" title=\"/home/crm/Ariyagostar/vendor/laravel/framework/src/Illuminate/Database/Connection.php:414
Stack level 24.\"><span class=\"sf-dump-ellipsis sf-dump-ellipsis-path\">/home/crm/Ariyagostar/vendor</span><span class=\"sf-dump-ellipsis sf-dump-ellipsis-path\">/laravel/framework/</span><span class=\"sf-dump-ellipsis-tail\">src/Illuminate/Database/Connection.php:414</span></span> { &#8230;5}
      <span class=\"sf-dump-meta sf-dump-ellipsization\" title=\"/home/crm/Ariyagostar/vendor/laravel/framework/src/Illuminate/Database/Query/Builder.php:2913
Stack level 23.\"><span class=\"sf-dump-ellipsis sf-dump-ellipsis-path\">/home/crm/Ariyagostar/vendor</span><span class=\"sf-dump-ellipsis sf-dump-ellipsis-path\">/laravel/framework/</span><span class=\"sf-dump-ellipsis-tail\">src/Illuminate/Database/Query/Builder.php:2913</span></span> { &#8230;5}
      <span class=\"sf-dump-meta sf-dump-ellipsization\" title=\"/home/crm/Ariyagostar/vendor/laravel/framework/src/Illuminate/Database/Query/Builder.php:2902
Stack level 22.\"><span class=\"sf-dump-ellipsis sf-dump-ellipsis-path\">/home/crm/Ariyagostar/vendor</span><span class=\"sf-dump-ellipsis sf-dump-ellipsis-path\">/laravel/framework/</span><span class=\"sf-dump-ellipsis-tail\">src/Illuminate/Database/Query/Builder.php:2902</span></span> { &#8230;4}
      <span class=\"sf-dump-meta sf-dump-ellipsization\" title=\"/home/crm/Ariyagostar/vendor/laravel/framework/src/Illuminate/Database/Query/Builder.php:3456
Stack level 21.\"><span class=\"sf-dump-ellipsis sf-dump-ellipsis-path\">/home/crm/Ariyagostar/vendor</span><span class=\"sf-dump-ellipsis sf-dump-ellipsis-path\">/laravel/framework/</span><span class=\"sf-dump-ellipsis-tail\">src/Illuminate/Database/Query/Builder.php:3456</span></span> { &#8230;4}
      <span class=\"sf-dump-meta sf-dump-ellipsization\" title=\"/home/crm/Ariyagostar/vendor/laravel/framework/src/Illuminate/Database/Query/Builder.php:2901
Stack level 20.\"><span class=\"sf-dump-ellipsis sf-dump-ellipsis-path\">/home/crm/Ariyagostar/vendor</span><span class=\"sf-dump-ellipsis sf-dump-ellipsis-path\">/laravel/framework/</span><span class=\"sf-dump-ellipsis-tail\">src/Illuminate/Database/Query/Builder.php:2901</span></span> { &#8230;5}
      <span class=\"sf-dump-meta sf-dump-ellipsization\" title=\"/home/crm/Ariyagostar/vendor/laravel/framework/src/Illuminate/Database/Eloquent/Builder.php:739
Stack level 19.\"><span class=\"sf-dump-ellipsis sf-dump-ellipsis-path\">/home/crm/Ariyagostar/vendor</span><span class=\"sf-dump-ellipsis sf-dump-ellipsis-path\">/laravel/framework/</span><span class=\"sf-dump-ellipsis-tail\">src/Illuminate/Database/Eloquent/Builder.php:739</span></span> { &#8230;5}
      <span class=\"sf-dump-meta sf-dump-ellipsization\" title=\"/home/crm/Ariyagostar/vendor/laravel/framework/src/Illuminate/Database/Eloquent/Builder.php:723
Stack level 18.\"><span class=\"sf-dump-ellipsis sf-dump-ellipsis-path\">/home/crm/Ariyagostar/vendor</span><span class=\"sf-dump-ellipsis sf-dump-ellipsis-path\">/laravel/framework/</span><span class=\"sf-dump-ellipsis-tail\">src/Illuminate/Database/Eloquent/Builder.php:723</span></span> { &#8230;5}
      <span class=\"sf-dump-meta sf-dump-ellipsization\" title=\"/home/crm/Ariyagostar/app/Providers/AuthServiceProvider.php:40
Stack level 17.\"><span class=\"sf-dump-ellipsis sf-dump-ellipsis-path\">/home/crm/Ariyagostar</span><span class=\"sf-dump-ellipsis sf-dump-ellipsis-path\">/</span><span class=\"sf-dump-ellipsis-tail\">app/Providers/AuthServiceProvider.php:40</span></span> { &#8230;4}
      <span class=\"sf-dump-meta sf-dump-ellipsization\" title=\"/home/crm/Ariyagostar/app/Providers/AuthServiceProvider.php:30
Stack level 16.\"><span class=\"sf-dump-ellipsis sf-dump-ellipsis-path\">/home/crm/Ariyagostar</span><span class=\"sf-dump-ellipsis sf-dump-ellipsis-path\">/</span><span class=\"sf-dump-ellipsis-tail\">app/Providers/AuthServiceProvider.php:30</span></span> { &#8230;4}
      <span class=\"sf-dump-meta sf-dump-ellipsization\" title=\"/home/crm/Ariyagostar/vendor/laravel/framework/src/Illuminate/Container/BoundMethod.php:36
Stack level 15.\"><span class=\"sf-dump-ellipsis sf-dump-ellipsis-path\">/home/crm/Ariyagostar/vendor</span><span class=\"sf-dump-ellipsis sf-dump-ellipsis-path\">/laravel/framework/</span><span class=\"sf-dump-ellipsis-tail\">src/Illuminate/Container/BoundMethod.php:36</span></span> { &#8230;4}
      <span class=\"sf-dump-meta sf-dump-ellipsization\" title=\"/home/crm/Ariyagostar/vendor/laravel/framework/src/Illuminate/Container/Util.php:41
Stack level 14.\"><span class=\"sf-dump-ellipsis sf-dump-ellipsis-path\">/home/crm/Ariyagostar/vendor</span><span class=\"sf-dump-ellipsis sf-dump-ellipsis-path\">/laravel/framework/</span><span class=\"sf-dump-ellipsis-tail\">src/Illuminate/Container/Util.php:41</span></span> { &#8230;4}
      <span class=\"sf-dump-meta sf-dump-ellipsization\" title=\"/home/crm/Ariyagostar/vendor/laravel/framework/src/Illuminate/Container/BoundMethod.php:93
Stack level 13.\"><span class=\"sf-dump-ellipsis sf-dump-ellipsis-path\">/home/crm/Ariyagostar/vendor</span><span class=\"sf-dump-ellipsis sf-dump-ellipsis-path\">/laravel/framework/</span><span class=\"sf-dump-ellipsis-tail\">src/Illuminate/Container/BoundMethod.php:93</span></span> { &#8230;5}
      <span class=\"sf-dump-meta sf-dump-ellipsization\" title=\"/home/crm/Ariyagostar/vendor/laravel/framework/src/Illuminate/Container/BoundMethod.php:35
Stack level 12.\"><span class=\"sf-dump-ellipsis sf-dump-ellipsis-path\">/home/crm/Ariyagostar/vendor</span><span class=\"sf-dump-ellipsis sf-dump-ellipsis-path\">/laravel/framework/</span><span class=\"sf-dump-ellipsis-tail\">src/Illuminate/Container/BoundMethod.php:35</span></span> { &#8230;5}
      <span class=\"sf-dump-meta sf-dump-ellipsization\" title=\"/home/crm/Ariyagostar/vendor/laravel/framework/src/Illuminate/Container/Container.php:662
Stack level 11.\"><span class=\"sf-dump-ellipsis sf-dump-ellipsis-path\">/home/crm/Ariyagostar/vendor</span><span class=\"sf-dump-ellipsis sf-dump-ellipsis-path\">/laravel/framework/</span><span class=\"sf-dump-ellipsis-tail\">src/Illuminate/Container/Container.php:662</span></span> { &#8230;5}
      <span class=\"sf-dump-meta sf-dump-ellipsization\" title=\"/home/crm/Ariyagostar/vendor/laravel/framework/src/Illuminate/Foundation/Application.php:1059
Stack level 10.\"><span class=\"sf-dump-ellipsis sf-dump-ellipsis-path\">/home/crm/Ariyagostar/vendor</span><span class=\"sf-dump-ellipsis sf-dump-ellipsis-path\">/laravel/framework/</span><span class=\"sf-dump-ellipsis-tail\">src/Illuminate/Foundation/Application.php:1059</span></span> { &#8230;5}
      <span class=\"sf-dump-meta sf-dump-ellipsization\" title=\"/home/crm/Ariyagostar/vendor/laravel/framework/src/Illuminate/Foundation/Application.php:1040
Stack level 9.\"><span class=\"sf-dump-ellipsis sf-dump-ellipsis-path\">/home/crm/Ariyagostar/vendor</span><span class=\"sf-dump-ellipsis sf-dump-ellipsis-path\">/laravel/framework/</span><span class=\"sf-dump-ellipsis-tail\">src/Illuminate/Foundation/Application.php:1040</span></span> { &#8230;5}
      <span class=\"sf-dump-meta sf-dump-ellipsization\" title=\"Illuminate\\Foundation\\Application-&gt;Illuminate\\Foundation\\{closure}()
Stack level 8.\"><span class=\"sf-dump-ellipsis sf-dump-ellipsis-class\">Illuminate\\Foundation\\Application-&gt;Illuminate\\Foundation</span><span class=\"sf-dump-ellipsis sf-dump-ellipsis-class\">\\</span><span class=\"sf-dump-ellipsis-tail\">{closure}()</span></span> {}
      <span class=\"sf-dump-meta sf-dump-ellipsization\" title=\"/home/crm/Ariyagostar/vendor/laravel/framework/src/Illuminate/Foundation/Application.php:1039
Stack level 7.\"><span class=\"sf-dump-ellipsis sf-dump-ellipsis-path\">/home/crm/Ariyagostar/vendor</span><span class=\"sf-dump-ellipsis sf-dump-ellipsis-path\">/laravel/framework/</span><span class=\"sf-dump-ellipsis-tail\">src/Illuminate/Foundation/Application.php:1039</span></span> { &#8230;5}
      <span class=\"sf-dump-meta sf-dump-ellipsization\" title=\"/home/crm/Ariyagostar/vendor/laravel/framework/src/Illuminate/Foundation/Bootstrap/BootProviders.php:17
Stack level 6.\"><span class=\"sf-dump-ellipsis sf-dump-ellipsis-path\">/home/crm/Ariyagostar/vendor</span><span class=\"sf-dump-ellipsis sf-dump-ellipsis-path\">/laravel/framework/</span><span class=\"sf-dump-ellipsis-tail\">src/Illuminate/Foundation/Bootstrap/BootProviders.php:17</span></span> { &#8230;4}
      <span class=\"sf-dump-meta sf-dump-ellipsization\" title=\"/home/crm/Ariyagostar/vendor/laravel/framework/src/Illuminate/Foundation/Application.php:286
Stack level 5.\"><span class=\"sf-dump-ellipsis sf-dump-ellipsis-path\">/home/crm/Ariyagostar/vendor</span><span class=\"sf-dump-ellipsis sf-dump-ellipsis-path\">/laravel/framework/</span><span class=\"sf-dump-ellipsis-tail\">src/Illuminate/Foundation/Application.php:286</span></span> { &#8230;5}
      <span class=\"sf-dump-meta sf-dump-ellipsization\" title=\"/home/crm/Ariyagostar/vendor/laravel/framework/src/Illuminate/Foundation/Http/Kernel.php:186
Stack level 4.\"><span class=\"sf-dump-ellipsis sf-dump-ellipsis-path\">/home/crm/Ariyagostar/vendor</span><span class=\"sf-dump-ellipsis sf-dump-ellipsis-path\">/laravel/framework/</span><span class=\"sf-dump-ellipsis-tail\">src/Illuminate/Foundation/Http/Kernel.php:186</span></span> { &#8230;5}
      <span class=\"sf-dump-meta sf-dump-ellipsization\" title=\"/home/crm/Ariyagostar/vendor/laravel/framework/src/Illuminate/Foundation/Http/Kernel.php:170
Stack level 3.\"><span class=\"sf-dump-ellipsis sf-dump-ellipsis-path\">/home/crm/Ariyagostar/vendor</span><span class=\"sf-dump-ellipsis sf-dump-ellipsis-path\">/laravel/framework/</span><span class=\"sf-dump-ellipsis-tail\">src/Illuminate/Foundation/Http/Kernel.php:170</span></span> { &#8230;4}
      <span class=\"sf-dump-meta sf-dump-ellipsization\" title=\"/home/crm/Ariyagostar/vendor/laravel/framework/src/Illuminate/Foundation/Http/Kernel.php:144
Stack level 2.\"><span class=\"sf-dump-ellipsis sf-dump-ellipsis-path\">/home/crm/Ariyagostar/vendor</span><span class=\"sf-dump-ellipsis sf-dump-ellipsis-path\">/laravel/framework/</span><span class=\"sf-dump-ellipsis-tail\">src/Illuminate/Foundation/Http/Kernel.php:144</span></span> { &#8230;5}
      <span class=\"sf-dump-meta sf-dump-ellipsization\" title=\"/home/crm/new.ariyajanebi.ir/index.php:52
Stack level 1.\"><span class=\"sf-dump-ellipsis sf-dump-ellipsis-path\">/home/crm</span><span class=\"sf-dump-ellipsis sf-dump-ellipsis-path\">/</span><span class=\"sf-dump-ellipsis-tail\">new.ariyajanebi.ir/index.php:52</span></span> { &#8230;4}
    </samp>}
  </samp>}
  -<span class=sf-dump-private title=\"Private property defined in class:&#10;`Symfony\\Component\\HttpKernel\\Exception\\HttpException`\">statusCode</span>: <span class=sf-dump-num>500</span>
  -<span class=sf-dump-private title=\"Private property defined in class:&#10;`Symfony\\Component\\HttpKernel\\Exception\\HttpException`\">headers</span>: []
  <span class=sf-dump-meta>trace</span>: {<samp data-depth=2 class=sf-dump-compact>
    <span class=\"sf-dump-meta sf-dump-ellipsization\" title=\"/home/crm/Ariyagostar/vendor/laravel/framework/src/Illuminate/Foundation/Exceptions/Handler.php:646
Stack level 7.\"><span class=\"sf-dump-ellipsis sf-dump-ellipsis-path\">/home/crm/Ariyagostar/vendor</span><span class=\"sf-dump-ellipsis sf-dump-ellipsis-path\">/laravel/framework/</span><span class=\"sf-dump-ellipsis-tail\">src/Illuminate/Foundation/Exceptions/Handler.php:646</span></span> {<samp data-depth=3 class=sf-dump-compact>
      <span class=\"sf-dump-note sf-dump-ellipsization\" title=\"Illuminate\\Foundation\\Exceptions\\Handler-&gt;prepareResponse($request, Throwable $e)
\"><span class=\"sf-dump-ellipsis sf-dump-ellipsis-note\">Illuminate\\Foundation\\Exceptions</span><span class=\"sf-dump-ellipsis sf-dump-ellipsis-note\">\\</span><span class=\"sf-dump-ellipsis-tail\">Handler-&gt;prepareResponse($request, Throwable $e)</span></span> &#8230;
      &#8250; <code class=\"php\"><span class=sf-dump-default>if (! $this-&gt;isHttpException($e)) {</span></code>
      &#8250; <code class=\"php\"><span class=sf-dump-const title=\"in Illuminate\\Foundation\\Exceptions\\Handler-&gt;prepareResponse($request, Throwable $e)\">    $e = new HttpException(500, $e-&gt;getMessage(), $e);</span></code>
      &#8250; <code class=\"php\"><span class=sf-dump-default>}</span></code>
    </samp>}
    <span class=\"sf-dump-meta sf-dump-ellipsization\" title=\"/home/crm/Ariyagostar/vendor/laravel/framework/src/Illuminate/Foundation/Exceptions/Handler.php:556
Stack level 6.\"><span class=\"sf-dump-ellipsis sf-dump-ellipsis-path\">/home/crm/Ariyagostar/vendor</span><span class=\"sf-dump-ellipsis sf-dump-ellipsis-path\">/laravel/framework/</span><span class=\"sf-dump-ellipsis-tail\">src/Illuminate/Foundation/Exceptions/Handler.php:556</span></span> {<samp data-depth=3 class=sf-dump-compact>
      <span class=\"sf-dump-note sf-dump-ellipsization\" title=\"Illuminate\\Foundation\\Exceptions\\Handler-&gt;renderExceptionResponse($request, Throwable $e)
\"><span class=\"sf-dump-ellipsis sf-dump-ellipsis-note\">Illuminate\\Foundation\\Exceptions</span><span class=\"sf-dump-ellipsis sf-dump-ellipsis-note\">\\</span><span class=\"sf-dump-ellipsis-tail\">Handler-&gt;renderExceptionResponse($request, Throwable $e)</span></span> &#8230;
      &#8250; <code class=\"php\"><span class=sf-dump-default>                ? $this-&gt;prepareJsonResponse($request, $e)</span></code>
      &#8250; <code class=\"php\"><span class=sf-dump-const title=\"in Illuminate\\Foundation\\Exceptions\\Handler-&gt;renderExceptionResponse($request, Throwable $e)\">                : $this-&gt;prepareResponse($request, $e);</span></code>
      &#8250; <code class=\"php\"><span class=sf-dump-default>}</span></code>
      <span class=sf-dump-meta>arguments</span>: { &#8230;2}
    </samp>}
    <span class=\"sf-dump-meta sf-dump-ellipsization\" title=\"/home/crm/Ariyagostar/vendor/laravel/framework/src/Illuminate/Foundation/Exceptions/Handler.php:473
Stack level 5.\"><span class=\"sf-dump-ellipsis sf-dump-ellipsis-path\">/home/crm/Ariyagostar/vendor</span><span class=\"sf-dump-ellipsis sf-dump-ellipsis-path\">/laravel/framework/</span><span class=\"sf-dump-ellipsis-tail\">src/Illuminate/Foundation/Exceptions/Handler.php:473</span></span> {<samp data-depth=3 class=sf-dump-compact>
      <span class=\"sf-dump-note sf-dump-ellipsization\" title=\"Illuminate\\Foundation\\Exceptions\\Handler-&gt;render($request, Throwable $e)
\"><span class=\"sf-dump-ellipsis sf-dump-ellipsis-note\">Illuminate\\Foundation\\Exceptions</span><span class=\"sf-dump-ellipsis sf-dump-ellipsis-note\">\\</span><span class=\"sf-dump-ellipsis-tail\">Handler-&gt;render($request, Throwable $e)</span></span> &#8230;
      &#8250; <code class=\"php\"><span class=sf-dump-default>    $e instanceof ValidationException =&gt; $this-&gt;convertValidationExceptionToResponse($e, $request),</span></code>
      &#8250; <code class=\"php\"><span class=sf-dump-const title=\"in Illuminate\\Foundation\\Exceptions\\Handler-&gt;render($request, Throwable $e)\">    default =&gt; $this-&gt;renderExceptionResponse($request, $e),</span></code>
      &#8250; <code class=\"php\"><span class=sf-dump-default>};</span></code>
      <span class=sf-dump-meta>arguments</span>: { &#8230;2}
    </samp>}
    <span class=\"sf-dump-meta sf-dump-ellipsization\" title=\"/home/crm/Ariyagostar/app/Exceptions/Handler.php:134
Stack level 4.\"><span class=\"sf-dump-ellipsis sf-dump-ellipsis-path\">/home/crm/Ariyagostar</span><span class=\"sf-dump-ellipsis sf-dump-ellipsis-path\">/</span><span class=\"sf-dump-ellipsis-tail\">app/Exceptions/Handler.php:134</span></span> {<samp data-depth=3 class=sf-dump-compact>
      <span class=\"sf-dump-note sf-dump-ellipsization\" title=\"App\\Exceptions\\Handler-&gt;render($request, Throwable $exception)
\"><span class=\"sf-dump-ellipsis sf-dump-ellipsis-note\">App\\Exceptions</span><span class=\"sf-dump-ellipsis sf-dump-ellipsis-note\">\\</span><span class=\"sf-dump-ellipsis-tail\">Handler-&gt;render($request, Throwable $exception)</span></span> &#8230;
      &#8250; 
      &#8250; <code class=\"php\"><span class=sf-dump-const title=\"in App\\Exceptions\\Handler-&gt;render($request, Throwable $exception)\">    return parent::render($request, $exception);</span></code>
      &#8250; <code class=\"php\"><span class=sf-dump-default>}</span></code>
      <span class=sf-dump-meta>arguments</span>: { &#8230;2}
    </samp>}
    <span class=\"sf-dump-meta sf-dump-ellipsization\" title=\"/home/crm/Ariyagostar/vendor/laravel/framework/src/Illuminate/Foundation/Http/Kernel.php:509
Stack level 3.\"><span class=\"sf-dump-ellipsis sf-dump-ellipsis-path\">/home/crm/Ariyagostar/vendor</span><span class=\"sf-dump-ellipsis sf-dump-ellipsis-path\">/laravel/framework/</span><span class=\"sf-dump-ellipsis-tail\">src/Illuminate/Foundation/Http/Kernel.php:509</span></span> {<samp data-depth=3 class=sf-dump-compact>
      <span class=\"sf-dump-note sf-dump-ellipsization\" title=\"Illuminate\\Foundation\\Http\\Kernel-&gt;renderException($request, Throwable $e)
\"><span class=\"sf-dump-ellipsis sf-dump-ellipsis-note\">Illuminate\\Foundation\\Http</span><span class=\"sf-dump-ellipsis sf-dump-ellipsis-note\">\\</span><span class=\"sf-dump-ellipsis-tail\">Kernel-&gt;renderException($request, Throwable $e)</span></span> &#8230;
      &#8250; <code class=\"php\"><span class=sf-dump-default>{</span></code>
      &#8250; <code class=\"php\"><span class=sf-dump-const title=\"in Illuminate\\Foundation\\Http\\Kernel-&gt;renderException($request, Throwable $e)\">    return $this-&gt;app[ExceptionHandler::class]-&gt;render($request, $e);</span></code>
      &#8250; <code class=\"php\"><span class=sf-dump-default>}</span></code>
      <span class=sf-dump-meta>arguments</span>: { &#8230;2}
    </samp>}
    <span class=\"sf-dump-meta sf-dump-ellipsization\" title=\"/home/crm/Ariyagostar/vendor/laravel/framework/src/Illuminate/Foundation/Http/Kernel.php:148
Stack level 2.\"><span class=\"sf-dump-ellipsis sf-dump-ellipsis-path\">/home/crm/Ariyagostar/vendor</span><span class=\"sf-dump-ellipsis sf-dump-ellipsis-path\">/laravel/framework/</span><span class=\"sf-dump-ellipsis-tail\">src/Illuminate/Foundation/Http/Kernel.php:148</span></span> {<samp data-depth=3 class=sf-dump-compact>
      <span class=\"sf-dump-note sf-dump-ellipsization\" title=\"Illuminate\\Foundation\\Http\\Kernel-&gt;handle($request)
\"><span class=\"sf-dump-ellipsis sf-dump-ellipsis-note\">Illuminate\\Foundation\\Http</span><span class=\"sf-dump-ellipsis sf-dump-ellipsis-note\">\\</span><span class=\"sf-dump-ellipsis-tail\">Kernel-&gt;handle($request)</span></span> &#8230;
      &#8250; 
      &#8250; <code class=\"php\"><span class=sf-dump-const title=\"in Illuminate\\Foundation\\Http\\Kernel-&gt;handle($request)\">    $response = $this-&gt;renderException($request, $e);</span></code>
      &#8250; <code class=\"php\"><span class=sf-dump-default>}</span></code>
      <span class=sf-dump-meta>arguments</span>: { &#8230;2}
    </samp>}
    <span class=\"sf-dump-meta sf-dump-ellipsization\" title=\"/home/crm/new.ariyajanebi.ir/index.php:52
Stack level 1.\"><span class=\"sf-dump-ellipsis sf-dump-ellipsis-path\">/home/crm</span><span class=\"sf-dump-ellipsis sf-dump-ellipsis-path\">/</span><span class=\"sf-dump-ellipsis-tail\">new.ariyajanebi.ir/index.php:52</span></span> {<samp data-depth=3 class=sf-dump-compact>
      &#8250; <code class=\"php\"><span class=sf-dump-default><span class=\"sf-dump-default sf-dump-ns\">\\r</span></span></code>
      &#8250; <code class=\"php\"><span class=sf-dump-const>$response = tap($kernel-&gt;handle(<span class=\"sf-dump-default sf-dump-ns\">\\r</span></span></code>
      &#8250; <code class=\"php\"><span class=sf-dump-default>    $request = Request::capture()<span class=\"sf-dump-default sf-dump-ns\">\\r</span></span></code>
      <span class=sf-dump-meta>arguments</span>: { &#8230;1}
    </samp>}
  </samp>}
</samp>}
</pre><script>Sfdump(\"sf-dump-908705751\", {\"maxDepth\":3,\"maxStringLength\":160})</script>
","current_local":"<pre class=sf-dump id=sf-dump-2015326774 data-indent-pad=\"  \"><span class=sf-dump-note>array:3</span> [<samp data-depth=1 class=sf-dump-expanded>
  \"<span class=sf-dump-key>name</span>\" => \"<span class=sf-dump-str title=\"5 characters\">&#1601;&#1575;&#1585;&#1587;&#1740;</span>\"
  \"<span class=sf-dump-key>direction</span>\" => \"<span class=sf-dump-str title=\"3 characters\">rtl</span>\"
  \"<span class=sf-dump-key>english_name</span>\" => \"<span class=sf-dump-str title=\"7 characters\">Persian</span>\"
</samp>]
</pre><script>Sfdump(\"sf-dump-2015326774\", {\"maxDepth\":3,\"maxStringLength\":160})</script>
","title":"<pre class=sf-dump id=sf-dump-32546551 data-indent-pad=\"  \">\"<span class=sf-dump-str title=\"9 characters\">&#1582;&#1591;&#1575;&#1740; &#1587;&#1585;&#1608;&#1585;</span>\"
</pre><script>Sfdump(\"sf-dump-32546551\", {\"maxDepth\":3,\"maxStringLength\":160})</script>
"}},"exception":"[object] (Spatie\\LaravelIgnition\\Exceptions\\ViewException(code: 0): Route [csrf] not defined. at /home/crm/Ariyagostar/vendor/laravel/framework/src/Illuminate/Routing/UrlGenerator.php:477)
[stacktrace]
#0 /home/crm/Ariyagostar/bootstrap/functions.php(11): Illuminate\\Routing\\UrlGenerator->route('csrf', Array, true)
#1 /home/crm/Ariyagostar/resources/views/back/partials/meta.blade.php(12): route('csrf')
#2 /home/crm/Ariyagostar/vendor/laravel/framework/src/Illuminate/Filesystem/Filesystem.php(123): require('/home/crm/Ariya...')
#3 /home/crm/Ariyagostar/vendor/laravel/framework/src/Illuminate/Filesystem/Filesystem.php(124): Illuminate\\Filesystem\\Filesystem::Illuminate\\Filesystem\\{closure}()
#4 /home/crm/Ariyagostar/vendor/laravel/framework/src/Illuminate/View/Engines/PhpEngine.php(58): Illuminate\\Filesystem\\Filesystem->getRequire('/home/crm/Ariya...', Array)
#5 /home/crm/Ariyagostar/vendor/laravel/framework/src/Illuminate/View/Engines/CompilerEngine.php(72): Illuminate\\View\\Engines\\PhpEngine->evaluatePath('/home/crm/Ariya...', Array)
#6 /home/crm/Ariyagostar/vendor/laravel/framework/src/Illuminate/View/View.php(207): Illuminate\\View\\Engines\\CompilerEngine->get('/home/crm/Ariya...', Array)
#7 /home/crm/Ariyagostar/vendor/laravel/framework/src/Illuminate/View/View.php(190): Illuminate\\View\\View->getContents()
#8 /home/crm/Ariyagostar/vendor/laravel/framework/src/Illuminate/View/View.php(159): Illuminate\\View\\View->renderContents()
#9 /home/crm/Ariyagostar/resources/views/errors/layouts/master.blade.php(6): Illuminate\\View\\View->render()
#10 /home/crm/Ariyagostar/vendor/laravel/framework/src/Illuminate/Filesystem/Filesystem.php(123): require('/home/crm/Ariya...')
#11 /home/crm/Ariyagostar/vendor/laravel/framework/src/Illuminate/Filesystem/Filesystem.php(124): Illuminate\\Filesystem\\Filesystem::Illuminate\\Filesystem\\{closure}()
#12 /home/crm/Ariyagostar/vendor/laravel/framework/src/Illuminate/View/Engines/PhpEngine.php(58): Illuminate\\Filesystem\\Filesystem->getRequire('/home/crm/Ariya...', Array)
#13 /home/crm/Ariyagostar/vendor/laravel/framework/src/Illuminate/View/Engines/CompilerEngine.php(72): Illuminate\\View\\Engines\\PhpEngine->evaluatePath('/home/crm/Ariya...', Array)
#14 /home/crm/Ariyagostar/vendor/laravel/framework/src/Illuminate/View/View.php(207): Illuminate\\View\\Engines\\CompilerEngine->get('/home/crm/Ariya...', Array)
#15 /home/crm/Ariyagostar/vendor/laravel/framework/src/Illuminate/View/View.php(190): Illuminate\\View\\View->getContents()
#16 /home/crm/Ariyagostar/vendor/laravel/framework/src/Illuminate/View/View.php(159): Illuminate\\View\\View->renderContents()
#17 /home/crm/Ariyagostar/resources/views/errors/500.blade.php(34): Illuminate\\View\\View->render()
#18 /home/crm/Ariyagostar/vendor/laravel/framework/src/Illuminate/Filesystem/Filesystem.php(123): require('/home/crm/Ariya...')
#19 /home/crm/Ariyagostar/vendor/laravel/framework/src/Illuminate/Filesystem/Filesystem.php(124): Illuminate\\Filesystem\\Filesystem::Illuminate\\Filesystem\\{closure}()
#20 /home/crm/Ariyagostar/vendor/laravel/framework/src/Illuminate/View/Engines/PhpEngine.php(58): Illuminate\\Filesystem\\Filesystem->getRequire('/home/crm/Ariya...', Array)
#21 /home/crm/Ariyagostar/vendor/laravel/framework/src/Illuminate/View/Engines/CompilerEngine.php(72): Illuminate\\View\\Engines\\PhpEngine->evaluatePath('/home/crm/Ariya...', Array)
#22 /home/crm/Ariyagostar/vendor/laravel/framework/src/Illuminate/View/View.php(207): Illuminate\\View\\Engines\\CompilerEngine->get('/home/crm/Ariya...', Array)
#23 /home/crm/Ariyagostar/vendor/laravel/framework/src/Illuminate/View/View.php(190): Illuminate\\View\\View->getContents()
#24 /home/crm/Ariyagostar/vendor/laravel/framework/src/Illuminate/View/View.php(159): Illuminate\\View\\View->renderContents()
#25 /home/crm/Ariyagostar/vendor/laravel/framework/src/Illuminate/Http/Response.php(69): Illuminate\\View\\View->render()
#26 /home/crm/Ariyagostar/vendor/laravel/framework/src/Illuminate/Http/Response.php(35): Illuminate\\Http\\Response->setContent(Object(Illuminate\\View\\View))
#27 /home/crm/Ariyagostar/vendor/laravel/framework/src/Illuminate/Routing/ResponseFactory.php(58): Illuminate\\Http\\Response->__construct(Object(Illuminate\\View\\View), 500, Array)
#28 /home/crm/Ariyagostar/vendor/laravel/framework/src/Illuminate/Routing/ResponseFactory.php(88): Illuminate\\Routing\\ResponseFactory->make(Object(Illuminate\\View\\View), 500, Array)
#29 /home/crm/Ariyagostar/vendor/laravel/framework/src/Illuminate/Foundation/Exceptions/Handler.php(723): Illuminate\\Routing\\ResponseFactory->view('errors::500', Array, 500, Array)
#30 /home/crm/Ariyagostar/vendor/laravel/framework/src/Illuminate/Foundation/Exceptions/Handler.php(650): Illuminate\\Foundation\\Exceptions\\Handler->renderHttpException(Object(Symfony\\Component\\HttpKernel\\Exception\\HttpException))
#31 /home/crm/Ariyagostar/vendor/laravel/framework/src/Illuminate/Foundation/Exceptions/Handler.php(556): Illuminate\\Foundation\\Exceptions\\Handler->prepareResponse(Object(Illuminate\\Http\\Request), Object(Symfony\\Component\\HttpKernel\\Exception\\HttpException))
#32 /home/crm/Ariyagostar/vendor/laravel/framework/src/Illuminate/Foundation/Exceptions/Handler.php(473): Illuminate\\Foundation\\Exceptions\\Handler->renderExceptionResponse(Object(Illuminate\\Http\\Request), Object(Illuminate\\Database\\QueryException))
#33 /home/crm/Ariyagostar/app/Exceptions/Handler.php(134): Illuminate\\Foundation\\Exceptions\\Handler->render(Object(Illuminate\\Http\\Request), Object(Illuminate\\Database\\QueryException))
#34 /home/crm/Ariyagostar/vendor/laravel/framework/src/Illuminate/Foundation/Http/Kernel.php(509): App\\Exceptions\\Handler->render(Object(Illuminate\\Http\\Request), Object(Illuminate\\Database\\QueryException))
#35 /home/crm/Ariyagostar/vendor/laravel/framework/src/Illuminate/Foundation/Http/Kernel.php(148): Illuminate\\Foundation\\Http\\Kernel->renderException(Object(Illuminate\\Http\\Request), Object(Illuminate\\Database\\QueryException))
#36 /home/crm/new.ariyajanebi.ir/index.php(52): Illuminate\\Foundation\\Http\\Kernel->handle(Object(Illuminate\\Http\\Request))
#37 {main}

[previous exception] [object] (Symfony\\Component\\Routing\\Exception\\RouteNotFoundException(code: 0): Route [csrf] not defined. at /home/crm/Ariyagostar/vendor/laravel/framework/src/Illuminate/Routing/UrlGenerator.php:477)
[stacktrace]
#0 /home/crm/Ariyagostar/bootstrap/functions.php(11): Illuminate\\Routing\\UrlGenerator->route('csrf', Array, true)
#1 /home/crm/Ariyagostar/storage/framework/views/a548ae8b2f76e73dbd5e30505722720e.php(11): route('csrf')
#2 /home/crm/Ariyagostar/vendor/laravel/framework/src/Illuminate/Filesystem/Filesystem.php(123): require('/home/crm/Ariya...')
#3 /home/crm/Ariyagostar/vendor/laravel/framework/src/Illuminate/Filesystem/Filesystem.php(124): Illuminate\\Filesystem\\Filesystem::Illuminate\\Filesystem\\{closure}()
#4 /home/crm/Ariyagostar/vendor/laravel/framework/src/Illuminate/View/Engines/PhpEngine.php(58): Illuminate\\Filesystem\\Filesystem->getRequire('/home/crm/Ariya...', Array)
#5 /home/crm/Ariyagostar/vendor/laravel/framework/src/Illuminate/View/Engines/CompilerEngine.php(72): Illuminate\\View\\Engines\\PhpEngine->evaluatePath('/home/crm/Ariya...', Array)
#6 /home/crm/Ariyagostar/vendor/laravel/framework/src/Illuminate/View/View.php(207): Illuminate\\View\\Engines\\CompilerEngine->get('/home/crm/Ariya...', Array)
#7 /home/crm/Ariyagostar/vendor/laravel/framework/src/Illuminate/View/View.php(190): Illuminate\\View\\View->getContents()
#8 /home/crm/Ariyagostar/vendor/laravel/framework/src/Illuminate/View/View.php(159): Illuminate\\View\\View->renderContents()
#9 /home/crm/Ariyagostar/storage/framework/views/2887bfc6558339ab1cb958f24032a521.php(6): Illuminate\\View\\View->render()
#10 /home/crm/Ariyagostar/vendor/laravel/framework/src/Illuminate/Filesystem/Filesystem.php(123): require('/home/crm/Ariya...')
#11 /home/crm/Ariyagostar/vendor/laravel/framework/src/Illuminate/Filesystem/Filesystem.php(124): Illuminate\\Filesystem\\Filesystem::Illuminate\\Filesystem\\{closure}()
#12 /home/crm/Ariyagostar/vendor/laravel/framework/src/Illuminate/View/Engines/PhpEngine.php(58): Illuminate\\Filesystem\\Filesystem->getRequire('/home/crm/Ariya...', Array)
#13 /home/crm/Ariyagostar/vendor/laravel/framework/src/Illuminate/View/Engines/CompilerEngine.php(72): Illuminate\\View\\Engines\\PhpEngine->evaluatePath('/home/crm/Ariya...', Array)
#14 /home/crm/Ariyagostar/vendor/laravel/framework/src/Illuminate/View/View.php(207): Illuminate\\View\\Engines\\CompilerEngine->get('/home/crm/Ariya...', Array)
#15 /home/crm/Ariyagostar/vendor/laravel/framework/src/Illuminate/View/View.php(190): Illuminate\\View\\View->getContents()
#16 /home/crm/Ariyagostar/vendor/laravel/framework/src/Illuminate/View/View.php(159): Illuminate\\View\\View->renderContents()
#17 /home/crm/Ariyagostar/storage/framework/views/20483f08a8a35db701f22f3b4c0dcf09.php(34): Illuminate\\View\\View->render()
#18 /home/crm/Ariyagostar/vendor/laravel/framework/src/Illuminate/Filesystem/Filesystem.php(123): require('/home/crm/Ariya...')
#19 /home/crm/Ariyagostar/vendor/laravel/framework/src/Illuminate/Filesystem/Filesystem.php(124): Illuminate\\Filesystem\\Filesystem::Illuminate\\Filesystem\\{closure}()
#20 /home/crm/Ariyagostar/vendor/laravel/framework/src/Illuminate/View/Engines/PhpEngine.php(58): Illuminate\\Filesystem\\Filesystem->getRequire('/home/crm/Ariya...', Array)
#21 /home/crm/Ariyagostar/vendor/laravel/framework/src/Illuminate/View/Engines/CompilerEngine.php(72): Illuminate\\View\\Engines\\PhpEngine->evaluatePath('/home/crm/Ariya...', Array)
#22 /home/crm/Ariyagostar/vendor/laravel/framework/src/Illuminate/View/View.php(207): Illuminate\\View\\Engines\\CompilerEngine->get('/home/crm/Ariya...', Array)
#23 /home/crm/Ariyagostar/vendor/laravel/framework/src/Illuminate/View/View.php(190): Illuminate\\View\\View->getContents()
#24 /home/crm/Ariyagostar/vendor/laravel/framework/src/Illuminate/View/View.php(159): Illuminate\\View\\View->renderContents()
#25 /home/crm/Ariyagostar/vendor/laravel/framework/src/Illuminate/Http/Response.php(69): Illuminate\\View\\View->render()
#26 /home/crm/Ariyagostar/vendor/laravel/framework/src/Illuminate/Http/Response.php(35): Illuminate\\Http\\Response->setContent(Object(Illuminate\\View\\View))
#27 /home/crm/Ariyagostar/vendor/laravel/framework/src/Illuminate/Routing/ResponseFactory.php(58): Illuminate\\Http\\Response->__construct(Object(Illuminate\\View\\View), 500, Array)
#28 /home/crm/Ariyagostar/vendor/laravel/framework/src/Illuminate/Routing/ResponseFactory.php(88): Illuminate\\Routing\\ResponseFactory->make(Object(Illuminate\\View\\View), 500, Array)
#29 /home/crm/Ariyagostar/vendor/laravel/framework/src/Illuminate/Foundation/Exceptions/Handler.php(723): Illuminate\\Routing\\ResponseFactory->view('errors::500', Array, 500, Array)
#30 /home/crm/Ariyagostar/vendor/laravel/framework/src/Illuminate/Foundation/Exceptions/Handler.php(650): Illuminate\\Foundation\\Exceptions\\Handler->renderHttpException(Object(Symfony\\Component\\HttpKernel\\Exception\\HttpException))
#31 /home/crm/Ariyagostar/vendor/laravel/framework/src/Illuminate/Foundation/Exceptions/Handler.php(556): Illuminate\\Foundation\\Exceptions\\Handler->prepareResponse(Object(Illuminate\\Http\\Request), Object(Symfony\\Component\\HttpKernel\\Exception\\HttpException))
#32 /home/crm/Ariyagostar/vendor/laravel/framework/src/Illuminate/Foundation/Exceptions/Handler.php(473): Illuminate\\Foundation\\Exceptions\\Handler->renderExceptionResponse(Object(Illuminate\\Http\\Request), Object(Illuminate\\Database\\QueryException))
#33 /home/crm/Ariyagostar/app/Exceptions/Handler.php(134): Illuminate\\Foundation\\Exceptions\\Handler->render(Object(Illuminate\\Http\\Request), Object(Illuminate\\Database\\QueryException))
#34 /home/crm/Ariyagostar/vendor/laravel/framework/src/Illuminate/Foundation/Http/Kernel.php(509): App\\Exceptions\\Handler->render(Object(Illuminate\\Http\\Request), Object(Illuminate\\Database\\QueryException))
#35 /home/crm/Ariyagostar/vendor/laravel/framework/src/Illuminate/Foundation/Http/Kernel.php(148): Illuminate\\Foundation\\Http\\Kernel->renderException(Object(Illuminate\\Http\\Request), Object(Illuminate\\Database\\QueryException))
#36 /home/crm/new.ariyajanebi.ir/index.php(52): Illuminate\\Foundation\\Http\\Kernel->handle(Object(Illuminate\\Http\\Request))
#37 {main}
"} 
[2026-07-23 10:04:51] local.ERROR: SQLSTATE[HY000] [1045] Access denied for user 'root'@'localhost' (using password: NO) (Connection: mysql, SQL: select * from `permissions` where `active` = 1) {"exception":"[object] (Illuminate\\Database\\QueryException(code: 1045): SQLSTATE[HY000] [1045] Access denied for user 'root'@'localhost' (using password: NO) (Connection: mysql, SQL: select * from `permissions` where `active` = 1) at /home/crm/Ariyagostar/vendor/laravel/framework/src/Illuminate/Database/Connection.php:829)
[stacktrace]
#0 /home/crm/Ariyagostar/vendor/laravel/framework/src/Illuminate/Database/Connection.php(783): Illuminate\\Database\\Connection->runQueryCallback('select * from `...', Array, Object(Closure))
#1 /home/crm/Ariyagostar/vendor/laravel/framework/src/Illuminate/Database/Connection.php(414): Illuminate\\Database\\Connection->run('select * from `...', Array, Object(Closure))
#2 /home/crm/Ariyagostar/vendor/laravel/framework/src/Illuminate/Database/Query/Builder.php(2913): Illuminate\\Database\\Connection->select('select * from `...', Array, true)
#3 /home/crm/Ariyagostar/vendor/laravel/framework/src/Illuminate/Database/Query/Builder.php(2902): Illuminate\\Database\\Query\\Builder->runSelect()
#4 /home/crm/Ariyagostar/vendor/laravel/framework/src/Illuminate/Database/Query/Builder.php(3456): Illuminate\\Database\\Query\\Builder->Illuminate\\Database\\Query\\{closure}()
#5 /home/crm/Ariyagostar/vendor/laravel/framework/src/Illuminate/Database/Query/Builder.php(2901): Illuminate\\Database\\Query\\Builder->onceWithColumns(Array, Object(Closure))
#6 /home/crm/Ariyagostar/vendor/laravel/framework/src/Illuminate/Database/Eloquent/Builder.php(739): Illuminate\\Database\\Query\\Builder->get(Array)
#7 /home/crm/Ariyagostar/vendor/laravel/framework/src/Illuminate/Database/Eloquent/Builder.php(723): Illuminate\\Database\\Eloquent\\Builder->getModels(Array)
#8 /home/crm/Ariyagostar/app/Providers/AuthServiceProvider.php(40): Illuminate\\Database\\Eloquent\\Builder->get()
#9 /home/crm/Ariyagostar/app/Providers/AuthServiceProvider.php(30): App\\Providers\\AuthServiceProvider->getPermissions()
#10 /home/crm/Ariyagostar/vendor/laravel/framework/src/Illuminate/Container/BoundMethod.php(36): App\\Providers\\AuthServiceProvider->boot()
#11 /home/crm/Ariyagostar/vendor/laravel/framework/src/Illuminate/Container/Util.php(41): Illuminate\\Container\\BoundMethod::Illuminate\\Container\\{closure}()
#12 /home/crm/Ariyagostar/vendor/laravel/framework/src/Illuminate/Container/BoundMethod.php(93): Illuminate\\Container\\Util::unwrapIfClosure(Object(Closure))
#13 /home/crm/Ariyagostar/vendor/laravel/framework/src/Illuminate/Container/BoundMethod.php(35): Illuminate\\Container\\BoundMethod::callBoundMethod(Object(Illuminate\\Foundation\\Application), Array, Object(Closure))
#14 /home/crm/Ariyagostar/vendor/laravel/framework/src/Illuminate/Container/Container.php(662): Illuminate\\Container\\BoundMethod::call(Object(Illuminate\\Foundation\\Application), Array, Array, NULL)
#15 /home/crm/Ariyagostar/vendor/laravel/framework/src/Illuminate/Foundation/Application.php(1059): Illuminate\\Container\\Container->call(Array)
#16 /home/crm/Ariyagostar/vendor/laravel/framework/src/Illuminate/Foundation/Application.php(1040): Illuminate\\Foundation\\Application->bootProvider(Object(App\\Providers\\AuthServiceProvider))
#17 [internal function]: Illuminate\\Foundation\\Application->Illuminate\\Foundation\\{closure}(Object(App\\Providers\\AuthServiceProvider), 43)
#18 /home/crm/Ariyagostar/vendor/laravel/framework/src/Illuminate/Foundation/Application.php(1039): array_walk(Array, Object(Closure))
#19 /home/crm/Ariyagostar/vendor/laravel/framework/src/Illuminate/Foundation/Bootstrap/BootProviders.php(17): Illuminate\\Foundation\\Application->boot()
#20 /home/crm/Ariyagostar/vendor/laravel/framework/src/Illuminate/Foundation/Application.php(286): Illuminate\\Foundation\\Bootstrap\\BootProviders->bootstrap(Object(Illuminate\\Foundation\\Application))
#21 /home/crm/Ariyagostar/vendor/laravel/framework/src/Illuminate/Foundation/Http/Kernel.php(186): Illuminate\\Foundation\\Application->bootstrapWith(Array)
#22 /home/crm/Ariyagostar/vendor/laravel/framework/src/Illuminate/Foundation/Http/Kernel.php(170): Illuminate\\Foundation\\Http\\Kernel->bootstrap()
#23 /home/crm/Ariyagostar/vendor/laravel/framework/src/Illuminate/Foundation/Http/Kernel.php(144): Illuminate\\Foundation\\Http\\Kernel->sendRequestThroughRouter(Object(Illuminate\\Http\\Request))
#24 /home/crm/new.ariyajanebi.ir/index.php(52): Illuminate\\Foundation\\Http\\Kernel->handle(Object(Illuminate\\Http\\Request))
#25 {main}

[previous exception] [object] (PDOException(code: 1045): SQLSTATE[HY000] [1045] Access denied for user 'root'@'localhost' (using password: NO) at /home/crm/Ariyagostar/vendor/laravel/framework/src/Illuminate/Database/Connectors/Connector.php:65)
[stacktrace]
#0 /home/crm/Ariyagostar/vendor/laravel/framework/src/Illuminate/Database/Connectors/Connector.php(65): PDO->__construct('mysql:host=127....', 'root', Object(SensitiveParameterValue), Array)
#1 /home/crm/Ariyagostar/vendor/laravel/framework/src/Illuminate/Database/Connectors/Connector.php(44): Illuminate\\Database\\Connectors\\Connector->createPdoConnection('mysql:host=127....', 'root', '', Array)
#2 /home/crm/Ariyagostar/vendor/laravel/framework/src/Illuminate/Database/Connectors/MySqlConnector.php(24): Illuminate\\Database\\Connectors\\Connector->createConnection('mysql:host=127....', Array, Array)
#3 /home/crm/Ariyagostar/vendor/laravel/framework/src/Illuminate/Database/Connectors/ConnectionFactory.php(184): Illuminate\\Database\\Connectors\\MySqlConnector->connect(Array)
#4 [internal function]: Illuminate\\Database\\Connectors\\ConnectionFactory->Illuminate\\Database\\Connectors\\{closure}()
#5 /home/crm/Ariyagostar/vendor/laravel/framework/src/Illuminate/Database/Connection.php(1339): call_user_func(Object(Closure))
#6 /home/crm/Ariyagostar/vendor/laravel/framework/src/Illuminate/Database/Connection.php(1375): Illuminate\\Database\\Connection->getPdo()
#7 /home/crm/Ariyagostar/vendor/laravel/framework/src/Illuminate/Database/Connection.php(528): Illuminate\\Database\\Connection->getReadPdo()
#8 /home/crm/Ariyagostar/vendor/laravel/framework/src/Illuminate/Database/Connection.php(423): Illuminate\\Database\\Connection->getPdoForSelect(true)
#9 /home/crm/Ariyagostar/vendor/laravel/framework/src/Illuminate/Database/Connection.php(816): Illuminate\\Database\\Connection->Illuminate\\Database\\{closure}('select * from `...', Array)
#10 /home/crm/Ariyagostar/vendor/laravel/framework/src/Illuminate/Database/Connection.php(783): Illuminate\\Database\\Connection->runQueryCallback('select * from `...', Array, Object(Closure))
#11 /home/crm/Ariyagostar/vendor/laravel/framework/src/Illuminate/Database/Connection.php(414): Illuminate\\Database\\Connection->run('select * from `...', Array, Object(Closure))
#12 /home/crm/Ariyagostar/vendor/laravel/framework/src/Illuminate/Database/Query/Builder.php(2913): Illuminate\\Database\\Connection->select('select * from `...', Array, true)
#13 /home/crm/Ariyagostar/vendor/laravel/framework/src/Illuminate/Database/Query/Builder.php(2902): Illuminate\\Database\\Query\\Builder->runSelect()
#14 /home/crm/Ariyagostar/vendor/laravel/framework/src/Illuminate/Database/Query/Builder.php(3456): Illuminate\\Database\\Query\\Builder->Illuminate\\Database\\Query\\{closure}()
#15 /home/crm/Ariyagostar/vendor/laravel/framework/src/Illuminate/Database/Query/Builder.php(2901): Illuminate\\Database\\Query\\Builder->onceWithColumns(Array, Object(Closure))
#16 /home/crm/Ariyagostar/vendor/laravel/framework/src/Illuminate/Database/Eloquent/Builder.php(739): Illuminate\\Database\\Query\\Builder->get(Array)
#17 /home/crm/Ariyagostar/vendor/laravel/framework/src/Illuminate/Database/Eloquent/Builder.php(723): Illuminate\\Database\\Eloquent\\Builder->getModels(Array)
#18 /home/crm/Ariyagostar/app/Providers/AuthServiceProvider.php(40): Illuminate\\Database\\Eloquent\\Builder->get()
#19 /home/crm/Ariyagostar/app/Providers/AuthServiceProvider.php(30): App\\Providers\\AuthServiceProvider->getPermissions()
#20 /home/crm/Ariyagostar/vendor/laravel/framework/src/Illuminate/Container/BoundMethod.php(36): App\\Providers\\AuthServiceProvider->boot()
#21 /home/crm/Ariyagostar/vendor/laravel/framework/src/Illuminate/Container/Util.php(41): Illuminate\\Container\\BoundMethod::Illuminate\\Container\\{closure}()
#22 /home/crm/Ariyagostar/vendor/laravel/framework/src/Illuminate/Container/BoundMethod.php(93): Illuminate\\Container\\Util::unwrapIfClosure(Object(Closure))
#23 /home/crm/Ariyagostar/vendor/laravel/framework/src/Illuminate/Container/BoundMethod.php(35): Illuminate\\Container\\BoundMethod::callBoundMethod(Object(Illuminate\\Foundation\\Application), Array, Object(Closure))
#24 /home/crm/Ariyagostar/vendor/laravel/framework/src/Illuminate/Container/Container.php(662): Illuminate\\Container\\BoundMethod::call(Object(Illuminate\\Foundation\\Application), Array, Array, NULL)
#25 /home/crm/Ariyagostar/vendor/laravel/framework/src/Illuminate/Foundation/Application.php(1059): Illuminate\\Container\\Container->call(Array)
#26 /home/crm/Ariyagostar/vendor/laravel/framework/src/Illuminate/Foundation/Application.php(1040): Illuminate\\Foundation\\Application->bootProvider(Object(App\\Providers\\AuthServiceProvider))
#27 [internal function]: Illuminate\\Foundation\\Application->Illuminate\\Foundation\\{closure}(Object(App\\Providers\\AuthServiceProvider), 43)
#28 /home/crm/Ariyagostar/vendor/laravel/framework/src/Illuminate/Foundation/Application.php(1039): array_walk(Array, Object(Closure))
#29 /home/crm/Ariyagostar/vendor/laravel/framework/src/Illuminate/Foundation/Bootstrap/BootProviders.php(17): Illuminate\\Foundation\\Application->boot()
#30 /home/crm/Ariyagostar/vendor/laravel/framework/src/Illuminate/Foundation/Application.php(286): Illuminate\\Foundation\\Bootstrap\\BootProviders->bootstrap(Object(Illuminate\\Foundation\\Application))
#31 /home/crm/Ariyagostar/vendor/laravel/framework/src/Illuminate/Foundation/Http/Kernel.php(186): Illuminate\\Foundation\\Application->bootstrapWith(Array)
#32 /home/crm/Ariyagostar/vendor/laravel/framework/src/Illuminate/Foundation/Http/Kernel.php(170): Illuminate\\Foundation\\Http\\Kernel->bootstrap()
#33 /home/crm/Ariyagostar/vendor/laravel/framework/src/Illuminate/Foundation/Http/Kernel.php(144): Illuminate\\Foundation\\Http\\Kernel->sendRequestThroughRouter(Object(Illuminate\\Http\\Request))
#34 /home/crm/new.ariyajanebi.ir/index.php(52): Illuminate\\Foundation\\Http\\Kernel->handle(Object(Illuminate\\Http\\Request))
#35 {main}
"} 
[2026-07-23 10:04:51] local.ERROR: Route [csrf] not defined. {"view":{"view":"/home/crm/Ariyagostar/resources/views/back/partials/meta.blade.php","data":{"errors":"<pre class=sf-dump id=sf-dump-963232022 data-indent-pad=\"  \"><span class=sf-dump-note>Illuminate\\Support\\ViewErrorBag</span> {<a class=sf-dump-ref>#1163</a><samp data-depth=1 class=sf-dump-expanded>
  #<span class=sf-dump-protected title=\"Protected property\">bags</span>: []
</samp>}
</pre><script>Sfdump(\"sf-dump-963232022\", {\"maxDepth\":3,\"maxStringLength\":160})</script>
","exception":"<pre class=sf-dump id=sf-dump-2046257069 data-indent-pad=\"  \"><span class=sf-dump-note>Symfony\\Component\\HttpKernel\\Exception\\HttpException</span> {<a class=sf-dump-ref>#1171</a><samp data-depth=1 class=sf-dump-expanded>
  #<span class=sf-dump-protected title=\"Protected property\">message</span>: \"<span class=sf-dump-str title=\"158 characters\">SQLSTATE[HY000] [1045] Access denied for user &#039;root&#039;@&#039;localhost&#039; (using password: NO) (Connection: mysql, SQL: select * from `permissions` where `active` = 1)</span>\"
  #<span class=sf-dump-protected title=\"Protected property\">code</span>: <span class=sf-dump-num>0</span>
  #<span class=sf-dump-protected title=\"Protected property\">file</span>: \"<span class=\"sf-dump-str sf-dump-ellipsization\" title=\"/home/crm/Ariyagostar/vendor/laravel/framework/src/Illuminate/Foundation/Exceptions/Handler.php
95 characters\"><span class=\"sf-dump-ellipsis sf-dump-ellipsis-path\">/home/crm/Ariyagostar/vendor</span><span class=\"sf-dump-ellipsis sf-dump-ellipsis-path\">/laravel/framework/</span><span class=\"sf-dump-ellipsis-tail\">src/Illuminate/Foundation/Exceptions/Handler.php</span></span>\"
  #<span class=sf-dump-protected title=\"Protected property\">line</span>: <span class=sf-dump-num>646</span>
  -<span class=sf-dump-private title=\"Private property defined in class:&#10;`Exception`\">previous</span>: <span class=\"sf-dump-note sf-dump-ellipsization\" title=\"Illuminate\\Database\\QueryException
\"><span class=\"sf-dump-ellipsis sf-dump-ellipsis-note\">Illuminate\\Database</span><span class=\"sf-dump-ellipsis sf-dump-ellipsis-note\">\\</span><span class=\"sf-dump-ellipsis-tail\">QueryException</span></span> {<a class=sf-dump-ref href=#sf-dump-2046257069-ref21134 title=\"6 occurrences\">#1134</a><samp data-depth=2 id=sf-dump-2046257069-ref21134 class=sf-dump-compact>
    #<span class=sf-dump-protected title=\"Protected property\">message</span>: \"<span class=sf-dump-str title=\"158 characters\">SQLSTATE[HY000] [1045] Access denied for user &#039;root&#039;@&#039;localhost&#039; (using password: NO) (Connection: mysql, SQL: select * from `permissions` where `active` = 1)</span>\"
    #<span class=sf-dump-protected title=\"Protected property\">code</span>: <span class=sf-dump-num>1045</span>
    #<span class=sf-dump-protected title=\"Protected property\">file</span>: \"<span class=\"sf-dump-str sf-dump-ellipsization\" title=\"/home/crm/Ariyagostar/vendor/laravel/framework/src/Illuminate/Database/Connection.php
85 characters\"><span class=\"sf-dump-ellipsis sf-dump-ellipsis-path\">/home/crm/Ariyagostar/vendor</span><span class=\"sf-dump-ellipsis sf-dump-ellipsis-path\">/laravel/framework/</span><span class=\"sf-dump-ellipsis-tail\">src/Illuminate/Database/Connection.php</span></span>\"
    #<span class=sf-dump-protected title=\"Protected property\">line</span>: <span class=sf-dump-num>829</span>
    -<span class=sf-dump-private title=\"Private property defined in class:&#10;`Exception`\">previous</span>: <span class=sf-dump-note>PDOException</span> {<a class=sf-dump-ref>#1138</a><samp data-depth=3 class=sf-dump-compact>
      #<span class=sf-dump-protected title=\"Protected property\">message</span>: \"<span class=sf-dump-str title=\"85 characters\">SQLSTATE[HY000] [1045] Access denied for user &#039;root&#039;@&#039;localhost&#039; (using password: NO)</span>\"
      #<span class=sf-dump-protected title=\"Protected property\">code</span>: <span class=sf-dump-num>1045</span>
      #<span class=sf-dump-protected title=\"Protected property\">file</span>: \"<span class=\"sf-dump-str sf-dump-ellipsization\" title=\"/home/crm/Ariyagostar/vendor/laravel/framework/src/Illuminate/Database/Connectors/Connector.php
95 characters\"><span class=\"sf-dump-ellipsis sf-dump-ellipsis-path\">/home/crm/Ariyagostar/vendor</span><span class=\"sf-dump-ellipsis sf-dump-ellipsis-path\">/laravel/framework/</span><span class=\"sf-dump-ellipsis-tail\">src/Illuminate/Database/Connectors/Connector.php</span></span>\"
      #<span class=sf-dump-protected title=\"Protected property\">line</span>: <span class=sf-dump-num>65</span>
      +<span class=sf-dump-public title=\"Public property\">errorInfo</span>: <span class=sf-dump-note>array:3</span> [ &#8230;3]
      <span class=sf-dump-meta>trace</span>: { &#8230;35}
    </samp>}
    +<span class=sf-dump-public title=\"Public property\">errorInfo</span>: <span class=sf-dump-note>array:3</span> [<samp data-depth=3 class=sf-dump-compact>
      <span class=sf-dump-index>0</span> => \"<span class=sf-dump-str title=\"5 characters\">HY000</span>\"
      <span class=sf-dump-index>1</span> => <span class=sf-dump-num>1045</span>
      <span class=sf-dump-index>2</span> => \"<span class=sf-dump-str title=\"62 characters\">Access denied for user &#039;root&#039;@&#039;localhost&#039; (using password: NO)</span>\"
    </samp>]
    +<span class=sf-dump-public title=\"Public property\">connectionName</span>: \"<span class=sf-dump-str title=\"5 characters\">mysql</span>\"
    #<span class=sf-dump-protected title=\"Protected property\">sql</span>: \"<span class=sf-dump-str title=\"46 characters\">select * from `permissions` where `active` = ?</span>\"
    #<span class=sf-dump-protected title=\"Protected property\">bindings</span>: <span class=sf-dump-note>array:1</span> [<samp data-depth=3 class=sf-dump-compact>
      <span class=sf-dump-index>0</span> => <span class=sf-dump-num>1</span>
    </samp>]
    <span class=sf-dump-meta>trace</span>: {<samp data-depth=3 class=sf-dump-compact>
      <span class=\"sf-dump-meta sf-dump-ellipsization\" title=\"/home/crm/Ariyagostar/vendor/laravel/framework/src/Illuminate/Database/Connection.php:829
Stack level 26.\"><span class=\"sf-dump-ellipsis sf-dump-ellipsis-path\">/home/crm/Ariyagostar/vendor</span><span class=\"sf-dump-ellipsis sf-dump-ellipsis-path\">/laravel/framework/</span><span class=\"sf-dump-ellipsis-tail\">src/Illuminate/Database/Connection.php:829</span></span> { &#8230;4}
      <span class=\"sf-dump-meta sf-dump-ellipsization\" title=\"/home/crm/Ariyagostar/vendor/laravel/framework/src/Illuminate/Database/Connection.php:783
Stack level 25.\"><span class=\"sf-dump-ellipsis sf-dump-ellipsis-path\">/home/crm/Ariyagostar/vendor</span><span class=\"sf-dump-ellipsis sf-dump-ellipsis-path\">/laravel/framework/</span><span class=\"sf-dump-ellipsis-tail\">src/Illuminate/Database/Connection.php:783</span></span> { &#8230;5}
      <span class=\"sf-dump-meta sf-dump-ellipsization\" title=\"/home/crm/Ariyagostar/vendor/laravel/framework/src/Illuminate/Database/Connection.php:414
Stack level 24.\"><span class=\"sf-dump-ellipsis sf-dump-ellipsis-path\">/home/crm/Ariyagostar/vendor</span><span class=\"sf-dump-ellipsis sf-dump-ellipsis-path\">/laravel/framework/</span><span class=\"sf-dump-ellipsis-tail\">src/Illuminate/Database/Connection.php:414</span></span> { &#8230;5}
      <span class=\"sf-dump-meta sf-dump-ellipsization\" title=\"/home/crm/Ariyagostar/vendor/laravel/framework/src/Illuminate/Database/Query/Builder.php:2913
Stack level 23.\"><span class=\"sf-dump-ellipsis sf-dump-ellipsis-path\">/home/crm/Ariyagostar/vendor</span><span class=\"sf-dump-ellipsis sf-dump-ellipsis-path\">/laravel/framework/</span><span class=\"sf-dump-ellipsis-tail\">src/Illuminate/Database/Query/Builder.php:2913</span></span> { &#8230;5}
      <span class=\"sf-dump-meta sf-dump-ellipsization\" title=\"/home/crm/Ariyagostar/vendor/laravel/framework/src/Illuminate/Database/Query/Builder.php:2902
Stack level 22.\"><span class=\"sf-dump-ellipsis sf-dump-ellipsis-path\">/home/crm/Ariyagostar/vendor</span><span class=\"sf-dump-ellipsis sf-dump-ellipsis-path\">/laravel/framework/</span><span class=\"sf-dump-ellipsis-tail\">src/Illuminate/Database/Query/Builder.php:2902</span></span> { &#8230;4}
      <span class=\"sf-dump-meta sf-dump-ellipsization\" title=\"/home/crm/Ariyagostar/vendor/laravel/framework/src/Illuminate/Database/Query/Builder.php:3456
Stack level 21.\"><span class=\"sf-dump-ellipsis sf-dump-ellipsis-path\">/home/crm/Ariyagostar/vendor</span><span class=\"sf-dump-ellipsis sf-dump-ellipsis-path\">/laravel/framework/</span><span class=\"sf-dump-ellipsis-tail\">src/Illuminate/Database/Query/Builder.php:3456</span></span> { &#8230;4}
      <span class=\"sf-dump-meta sf-dump-ellipsization\" title=\"/home/crm/Ariyagostar/vendor/laravel/framework/src/Illuminate/Database/Query/Builder.php:2901
Stack level 20.\"><span class=\"sf-dump-ellipsis sf-dump-ellipsis-path\">/home/crm/Ariyagostar/vendor</span><span class=\"sf-dump-ellipsis sf-dump-ellipsis-path\">/laravel/framework/</span><span class=\"sf-dump-ellipsis-tail\">src/Illuminate/Database/Query/Builder.php:2901</span></span> { &#8230;5}
      <span class=\"sf-dump-meta sf-dump-ellipsization\" title=\"/home/crm/Ariyagostar/vendor/laravel/framework/src/Illuminate/Database/Eloquent/Builder.php:739
Stack level 19.\"><span class=\"sf-dump-ellipsis sf-dump-ellipsis-path\">/home/crm/Ariyagostar/vendor</span><span class=\"sf-dump-ellipsis sf-dump-ellipsis-path\">/laravel/framework/</span><span class=\"sf-dump-ellipsis-tail\">src/Illuminate/Database/Eloquent/Builder.php:739</span></span> { &#8230;5}
      <span class=\"sf-dump-meta sf-dump-ellipsization\" title=\"/home/crm/Ariyagostar/vendor/laravel/framework/src/Illuminate/Database/Eloquent/Builder.php:723
Stack level 18.\"><span class=\"sf-dump-ellipsis sf-dump-ellipsis-path\">/home/crm/Ariyagostar/vendor</span><span class=\"sf-dump-ellipsis sf-dump-ellipsis-path\">/laravel/framework/</span><span class=\"sf-dump-ellipsis-tail\">src/Illuminate/Database/Eloquent/Builder.php:723</span></span> { &#8230;5}
      <span class=\"sf-dump-meta sf-dump-ellipsization\" title=\"/home/crm/Ariyagostar/app/Providers/AuthServiceProvider.php:40
Stack level 17.\"><span class=\"sf-dump-ellipsis sf-dump-ellipsis-path\">/home/crm/Ariyagostar</span><span class=\"sf-dump-ellipsis sf-dump-ellipsis-path\">/</span><span class=\"sf-dump-ellipsis-tail\">app/Providers/AuthServiceProvider.php:40</span></span> { &#8230;4}
      <span class=\"sf-dump-meta sf-dump-ellipsization\" title=\"/home/crm/Ariyagostar/app/Providers/AuthServiceProvider.php:30
Stack level 16.\"><span class=\"sf-dump-ellipsis sf-dump-ellipsis-path\">/home/crm/Ariyagostar</span><span class=\"sf-dump-ellipsis sf-dump-ellipsis-path\">/</span><span class=\"sf-dump-ellipsis-tail\">app/Providers/AuthServiceProvider.php:30</span></span> { &#8230;4}
      <span class=\"sf-dump-meta sf-dump-ellipsization\" title=\"/home/crm/Ariyagostar/vendor/laravel/framework/src/Illuminate/Container/BoundMethod.php:36
Stack level 15.\"><span class=\"sf-dump-ellipsis sf-dump-ellipsis-path\">/home/crm/Ariyagostar/vendor</span><span class=\"sf-dump-ellipsis sf-dump-ellipsis-path\">/laravel/framework/</span><span class=\"sf-dump-ellipsis-tail\">src/Illuminate/Container/BoundMethod.php:36</span></span> { &#8230;4}
      <span class=\"sf-dump-meta sf-dump-ellipsization\" title=\"/home/crm/Ariyagostar/vendor/laravel/framework/src/Illuminate/Container/Util.php:41
Stack level 14.\"><span class=\"sf-dump-ellipsis sf-dump-ellipsis-path\">/home/crm/Ariyagostar/vendor</span><span class=\"sf-dump-ellipsis sf-dump-ellipsis-path\">/laravel/framework/</span><span class=\"sf-dump-ellipsis-tail\">src/Illuminate/Container/Util.php:41</span></span> { &#8230;4}
      <span class=\"sf-dump-meta sf-dump-ellipsization\" title=\"/home/crm/Ariyagostar/vendor/laravel/framework/src/Illuminate/Container/BoundMethod.php:93
Stack level 13.\"><span class=\"sf-dump-ellipsis sf-dump-ellipsis-path\">/home/crm/Ariyagostar/vendor</span><span class=\"sf-dump-ellipsis sf-dump-ellipsis-path\">/laravel/framework/</span><span class=\"sf-dump-ellipsis-tail\">src/Illuminate/Container/BoundMethod.php:93</span></span> { &#8230;5}
      <span class=\"sf-dump-meta sf-dump-ellipsization\" title=\"/home/crm/Ariyagostar/vendor/laravel/framework/src/Illuminate/Container/BoundMethod.php:35
Stack level 12.\"><span class=\"sf-dump-ellipsis sf-dump-ellipsis-path\">/home/crm/Ariyagostar/vendor</span><span class=\"sf-dump-ellipsis sf-dump-ellipsis-path\">/laravel/framework/</span><span class=\"sf-dump-ellipsis-tail\">src/Illuminate/Container/BoundMethod.php:35</span></span> { &#8230;5}
      <span class=\"sf-dump-meta sf-dump-ellipsization\" title=\"/home/crm/Ariyagostar/vendor/laravel/framework/src/Illuminate/Container/Container.php:662
Stack level 11.\"><span class=\"sf-dump-ellipsis sf-dump-ellipsis-path\">/home/crm/Ariyagostar/vendor</span><span class=\"sf-dump-ellipsis sf-dump-ellipsis-path\">/laravel/framework/</span><span class=\"sf-dump-ellipsis-tail\">src/Illuminate/Container/Container.php:662</span></span> { &#8230;5}
      <span class=\"sf-dump-meta sf-dump-ellipsization\" title=\"/home/crm/Ariyagostar/vendor/laravel/framework/src/Illuminate/Foundation/Application.php:1059
Stack level 10.\"><span class=\"sf-dump-ellipsis sf-dump-ellipsis-path\">/home/crm/Ariyagostar/vendor</span><span class=\"sf-dump-ellipsis sf-dump-ellipsis-path\">/laravel/framework/</span><span class=\"sf-dump-ellipsis-tail\">src/Illuminate/Foundation/Application.php:1059</span></span> { &#8230;5}
      <span class=\"sf-dump-meta sf-dump-ellipsization\" title=\"/home/crm/Ariyagostar/vendor/laravel/framework/src/Illuminate/Foundation/Application.php:1040
Stack level 9.\"><span class=\"sf-dump-ellipsis sf-dump-ellipsis-path\">/home/crm/Ariyagostar/vendor</span><span class=\"sf-dump-ellipsis sf-dump-ellipsis-path\">/laravel/framework/</span><span class=\"sf-dump-ellipsis-tail\">src/Illuminate/Foundation/Application.php:1040</span></span> { &#8230;5}
      <span class=\"sf-dump-meta sf-dump-ellipsization\" title=\"Illuminate\\Foundation\\Application-&gt;Illuminate\\Foundation\\{closure}()
Stack level 8.\"><span class=\"sf-dump-ellipsis sf-dump-ellipsis-class\">Illuminate\\Foundation\\Application-&gt;Illuminate\\Foundation</span><span class=\"sf-dump-ellipsis sf-dump-ellipsis-class\">\\</span><span class=\"sf-dump-ellipsis-tail\">{closure}()</span></span> {}
      <span class=\"sf-dump-meta sf-dump-ellipsization\" title=\"/home/crm/Ariyagostar/vendor/laravel/framework/src/Illuminate/Foundation/Application.php:1039
Stack level 7.\"><span class=\"sf-dump-ellipsis sf-dump-ellipsis-path\">/home/crm/Ariyagostar/vendor</span><span class=\"sf-dump-ellipsis sf-dump-ellipsis-path\">/laravel/framework/</span><span class=\"sf-dump-ellipsis-tail\">src/Illuminate/Foundation/Application.php:1039</span></span> { &#8230;5}
      <span class=\"sf-dump-meta sf-dump-ellipsization\" title=\"/home/crm/Ariyagostar/vendor/laravel/framework/src/Illuminate/Foundation/Bootstrap/BootProviders.php:17
Stack level 6.\"><span class=\"sf-dump-ellipsis sf-dump-ellipsis-path\">/home/crm/Ariyagostar/vendor</span><span class=\"sf-dump-ellipsis sf-dump-ellipsis-path\">/laravel/framework/</span><span class=\"sf-dump-ellipsis-tail\">src/Illuminate/Foundation/Bootstrap/BootProviders.php:17</span></span> { &#8230;4}
      <span class=\"sf-dump-meta sf-dump-ellipsization\" title=\"/home/crm/Ariyagostar/vendor/laravel/framework/src/Illuminate/Foundation/Application.php:286
Stack level 5.\"><span class=\"sf-dump-ellipsis sf-dump-ellipsis-path\">/home/crm/Ariyagostar/vendor</span><span class=\"sf-dump-ellipsis sf-dump-ellipsis-path\">/laravel/framework/</span><span class=\"sf-dump-ellipsis-tail\">src/Illuminate/Foundation/Application.php:286</span></span> { &#8230;5}
      <span class=\"sf-dump-meta sf-dump-ellipsization\" title=\"/home/crm/Ariyagostar/vendor/laravel/framework/src/Illuminate/Foundation/Http/Kernel.php:186
Stack level 4.\"><span class=\"sf-dump-ellipsis sf-dump-ellipsis-path\">/home/crm/Ariyagostar/vendor</span><span class=\"sf-dump-ellipsis sf-dump-ellipsis-path\">/laravel/framework/</span><span class=\"sf-dump-ellipsis-tail\">src/Illuminate/Foundation/Http/Kernel.php:186</span></span> { &#8230;5}
      <span class=\"sf-dump-meta sf-dump-ellipsization\" title=\"/home/crm/Ariyagostar/vendor/laravel/framework/src/Illuminate/Foundation/Http/Kernel.php:170
Stack level 3.\"><span class=\"sf-dump-ellipsis sf-dump-ellipsis-path\">/home/crm/Ariyagostar/vendor</span><span class=\"sf-dump-ellipsis sf-dump-ellipsis-path\">/laravel/framework/</span><span class=\"sf-dump-ellipsis-tail\">src/Illuminate/Foundation/Http/Kernel.php:170</span></span> { &#8230;4}
      <span class=\"sf-dump-meta sf-dump-ellipsization\" title=\"/home/crm/Ariyagostar/vendor/laravel/framework/src/Illuminate/Foundation/Http/Kernel.php:144
Stack level 2.\"><span class=\"sf-dump-ellipsis sf-dump-ellipsis-path\">/home/crm/Ariyagostar/vendor</span><span class=\"sf-dump-ellipsis sf-dump-ellipsis-path\">/laravel/framework/</span><span class=\"sf-dump-ellipsis-tail\">src/Illuminate/Foundation/Http/Kernel.php:144</span></span> { &#8230;5}
      <span class=\"sf-dump-meta sf-dump-ellipsization\" title=\"/home/crm/new.ariyajanebi.ir/index.php:52
Stack level 1.\"><span class=\"sf-dump-ellipsis sf-dump-ellipsis-path\">/home/crm</span><span class=\"sf-dump-ellipsis sf-dump-ellipsis-path\">/</span><span class=\"sf-dump-ellipsis-tail\">new.ariyajanebi.ir/index.php:52</span></span> { &#8230;4}
    </samp>}
  </samp>}
  -<span class=sf-dump-private title=\"Private property defined in class:&#10;`Symfony\\Component\\HttpKernel\\Exception\\HttpException`\">statusCode</span>: <span class=sf-dump-num>500</span>
  -<span class=sf-dump-private title=\"Private property defined in class:&#10;`Symfony\\Component\\HttpKernel\\Exception\\HttpException`\">headers</span>: []
  <span class=sf-dump-meta>trace</span>: {<samp data-depth=2 class=sf-dump-compact>
    <span class=\"sf-dump-meta sf-dump-ellipsization\" title=\"/home/crm/Ariyagostar/vendor/laravel/framework/src/Illuminate/Foundation/Exceptions/Handler.php:646
Stack level 7.\"><span class=\"sf-dump-ellipsis sf-dump-ellipsis-path\">/home/crm/Ariyagostar/vendor</span><span class=\"sf-dump-ellipsis sf-dump-ellipsis-path\">/laravel/framework/</span><span class=\"sf-dump-ellipsis-tail\">src/Illuminate/Foundation/Exceptions/Handler.php:646</span></span> {<samp data-depth=3 class=sf-dump-compact>
      <span class=\"sf-dump-note sf-dump-ellipsization\" title=\"Illuminate\\Foundation\\Exceptions\\Handler-&gt;prepareResponse($request, Throwable $e)
\"><span class=\"sf-dump-ellipsis sf-dump-ellipsis-note\">Illuminate\\Foundation\\Exceptions</span><span class=\"sf-dump-ellipsis sf-dump-ellipsis-note\">\\</span><span class=\"sf-dump-ellipsis-tail\">Handler-&gt;prepareResponse($request, Throwable $e)</span></span> &#8230;
      &#8250; <code class=\"php\"><span class=sf-dump-default>if (! $this-&gt;isHttpException($e)) {</span></code>
      &#8250; <code class=\"php\"><span class=sf-dump-const title=\"in Illuminate\\Foundation\\Exceptions\\Handler-&gt;prepareResponse($request, Throwable $e)\">    $e = new HttpException(500, $e-&gt;getMessage(), $e);</span></code>
      &#8250; <code class=\"php\"><span class=sf-dump-default>}</span></code>
    </samp>}
    <span class=\"sf-dump-meta sf-dump-ellipsization\" title=\"/home/crm/Ariyagostar/vendor/laravel/framework/src/Illuminate/Foundation/Exceptions/Handler.php:556
Stack level 6.\"><span class=\"sf-dump-ellipsis sf-dump-ellipsis-path\">/home/crm/Ariyagostar/vendor</span><span class=\"sf-dump-ellipsis sf-dump-ellipsis-path\">/laravel/framework/</span><span class=\"sf-dump-ellipsis-tail\">src/Illuminate/Foundation/Exceptions/Handler.php:556</span></span> {<samp data-depth=3 class=sf-dump-compact>
      <span class=\"sf-dump-note sf-dump-ellipsization\" title=\"Illuminate\\Foundation\\Exceptions\\Handler-&gt;renderExceptionResponse($request, Throwable $e)
\"><span class=\"sf-dump-ellipsis sf-dump-ellipsis-note\">Illuminate\\Foundation\\Exceptions</span><span class=\"sf-dump-ellipsis sf-dump-ellipsis-note\">\\</span><span class=\"sf-dump-ellipsis-tail\">Handler-&gt;renderExceptionResponse($request, Throwable $e)</span></span> &#8230;
      &#8250; <code class=\"php\"><span class=sf-dump-default>                ? $this-&gt;prepareJsonResponse($request, $e)</span></code>
      &#8250; <code class=\"php\"><span class=sf-dump-const title=\"in Illuminate\\Foundation\\Exceptions\\Handler-&gt;renderExceptionResponse($request, Throwable $e)\">                : $this-&gt;prepareResponse($request, $e);</span></code>
      &#8250; <code class=\"php\"><span class=sf-dump-default>}</span></code>
      <span class=sf-dump-meta>arguments</span>: { &#8230;2}
    </samp>}
    <span class=\"sf-dump-meta sf-dump-ellipsization\" title=\"/home/crm/Ariyagostar/vendor/laravel/framework/src/Illuminate/Foundation/Exceptions/Handler.php:473
Stack level 5.\"><span class=\"sf-dump-ellipsis sf-dump-ellipsis-path\">/home/crm/Ariyagostar/vendor</span><span class=\"sf-dump-ellipsis sf-dump-ellipsis-path\">/laravel/framework/</span><span class=\"sf-dump-ellipsis-tail\">src/Illuminate/Foundation/Exceptions/Handler.php:473</span></span> {<samp data-depth=3 class=sf-dump-compact>
      <span class=\"sf-dump-note sf-dump-ellipsization\" title=\"Illuminate\\Foundation\\Exceptions\\Handler-&gt;render($request, Throwable $e)
\"><span class=\"sf-dump-ellipsis sf-dump-ellipsis-note\">Illuminate\\Foundation\\Exceptions</span><span class=\"sf-dump-ellipsis sf-dump-ellipsis-note\">\\</span><span class=\"sf-dump-ellipsis-tail\">Handler-&gt;render($request, Throwable $e)</span></span> &#8230;
      &#8250; <code class=\"php\"><span class=sf-dump-default>    $e instanceof ValidationException =&gt; $this-&gt;convertValidationExceptionToResponse($e, $request),</span></code>
      &#8250; <code class=\"php\"><span class=sf-dump-const title=\"in Illuminate\\Foundation\\Exceptions\\Handler-&gt;render($request, Throwable $e)\">    default =&gt; $this-&gt;renderExceptionResponse($request, $e),</span></code>
      &#8250; <code class=\"php\"><span class=sf-dump-default>};</span></code>
      <span class=sf-dump-meta>arguments</span>: { &#8230;2}
    </samp>}
    <span class=\"sf-dump-meta sf-dump-ellipsization\" title=\"/home/crm/Ariyagostar/app/Exceptions/Handler.php:134
Stack level 4.\"><span class=\"sf-dump-ellipsis sf-dump-ellipsis-path\">/home/crm/Ariyagostar</span><span class=\"sf-dump-ellipsis sf-dump-ellipsis-path\">/</span><span class=\"sf-dump-ellipsis-tail\">app/Exceptions/Handler.php:134</span></span> {<samp data-depth=3 class=sf-dump-compact>
      <span class=\"sf-dump-note sf-dump-ellipsization\" title=\"App\\Exceptions\\Handler-&gt;render($request, Throwable $exception)
\"><span class=\"sf-dump-ellipsis sf-dump-ellipsis-note\">App\\Exceptions</span><span class=\"sf-dump-ellipsis sf-dump-ellipsis-note\">\\</span><span class=\"sf-dump-ellipsis-tail\">Handler-&gt;render($request, Throwable $exception)</span></span> &#8230;
      &#8250; 
      &#8250; <code class=\"php\"><span class=sf-dump-const title=\"in App\\Exceptions\\Handler-&gt;render($request, Throwable $exception)\">    return parent::render($request, $exception);</span></code>
      &#8250; <code class=\"php\"><span class=sf-dump-default>}</span></code>
      <span class=sf-dump-meta>arguments</span>: { &#8230;2}
    </samp>}
    <span class=\"sf-dump-meta sf-dump-ellipsization\" title=\"/home/crm/Ariyagostar/vendor/laravel/framework/src/Illuminate/Foundation/Http/Kernel.php:509
Stack level 3.\"><span class=\"sf-dump-ellipsis sf-dump-ellipsis-path\">/home/crm/Ariyagostar/vendor</span><span class=\"sf-dump-ellipsis sf-dump-ellipsis-path\">/laravel/framework/</span><span class=\"sf-dump-ellipsis-tail\">src/Illuminate/Foundation/Http/Kernel.php:509</span></span> {<samp data-depth=3 class=sf-dump-compact>
      <span class=\"sf-dump-note sf-dump-ellipsization\" title=\"Illuminate\\Foundation\\Http\\Kernel-&gt;renderException($request, Throwable $e)
\"><span class=\"sf-dump-ellipsis sf-dump-ellipsis-note\">Illuminate\\Foundation\\Http</span><span class=\"sf-dump-ellipsis sf-dump-ellipsis-note\">\\</span><span class=\"sf-dump-ellipsis-tail\">Kernel-&gt;renderException($request, Throwable $e)</span></span> &#8230;
      &#8250; <code class=\"php\"><span class=sf-dump-default>{</span></code>
      &#8250; <code class=\"php\"><span class=sf-dump-const title=\"in Illuminate\\Foundation\\Http\\Kernel-&gt;renderException($request, Throwable $e)\">    return $this-&gt;app[ExceptionHandler::class]-&gt;render($request, $e);</span></code>
      &#8250; <code class=\"php\"><span class=sf-dump-default>}</span></code>
      <span class=sf-dump-meta>arguments</span>: { &#8230;2}
    </samp>}
    <span class=\"sf-dump-meta sf-dump-ellipsization\" title=\"/home/crm/Ariyagostar/vendor/laravel/framework/src/Illuminate/Foundation/Http/Kernel.php:148
Stack level 2.\"><span class=\"sf-dump-ellipsis sf-dump-ellipsis-path\">/home/crm/Ariyagostar/vendor</span><span class=\"sf-dump-ellipsis sf-dump-ellipsis-path\">/laravel/framework/</span><span class=\"sf-dump-ellipsis-tail\">src/Illuminate/Foundation/Http/Kernel.php:148</span></span> {<samp data-depth=3 class=sf-dump-compact>
      <span class=\"sf-dump-note sf-dump-ellipsization\" title=\"Illuminate\\Foundation\\Http\\Kernel-&gt;handle($request)
\"><span class=\"sf-dump-ellipsis sf-dump-ellipsis-note\">Illuminate\\Foundation\\Http</span><span class=\"sf-dump-ellipsis sf-dump-ellipsis-note\">\\</span><span class=\"sf-dump-ellipsis-tail\">Kernel-&gt;handle($request)</span></span> &#8230;
      &#8250; 
      &#8250; <code class=\"php\"><span class=sf-dump-const title=\"in Illuminate\\Foundation\\Http\\Kernel-&gt;handle($request)\">    $response = $this-&gt;renderException($request, $e);</span></code>
      &#8250; <code class=\"php\"><span class=sf-dump-default>}</span></code>
      <span class=sf-dump-meta>arguments</span>: { &#8230;2}
    </samp>}
    <span class=\"sf-dump-meta sf-dump-ellipsization\" title=\"/home/crm/new.ariyajanebi.ir/index.php:52
Stack level 1.\"><span class=\"sf-dump-ellipsis sf-dump-ellipsis-path\">/home/crm</span><span class=\"sf-dump-ellipsis sf-dump-ellipsis-path\">/</span><span class=\"sf-dump-ellipsis-tail\">new.ariyajanebi.ir/index.php:52</span></span> {<samp data-depth=3 class=sf-dump-compact>
      &#8250; <code class=\"php\"><span class=sf-dump-default><span class=\"sf-dump-default sf-dump-ns\">\\r</span></span></code>
      &#8250; <code class=\"php\"><span class=sf-dump-const>$response = tap($kernel-&gt;handle(<span class=\"sf-dump-default sf-dump-ns\">\\r</span></span></code>
      &#8250; <code class=\"php\"><span class=sf-dump-default>    $request = Request::capture()<span class=\"sf-dump-default sf-dump-ns\">\\r</span></span></code>
      <span class=sf-dump-meta>arguments</span>: { &#8230;1}
    </samp>}
  </samp>}
</samp>}
</pre><script>Sfdump(\"sf-dump-2046257069\", {\"maxDepth\":3,\"maxStringLength\":160})</script>
","current_local":"<pre class=sf-dump id=sf-dump-1311325464 data-indent-pad=\"  \"><span class=sf-dump-note>array:3</span> [<samp data-depth=1 class=sf-dump-expanded>
  \"<span class=sf-dump-key>name</span>\" => \"<span class=sf-dump-str title=\"5 characters\">&#1601;&#1575;&#1585;&#1587;&#1740;</span>\"
  \"<span class=sf-dump-key>direction</span>\" => \"<span class=sf-dump-str title=\"3 characters\">rtl</span>\"
  \"<span class=sf-dump-key>english_name</span>\" => \"<span class=sf-dump-str title=\"7 characters\">Persian</span>\"
</samp>]
</pre><script>Sfdump(\"sf-dump-1311325464\", {\"maxDepth\":3,\"maxStringLength\":160})</script>
","title":"<pre class=sf-dump id=sf-dump-30784367 data-indent-pad=\"  \">\"<span class=sf-dump-str title=\"9 characters\">&#1582;&#1591;&#1575;&#1740; &#1587;&#1585;&#1608;&#1585;</span>\"
</pre><script>Sfdump(\"sf-dump-30784367\", {\"maxDepth\":3,\"maxStringLength\":160})</script>
"}},"exception":"[object] (Spatie\\LaravelIgnition\\Exceptions\\ViewException(code: 0): Route [csrf] not defined. at /home/crm/Ariyagostar/vendor/laravel/framework/src/Illuminate/Routing/UrlGenerator.php:477)
[stacktrace]
#0 /home/crm/Ariyagostar/bootstrap/functions.php(11): Illuminate\\Routing\\UrlGenerator->route('csrf', Array, true)
#1 /home/crm/Ariyagostar/resources/views/back/partials/meta.blade.php(12): route('csrf')
#2 /home/crm/Ariyagostar/vendor/laravel/framework/src/Illuminate/Filesystem/Filesystem.php(123): require('/home/crm/Ariya...')
#3 /home/crm/Ariyagostar/vendor/laravel/framework/src/Illuminate/Filesystem/Filesystem.php(124): Illuminate\\Filesystem\\Filesystem::Illuminate\\Filesystem\\{closure}()
#4 /home/crm/Ariyagostar/vendor/laravel/framework/src/Illuminate/View/Engines/PhpEngine.php(58): Illuminate\\Filesystem\\Filesystem->getRequire('/home/crm/Ariya...', Array)
#5 /home/crm/Ariyagostar/vendor/laravel/framework/src/Illuminate/View/Engines/CompilerEngine.php(72): Illuminate\\View\\Engines\\PhpEngine->evaluatePath('/home/crm/Ariya...', Array)
#6 /home/crm/Ariyagostar/vendor/laravel/framework/src/Illuminate/View/View.php(207): Illuminate\\View\\Engines\\CompilerEngine->get('/home/crm/Ariya...', Array)
#7 /home/crm/Ariyagostar/vendor/laravel/framework/src/Illuminate/View/View.php(190): Illuminate\\View\\View->getContents()
#8 /home/crm/Ariyagostar/vendor/laravel/framework/src/Illuminate/View/View.php(159): Illuminate\\View\\View->renderContents()
#9 /home/crm/Ariyagostar/resources/views/errors/layouts/master.blade.php(6): Illuminate\\View\\View->render()
#10 /home/crm/Ariyagostar/vendor/laravel/framework/src/Illuminate/Filesystem/Filesystem.php(123): require('/home/crm/Ariya...')
#11 /home/crm/Ariyagostar/vendor/laravel/framework/src/Illuminate/Filesystem/Filesystem.php(124): Illuminate\\Filesystem\\Filesystem::Illuminate\\Filesystem\\{closure}()
#12 /home/crm/Ariyagostar/vendor/laravel/framework/src/Illuminate/View/Engines/PhpEngine.php(58): Illuminate\\Filesystem\\Filesystem->getRequire('/home/crm/Ariya...', Array)
#13 /home/crm/Ariyagostar/vendor/laravel/framework/src/Illuminate/View/Engines/CompilerEngine.php(72): Illuminate\\View\\Engines\\PhpEngine->evaluatePath('/home/crm/Ariya...', Array)
#14 /home/crm/Ariyagostar/vendor/laravel/framework/src/Illuminate/View/View.php(207): Illuminate\\View\\Engines\\CompilerEngine->get('/home/crm/Ariya...', Array)
#15 /home/crm/Ariyagostar/vendor/laravel/framework/src/Illuminate/View/View.php(190): Illuminate\\View\\View->getContents()
#16 /home/crm/Ariyagostar/vendor/laravel/framework/src/Illuminate/View/View.php(159): Illuminate\\View\\View->renderContents()
#17 /home/crm/Ariyagostar/resources/views/errors/500.blade.php(34): Illuminate\\View\\View->render()
#18 /home/crm/Ariyagostar/vendor/laravel/framework/src/Illuminate/Filesystem/Filesystem.php(123): require('/home/crm/Ariya...')
#19 /home/crm/Ariyagostar/vendor/laravel/framework/src/Illuminate/Filesystem/Filesystem.php(124): Illuminate\\Filesystem\\Filesystem::Illuminate\\Filesystem\\{closure}()
#20 /home/crm/Ariyagostar/vendor/laravel/framework/src/Illuminate/View/Engines/PhpEngine.php(58): Illuminate\\Filesystem\\Filesystem->getRequire('/home/crm/Ariya...', Array)
#21 /home/crm/Ariyagostar/vendor/laravel/framework/src/Illuminate/View/Engines/CompilerEngine.php(72): Illuminate\\View\\Engines\\PhpEngine->evaluatePath('/home/crm/Ariya...', Array)
#22 /home/crm/Ariyagostar/vendor/laravel/framework/src/Illuminate/View/View.php(207): Illuminate\\View\\Engines\\CompilerEngine->get('/home/crm/Ariya...', Array)
#23 /home/crm/Ariyagostar/vendor/laravel/framework/src/Illuminate/View/View.php(190): Illuminate\\View\\View->getContents()
#24 /home/crm/Ariyagostar/vendor/laravel/framework/src/Illuminate/View/View.php(159): Illuminate\\View\\View->renderContents()
#25 /home/crm/Ariyagostar/vendor/laravel/framework/src/Illuminate/Http/Response.php(69): Illuminate\\View\\View->render()
#26 /home/crm/Ariyagostar/vendor/laravel/framework/src/Illuminate/Http/Response.php(35): Illuminate\\Http\\Response->setContent(Object(Illuminate\\View\\View))
#27 /home/crm/Ariyagostar/vendor/laravel/framework/src/Illuminate/Routing/ResponseFactory.php(58): Illuminate\\Http\\Response->__construct(Object(Illuminate\\View\\View), 500, Array)
#28 /home/crm/Ariyagostar/vendor/laravel/framework/src/Illuminate/Routing/ResponseFactory.php(88): Illuminate\\Routing\\ResponseFactory->make(Object(Illuminate\\View\\View), 500, Array)
#29 /home/crm/Ariyagostar/vendor/laravel/framework/src/Illuminate/Foundation/Exceptions/Handler.php(723): Illuminate\\Routing\\ResponseFactory->view('errors::500', Array, 500, Array)
#30 /home/crm/Ariyagostar/vendor/laravel/framework/src/Illuminate/Foundation/Exceptions/Handler.php(650): Illuminate\\Foundation\\Exceptions\\Handler->renderHttpException(Object(Symfony\\Component\\HttpKernel\\Exception\\HttpException))
#31 /home/crm/Ariyagostar/vendor/laravel/framework/src/Illuminate/Foundation/Exceptions/Handler.php(556): Illuminate\\Foundation\\Exceptions\\Handler->prepareResponse(Object(Illuminate\\Http\\Request), Object(Symfony\\Component\\HttpKernel\\Exception\\HttpException))
#32 /home/crm/Ariyagostar/vendor/laravel/framework/src/Illuminate/Foundation/Exceptions/Handler.php(473): Illuminate\\Foundation\\Exceptions\\Handler->renderExceptionResponse(Object(Illuminate\\Http\\Request), Object(Illuminate\\Database\\QueryException))
#33 /home/crm/Ariyagostar/app/Exceptions/Handler.php(134): Illuminate\\Foundation\\Exceptions\\Handler->render(Object(Illuminate\\Http\\Request), Object(Illuminate\\Database\\QueryException))
#34 /home/crm/Ariyagostar/vendor/laravel/framework/src/Illuminate/Foundation/Http/Kernel.php(509): App\\Exceptions\\Handler->render(Object(Illuminate\\Http\\Request), Object(Illuminate\\Database\\QueryException))
#35 /home/crm/Ariyagostar/vendor/laravel/framework/src/Illuminate/Foundation/Http/Kernel.php(148): Illuminate\\Foundation\\Http\\Kernel->renderException(Object(Illuminate\\Http\\Request), Object(Illuminate\\Database\\QueryException))
#36 /home/crm/new.ariyajanebi.ir/index.php(52): Illuminate\\Foundation\\Http\\Kernel->handle(Object(Illuminate\\Http\\Request))
#37 {main}

[previous exception] [object] (Symfony\\Component\\Routing\\Exception\\RouteNotFoundException(code: 0): Route [csrf] not defined. at /home/crm/Ariyagostar/vendor/laravel/framework/src/Illuminate/Routing/UrlGenerator.php:477)
[stacktrace]
#0 /home/crm/Ariyagostar/bootstrap/functions.php(11): Illuminate\\Routing\\UrlGenerator->route('csrf', Array, true)
#1 /home/crm/Ariyagostar/storage/framework/views/a548ae8b2f76e73dbd5e30505722720e.php(11): route('csrf')
#2 /home/crm/Ariyagostar/vendor/laravel/framework/src/Illuminate/Filesystem/Filesystem.php(123): require('/home/crm/Ariya...')
#3 /home/crm/Ariyagostar/vendor/laravel/framework/src/Illuminate/Filesystem/Filesystem.php(124): Illuminate\\Filesystem\\Filesystem::Illuminate\\Filesystem\\{closure}()
#4 /home/crm/Ariyagostar/vendor/laravel/framework/src/Illuminate/View/Engines/PhpEngine.php(58): Illuminate\\Filesystem\\Filesystem->getRequire('/home/crm/Ariya...', Array)
#5 /home/crm/Ariyagostar/vendor/laravel/framework/src/Illuminate/View/Engines/CompilerEngine.php(72): Illuminate\\View\\Engines\\PhpEngine->evaluatePath('/home/crm/Ariya...', Array)
#6 /home/crm/Ariyagostar/vendor/laravel/framework/src/Illuminate/View/View.php(207): Illuminate\\View\\Engines\\CompilerEngine->get('/home/crm/Ariya...', Array)
#7 /home/crm/Ariyagostar/vendor/laravel/framework/src/Illuminate/View/View.php(190): Illuminate\\View\\View->getContents()
#8 /home/crm/Ariyagostar/vendor/laravel/framework/src/Illuminate/View/View.php(159): Illuminate\\View\\View->renderContents()
#9 /home/crm/Ariyagostar/storage/framework/views/2887bfc6558339ab1cb958f24032a521.php(6): Illuminate\\View\\View->render()
#10 /home/crm/Ariyagostar/vendor/laravel/framework/src/Illuminate/Filesystem/Filesystem.php(123): require('/home/crm/Ariya...')
#11 /home/crm/Ariyagostar/vendor/laravel/framework/src/Illuminate/Filesystem/Filesystem.php(124): Illuminate\\Filesystem\\Filesystem::Illuminate\\Filesystem\\{closure}()
#12 /home/crm/Ariyagostar/vendor/laravel/framework/src/Illuminate/View/Engines/PhpEngine.php(58): Illuminate\\Filesystem\\Filesystem->getRequire('/home/crm/Ariya...', Array)
#13 /home/crm/Ariyagostar/vendor/laravel/framework/src/Illuminate/View/Engines/CompilerEngine.php(72): Illuminate\\View\\Engines\\PhpEngine->evaluatePath('/home/crm/Ariya...', Array)
#14 /home/crm/Ariyagostar/vendor/laravel/framework/src/Illuminate/View/View.php(207): Illuminate\\View\\Engines\\CompilerEngine->get('/home/crm/Ariya...', Array)
#15 /home/crm/Ariyagostar/vendor/laravel/framework/src/Illuminate/View/View.php(190): Illuminate\\View\\View->getContents()
#16 /home/crm/Ariyagostar/vendor/laravel/framework/src/Illuminate/View/View.php(159): Illuminate\\View\\View->renderContents()
#17 /home/crm/Ariyagostar/storage/framework/views/20483f08a8a35db701f22f3b4c0dcf09.php(34): Illuminate\\View\\View->render()
#18 /home/crm/Ariyagostar/vendor/laravel/framework/src/Illuminate/Filesystem/Filesystem.php(123): require('/home/crm/Ariya...')
#19 /home/crm/Ariyagostar/vendor/laravel/framework/src/Illuminate/Filesystem/Filesystem.php(124): Illuminate\\Filesystem\\Filesystem::Illuminate\\Filesystem\\{closure}()
#20 /home/crm/Ariyagostar/vendor/laravel/framework/src/Illuminate/View/Engines/PhpEngine.php(58): Illuminate\\Filesystem\\Filesystem->getRequire('/home/crm/Ariya...', Array)
#21 /home/crm/Ariyagostar/vendor/laravel/framework/src/Illuminate/View/Engines/CompilerEngine.php(72): Illuminate\\View\\Engines\\PhpEngine->evaluatePath('/home/crm/Ariya...', Array)
#22 /home/crm/Ariyagostar/vendor/laravel/framework/src/Illuminate/View/View.php(207): Illuminate\\View\\Engines\\CompilerEngine->get('/home/crm/Ariya...', Array)
#23 /home/crm/Ariyagostar/vendor/laravel/framework/src/Illuminate/View/View.php(190): Illuminate\\View\\View->getContents()
#24 /home/crm/Ariyagostar/vendor/laravel/framework/src/Illuminate/View/View.php(159): Illuminate\\View\\View->renderContents()
#25 /home/crm/Ariyagostar/vendor/laravel/framework/src/Illuminate/Http/Response.php(69): Illuminate\\View\\View->render()
#26 /home/crm/Ariyagostar/vendor/laravel/framework/src/Illuminate/Http/Response.php(35): Illuminate\\Http\\Response->setContent(Object(Illuminate\\View\\View))
#27 /home/crm/Ariyagostar/vendor/laravel/framework/src/Illuminate/Routing/ResponseFactory.php(58): Illuminate\\Http\\Response->__construct(Object(Illuminate\\View\\View), 500, Array)
#28 /home/crm/Ariyagostar/vendor/laravel/framework/src/Illuminate/Routing/ResponseFactory.php(88): Illuminate\\Routing\\ResponseFactory->make(Object(Illuminate\\View\\View), 500, Array)
#29 /home/crm/Ariyagostar/vendor/laravel/framework/src/Illuminate/Foundation/Exceptions/Handler.php(723): Illuminate\\Routing\\ResponseFactory->view('errors::500', Array, 500, Array)
#30 /home/crm/Ariyagostar/vendor/laravel/framework/src/Illuminate/Foundation/Exceptions/Handler.php(650): Illuminate\\Foundation\\Exceptions\\Handler->renderHttpException(Object(Symfony\\Component\\HttpKernel\\Exception\\HttpException))
#31 /home/crm/Ariyagostar/vendor/laravel/framework/src/Illuminate/Foundation/Exceptions/Handler.php(556): Illuminate\\Foundation\\Exceptions\\Handler->prepareResponse(Object(Illuminate\\Http\\Request), Object(Symfony\\Component\\HttpKernel\\Exception\\HttpException))
#32 /home/crm/Ariyagostar/vendor/laravel/framework/src/Illuminate/Foundation/Exceptions/Handler.php(473): Illuminate\\Foundation\\Exceptions\\Handler->renderExceptionResponse(Object(Illuminate\\Http\\Request), Object(Illuminate\\Database\\QueryException))
#33 /home/crm/Ariyagostar/app/Exceptions/Handler.php(134): Illuminate\\Foundation\\Exceptions\\Handler->render(Object(Illuminate\\Http\\Request), Object(Illuminate\\Database\\QueryException))
#34 /home/crm/Ariyagostar/vendor/laravel/framework/src/Illuminate/Foundation/Http/Kernel.php(509): App\\Exceptions\\Handler->render(Object(Illuminate\\Http\\Request), Object(Illuminate\\Database\\QueryException))
#35 /home/crm/Ariyagostar/vendor/laravel/framework/src/Illuminate/Foundation/Http/Kernel.php(148): Illuminate\\Foundation\\Http\\Kernel->renderException(Object(Illuminate\\Http\\Request), Object(Illuminate\\Database\\QueryException))
#36 /home/crm/new.ariyajanebi.ir/index.php(52): Illuminate\\Foundation\\Http\\Kernel->handle(Object(Illuminate\\Http\\Request))
#37 {main}
"} 
[2026-07-23 10:04:52] local.ERROR: SQLSTATE[HY000] [1045] Access denied for user 'root'@'localhost' (using password: NO) (Connection: mysql, SQL: select * from `permissions` where `active` = 1) {"exception":"[object] (Illuminate\\Database\\QueryException(code: 1045): SQLSTATE[HY000] [1045] Access denied for user 'root'@'localhost' (using password: NO) (Connection: mysql, SQL: select * from `permissions` where `active` = 1) at /home/crm/Ariyagostar/vendor/laravel/framework/src/Illuminate/Database/Connection.php:829)
[stacktrace]
#0 /home/crm/Ariyagostar/vendor/laravel/framework/src/Illuminate/Database/Connection.php(783): Illuminate\\Database\\Connection->runQueryCallback('select * from `...', Array, Object(Closure))
#1 /home/crm/Ariyagostar/vendor/laravel/framework/src/Illuminate/Database/Connection.php(414): Illuminate\\Database\\Connection->run('select * from `...', Array, Object(Closure))
#2 /home/crm/Ariyagostar/vendor/laravel/framework/src/Illuminate/Database/Query/Builder.php(2913): Illuminate\\Database\\Connection->select('select * from `...', Array, true)
#3 /home/crm/Ariyagostar/vendor/laravel/framework/src/Illuminate/Database/Query/Builder.php(2902): Illuminate\\Database\\Query\\Builder->runSelect()
#4 /home/crm/Ariyagostar/vendor/laravel/framework/src/Illuminate/Database/Query/Builder.php(3456): Illuminate\\Database\\Query\\Builder->Illuminate\\Database\\Query\\{closure}()
#5 /home/crm/Ariyagostar/vendor/laravel/framework/src/Illuminate/Database/Query/Builder.php(2901): Illuminate\\Database\\Query\\Builder->onceWithColumns(Array, Object(Closure))
#6 /home/crm/Ariyagostar/vendor/laravel/framework/src/Illuminate/Database/Eloquent/Builder.php(739): Illuminate\\Database\\Query\\Builder->get(Array)
#7 /home/crm/Ariyagostar/vendor/laravel/framework/src/Illuminate/Database/Eloquent/Builder.php(723): Illuminate\\Database\\Eloquent\\Builder->getModels(Array)
#8 /home/crm/Ariyagostar/app/Providers/AuthServiceProvider.php(40): Illuminate\\Database\\Eloquent\\Builder->get()
#9 /home/crm/Ariyagostar/app/Providers/AuthServiceProvider.php(30): App\\Providers\\AuthServiceProvider->getPermissions()
#10 /home/crm/Ariyagostar/vendor/laravel/framework/src/Illuminate/Container/BoundMethod.php(36): App\\Providers\\AuthServiceProvider->boot()
#11 /home/crm/Ariyagostar/vendor/laravel/framework/src/Illuminate/Container/Util.php(41): Illuminate\\Container\\BoundMethod::Illuminate\\Container\\{closure}()
#12 /home/crm/Ariyagostar/vendor/laravel/framework/src/Illuminate/Container/BoundMethod.php(93): Illuminate\\Container\\Util::unwrapIfClosure(Object(Closure))
#13 /home/crm/Ariyagostar/vendor/laravel/framework/src/Illuminate/Container/BoundMethod.php(35): Illuminate\\Container\\BoundMethod::callBoundMethod(Object(Illuminate\\Foundation\\Application), Array, Object(Closure))
#14 /home/crm/Ariyagostar/vendor/laravel/framework/src/Illuminate/Container/Container.php(662): Illuminate\\Container\\BoundMethod::call(Object(Illuminate\\Foundation\\Application), Array, Array, NULL)
#15 /home/crm/Ariyagostar/vendor/laravel/framework/src/Illuminate/Foundation/Application.php(1059): Illuminate\\Container\\Container->call(Array)
#16 /home/crm/Ariyagostar/vendor/laravel/framework/src/Illuminate/Foundation/Application.php(1040): Illuminate\\Foundation\\Application->bootProvider(Object(App\\Providers\\AuthServiceProvider))
#17 [internal function]: Illuminate\\Foundation\\Application->Illuminate\\Foundation\\{closure}(Object(App\\Providers\\AuthServiceProvider), 43)
#18 /home/crm/Ariyagostar/vendor/laravel/framework/src/Illuminate/Foundation/Application.php(1039): array_walk(Array, Object(Closure))
#19 /home/crm/Ariyagostar/vendor/laravel/framework/src/Illuminate/Foundation/Bootstrap/BootProviders.php(17): Illuminate\\Foundation\\Application->boot()
#20 /home/crm/Ariyagostar/vendor/laravel/framework/src/Illuminate/Foundation/Application.php(286): Illuminate\\Foundation\\Bootstrap\\BootProviders->bootstrap(Object(Illuminate\\Foundation\\Application))
#21 /home/crm/Ariyagostar/vendor/laravel/framework/src/Illuminate/Foundation/Http/Kernel.php(186): Illuminate\\Foundation\\Application->bootstrapWith(Array)
#22 /home/crm/Ariyagostar/vendor/laravel/framework/src/Illuminate/Foundation/Http/Kernel.php(170): Illuminate\\Foundation\\Http\\Kernel->bootstrap()
#23 /home/crm/Ariyagostar/vendor/laravel/framework/src/Illuminate/Foundation/Http/Kernel.php(144): Illuminate\\Foundation\\Http\\Kernel->sendRequestThroughRouter(Object(Illuminate\\Http\\Request))
#24 /home/crm/new.ariyajanebi.ir/index.php(52): Illuminate\\Foundation\\Http\\Kernel->handle(Object(Illuminate\\Http\\Request))
#25 {main}

[previous exception] [object] (PDOException(code: 1045): SQLSTATE[HY000] [1045] Access denied for user 'root'@'localhost' (using password: NO) at /home/crm/Ariyagostar/vendor/laravel/framework/src/Illuminate/Database/Connectors/Connector.php:65)
[stacktrace]
#0 /home/crm/Ariyagostar/vendor/laravel/framework/src/Illuminate/Database/Connectors/Connector.php(65): PDO->__construct('mysql:host=127....', 'root', Object(SensitiveParameterValue), Array)
#1 /home/crm/Ariyagostar/vendor/laravel/framework/src/Illuminate/Database/Connectors/Connector.php(44): Illuminate\\Database\\Connectors\\Connector->createPdoConnection('mysql:host=127....', 'root', '', Array)
#2 /home/crm/Ariyagostar/vendor/laravel/framework/src/Illuminate/Database/Connectors/MySqlConnector.php(24): Illuminate\\Database\\Connectors\\Connector->createConnection('mysql:host=127....', Array, Array)
#3 /home/crm/Ariyagostar/vendor/laravel/framework/src/Illuminate/Database/Connectors/ConnectionFactory.php(184): Illuminate\\Database\\Connectors\\MySqlConnector->connect(Array)
#4 [internal function]: Illuminate\\Database\\Connectors\\ConnectionFactory->Illuminate\\Database\\Connectors\\{closure}()
#5 /home/crm/Ariyagostar/vendor/laravel/framework/src/Illuminate/Database/Connection.php(1339): call_user_func(Object(Closure))
#6 /home/crm/Ariyagostar/vendor/laravel/framework/src/Illuminate/Database/Connection.php(1375): Illuminate\\Database\\Connection->getPdo()
#7 /home/crm/Ariyagostar/vendor/laravel/framework/src/Illuminate/Database/Connection.php(528): Illuminate\\Database\\Connection->getReadPdo()
#8 /home/crm/Ariyagostar/vendor/laravel/framework/src/Illuminate/Database/Connection.php(423): Illuminate\\Database\\Connection->getPdoForSelect(true)
#9 /home/crm/Ariyagostar/vendor/laravel/framework/src/Illuminate/Database/Connection.php(816): Illuminate\\Database\\Connection->Illuminate\\Database\\{closure}('select * from `...', Array)
#10 /home/crm/Ariyagostar/vendor/laravel/framework/src/Illuminate/Database/Connection.php(783): Illuminate\\Database\\Connection->runQueryCallback('select * from `...', Array, Object(Closure))
#11 /home/crm/Ariyagostar/vendor/laravel/framework/src/Illuminate/Database/Connection.php(414): Illuminate\\Database\\Connection->run('select * from `...', Array, Object(Closure))
#12 /home/crm/Ariyagostar/vendor/laravel/framework/src/Illuminate/Database/Query/Builder.php(2913): Illuminate\\Database\\Connection->select('select * from `...', Array, true)
#13 /home/crm/Ariyagostar/vendor/laravel/framework/src/Illuminate/Database/Query/Builder.php(2902): Illuminate\\Database\\Query\\Builder->runSelect()
#14 /home/crm/Ariyagostar/vendor/laravel/framework/src/Illuminate/Database/Query/Builder.php(3456): Illuminate\\Database\\Query\\Builder->Illuminate\\Database\\Query\\{closure}()
#15 /home/crm/Ariyagostar/vendor/laravel/framework/src/Illuminate/Database/Query/Builder.php(2901): Illuminate\\Database\\Query\\Builder->onceWithColumns(Array, Object(Closure))
#16 /home/crm/Ariyagostar/vendor/laravel/framework/src/Illuminate/Database/Eloquent/Builder.php(739): Illuminate\\Database\\Query\\Builder->get(Array)
#17 /home/crm/Ariyagostar/vendor/laravel/framework/src/Illuminate/Database/Eloquent/Builder.php(723): Illuminate\\Database\\Eloquent\\Builder->getModels(Array)
#18 /home/crm/Ariyagostar/app/Providers/AuthServiceProvider.php(40): Illuminate\\Database\\Eloquent\\Builder->get()
#19 /home/crm/Ariyagostar/app/Providers/AuthServiceProvider.php(30): App\\Providers\\AuthServiceProvider->getPermissions()
#20 /home/crm/Ariyagostar/vendor/laravel/framework/src/Illuminate/Container/BoundMethod.php(36): App\\Providers\\AuthServiceProvider->boot()
#21 /home/crm/Ariyagostar/vendor/laravel/framework/src/Illuminate/Container/Util.php(41): Illuminate\\Container\\BoundMethod::Illuminate\\Container\\{closure}()
#22 /home/crm/Ariyagostar/vendor/laravel/framework/src/Illuminate/Container/BoundMethod.php(93): Illuminate\\Container\\Util::unwrapIfClosure(Object(Closure))
#23 /home/crm/Ariyagostar/vendor/laravel/framework/src/Illuminate/Container/BoundMethod.php(35): Illuminate\\Container\\BoundMethod::callBoundMethod(Object(Illuminate\\Foundation\\Application), Array, Object(Closure))
#24 /home/crm/Ariyagostar/vendor/laravel/framework/src/Illuminate/Container/Container.php(662): Illuminate\\Container\\BoundMethod::call(Object(Illuminate\\Foundation\\Application), Array, Array, NULL)
#25 /home/crm/Ariyagostar/vendor/laravel/framework/src/Illuminate/Foundation/Application.php(1059): Illuminate\\Container\\Container->call(Array)
#26 /home/crm/Ariyagostar/vendor/laravel/framework/src/Illuminate/Foundation/Application.php(1040): Illuminate\\Foundation\\Application->bootProvider(Object(App\\Providers\\AuthServiceProvider))
#27 [internal function]: Illuminate\\Foundation\\Application->Illuminate\\Foundation\\{closure}(Object(App\\Providers\\AuthServiceProvider), 43)
#28 /home/crm/Ariyagostar/vendor/laravel/framework/src/Illuminate/Foundation/Application.php(1039): array_walk(Array, Object(Closure))
#29 /home/crm/Ariyagostar/vendor/laravel/framework/src/Illuminate/Foundation/Bootstrap/BootProviders.php(17): Illuminate\\Foundation\\Application->boot()
#30 /home/crm/Ariyagostar/vendor/laravel/framework/src/Illuminate/Foundation/Application.php(286): Illuminate\\Foundation\\Bootstrap\\BootProviders->bootstrap(Object(Illuminate\\Foundation\\Application))
#31 /home/crm/Ariyagostar/vendor/laravel/framework/src/Illuminate/Foundation/Http/Kernel.php(186): Illuminate\\Foundation\\Application->bootstrapWith(Array)
#32 /home/crm/Ariyagostar/vendor/laravel/framework/src/Illuminate/Foundation/Http/Kernel.php(170): Illuminate\\Foundation\\Http\\Kernel->bootstrap()
#33 /home/crm/Ariyagostar/vendor/laravel/framework/src/Illuminate/Foundation/Http/Kernel.php(144): Illuminate\\Foundation\\Http\\Kernel->sendRequestThroughRouter(Object(Illuminate\\Http\\Request))
#34 /home/crm/new.ariyajanebi.ir/index.php(52): Illuminate\\Foundation\\Http\\Kernel->handle(Object(Illuminate\\Http\\Request))
#35 {main}
"} 
[2026-07-23 10:04:52] local.ERROR: Route [csrf] not defined. {"view":{"view":"/home/crm/Ariyagostar/resources/views/back/partials/meta.blade.php","data":{"errors":"<pre class=sf-dump id=sf-dump-1436708007 data-indent-pad=\"  \"><span class=sf-dump-note>Illuminate\\Support\\ViewErrorBag</span> {<a class=sf-dump-ref>#1163</a><samp data-depth=1 class=sf-dump-expanded>
  #<span class=sf-dump-protected title=\"Protected property\">bags</span>: []
</samp>}
</pre><script>Sfdump(\"sf-dump-1436708007\", {\"maxDepth\":3,\"maxStringLength\":160})</script>
","exception":"<pre class=sf-dump id=sf-dump-1881589611 data-indent-pad=\"  \"><span class=sf-dump-note>Symfony\\Component\\HttpKernel\\Exception\\HttpException</span> {<a class=sf-dump-ref>#1171</a><samp data-depth=1 class=sf-dump-expanded>
  #<span class=sf-dump-protected title=\"Protected property\">message</span>: \"<span class=sf-dump-str title=\"158 characters\">SQLSTATE[HY000] [1045] Access denied for user &#039;root&#039;@&#039;localhost&#039; (using password: NO) (Connection: mysql, SQL: select * from `permissions` where `active` = 1)</span>\"
  #<span class=sf-dump-protected title=\"Protected property\">code</span>: <span class=sf-dump-num>0</span>
  #<span class=sf-dump-protected title=\"Protected property\">file</span>: \"<span class=\"sf-dump-str sf-dump-ellipsization\" title=\"/home/crm/Ariyagostar/vendor/laravel/framework/src/Illuminate/Foundation/Exceptions/Handler.php
95 characters\"><span class=\"sf-dump-ellipsis sf-dump-ellipsis-path\">/home/crm/Ariyagostar/vendor</span><span class=\"sf-dump-ellipsis sf-dump-ellipsis-path\">/laravel/framework/</span><span class=\"sf-dump-ellipsis-tail\">src/Illuminate/Foundation/Exceptions/Handler.php</span></span>\"
  #<span class=sf-dump-protected title=\"Protected property\">line</span>: <span class=sf-dump-num>646</span>
  -<span class=sf-dump-private title=\"Private property defined in class:&#10;`Exception`\">previous</span>: <span class=\"sf-dump-note sf-dump-ellipsization\" title=\"Illuminate\\Database\\QueryException
\"><span class=\"sf-dump-ellipsis sf-dump-ellipsis-note\">Illuminate\\Database</span><span class=\"sf-dump-ellipsis sf-dump-ellipsis-note\">\\</span><span class=\"sf-dump-ellipsis-tail\">QueryException</span></span> {<a class=sf-dump-ref href=#sf-dump-1881589611-ref21134 title=\"6 occurrences\">#1134</a><samp data-depth=2 id=sf-dump-1881589611-ref21134 class=sf-dump-compact>
    #<span class=sf-dump-protected title=\"Protected property\">message</span>: \"<span class=sf-dump-str title=\"158 characters\">SQLSTATE[HY000] [1045] Access denied for user &#039;root&#039;@&#039;localhost&#039; (using password: NO) (Connection: mysql, SQL: select * from `permissions` where `active` = 1)</span>\"
    #<span class=sf-dump-protected title=\"Protected property\">code</span>: <span class=sf-dump-num>1045</span>
    #<span class=sf-dump-protected title=\"Protected property\">file</span>: \"<span class=\"sf-dump-str sf-dump-ellipsization\" title=\"/home/crm/Ariyagostar/vendor/laravel/framework/src/Illuminate/Database/Connection.php
85 characters\"><span class=\"sf-dump-ellipsis sf-dump-ellipsis-path\">/home/crm/Ariyagostar/vendor</span><span class=\"sf-dump-ellipsis sf-dump-ellipsis-path\">/laravel/framework/</span><span class=\"sf-dump-ellipsis-tail\">src/Illuminate/Database/Connection.php</span></span>\"
    #<span class=sf-dump-protected title=\"Protected property\">line</span>: <span class=sf-dump-num>829</span>
    -<span class=sf-dump-private title=\"Private property defined in class:&#10;`Exception`\">previous</span>: <span class=sf-dump-note>PDOException</span> {<a class=sf-dump-ref>#1138</a><samp data-depth=3 class=sf-dump-compact>
      #<span class=sf-dump-protected title=\"Protected property\">message</span>: \"<span class=sf-dump-str title=\"85 characters\">SQLSTATE[HY000] [1045] Access denied for user &#039;root&#039;@&#039;localhost&#039; (using password: NO)</span>\"
      #<span class=sf-dump-protected title=\"Protected property\">code</span>: <span class=sf-dump-num>1045</span>
      #<span class=sf-dump-protected title=\"Protected property\">file</span>: \"<span class=\"sf-dump-str sf-dump-ellipsization\" title=\"/home/crm/Ariyagostar/vendor/laravel/framework/src/Illuminate/Database/Connectors/Connector.php
95 characters\"><span class=\"sf-dump-ellipsis sf-dump-ellipsis-path\">/home/crm/Ariyagostar/vendor</span><span class=\"sf-dump-ellipsis sf-dump-ellipsis-path\">/laravel/framework/</span><span class=\"sf-dump-ellipsis-tail\">src/Illuminate/Database/Connectors/Connector.php</span></span>\"
      #<span class=sf-dump-protected title=\"Protected property\">line</span>: <span class=sf-dump-num>65</span>
      +<span class=sf-dump-public title=\"Public property\">errorInfo</span>: <span class=sf-dump-note>array:3</span> [ &#8230;3]
      <span class=sf-dump-meta>trace</span>: { &#8230;35}
    </samp>}
    +<span class=sf-dump-public title=\"Public property\">errorInfo</span>: <span class=sf-dump-note>array:3</span> [<samp data-depth=3 class=sf-dump-compact>
      <span class=sf-dump-index>0</span> => \"<span class=sf-dump-str title=\"5 characters\">HY000</span>\"
      <span class=sf-dump-index>1</span> => <span class=sf-dump-num>1045</span>
      <span class=sf-dump-index>2</span> => \"<span class=sf-dump-str title=\"62 characters\">Access denied for user &#039;root&#039;@&#039;localhost&#039; (using password: NO)</span>\"
    </samp>]
    +<span class=sf-dump-public title=\"Public property\">connectionName</span>: \"<span class=sf-dump-str title=\"5 characters\">mysql</span>\"
    #<span class=sf-dump-protected title=\"Protected property\">sql</span>: \"<span class=sf-dump-str title=\"46 characters\">select * from `permissions` where `active` = ?</span>\"
    #<span class=sf-dump-protected title=\"Protected property\">bindings</span>: <span class=sf-dump-note>array:1</span> [<samp data-depth=3 class=sf-dump-compact>
      <span class=sf-dump-index>0</span> => <span class=sf-dump-num>1</span>
    </samp>]
    <span class=sf-dump-meta>trace</span>: {<samp data-depth=3 class=sf-dump-compact>
      <span class=\"sf-dump-meta sf-dump-ellipsization\" title=\"/home/crm/Ariyagostar/vendor/laravel/framework/src/Illuminate/Database/Connection.php:829
Stack level 26.\"><span class=\"sf-dump-ellipsis sf-dump-ellipsis-path\">/home/crm/Ariyagostar/vendor</span><span class=\"sf-dump-ellipsis sf-dump-ellipsis-path\">/laravel/framework/</span><span class=\"sf-dump-ellipsis-tail\">src/Illuminate/Database/Connection.php:829</span></span> { &#8230;4}
      <span class=\"sf-dump-meta sf-dump-ellipsization\" title=\"/home/crm/Ariyagostar/vendor/laravel/framework/src/Illuminate/Database/Connection.php:783
Stack level 25.\"><span class=\"sf-dump-ellipsis sf-dump-ellipsis-path\">/home/crm/Ariyagostar/vendor</span><span class=\"sf-dump-ellipsis sf-dump-ellipsis-path\">/laravel/framework/</span><span class=\"sf-dump-ellipsis-tail\">src/Illuminate/Database/Connection.php:783</span></span> { &#8230;5}
      <span class=\"sf-dump-meta sf-dump-ellipsization\" title=\"/home/crm/Ariyagostar/vendor/laravel/framework/src/Illuminate/Database/Connection.php:414
Stack level 24.\"><span class=\"sf-dump-ellipsis sf-dump-ellipsis-path\">/home/crm/Ariyagostar/vendor</span><span class=\"sf-dump-ellipsis sf-dump-ellipsis-path\">/laravel/framework/</span><span class=\"sf-dump-ellipsis-tail\">src/Illuminate/Database/Connection.php:414</span></span> { &#8230;5}
      <span class=\"sf-dump-meta sf-dump-ellipsization\" title=\"/home/crm/Ariyagostar/vendor/laravel/framework/src/Illuminate/Database/Query/Builder.php:2913
Stack level 23.\"><span class=\"sf-dump-ellipsis sf-dump-ellipsis-path\">/home/crm/Ariyagostar/vendor</span><span class=\"sf-dump-ellipsis sf-dump-ellipsis-path\">/laravel/framework/</span><span class=\"sf-dump-ellipsis-tail\">src/Illuminate/Database/Query/Builder.php:2913</span></span> { &#8230;5}
      <span class=\"sf-dump-meta sf-dump-ellipsization\" title=\"/home/crm/Ariyagostar/vendor/laravel/framework/src/Illuminate/Database/Query/Builder.php:2902
Stack level 22.\"><span class=\"sf-dump-ellipsis sf-dump-ellipsis-path\">/home/crm/Ariyagostar/vendor</span><span class=\"sf-dump-ellipsis sf-dump-ellipsis-path\">/laravel/framework/</span><span class=\"sf-dump-ellipsis-tail\">src/Illuminate/Database/Query/Builder.php:2902</span></span> { &#8230;4}
      <span class=\"sf-dump-meta sf-dump-ellipsization\" title=\"/home/crm/Ariyagostar/vendor/laravel/framework/src/Illuminate/Database/Query/Builder.php:3456
Stack level 21.\"><span class=\"sf-dump-ellipsis sf-dump-ellipsis-path\">/home/crm/Ariyagostar/vendor</span><span class=\"sf-dump-ellipsis sf-dump-ellipsis-path\">/laravel/framework/</span><span class=\"sf-dump-ellipsis-tail\">src/Illuminate/Database/Query/Builder.php:3456</span></span> { &#8230;4}
      <span class=\"sf-dump-meta sf-dump-ellipsization\" title=\"/home/crm/Ariyagostar/vendor/laravel/framework/src/Illuminate/Database/Query/Builder.php:2901
Stack level 20.\"><span class=\"sf-dump-ellipsis sf-dump-ellipsis-path\">/home/crm/Ariyagostar/vendor</span><span class=\"sf-dump-ellipsis sf-dump-ellipsis-path\">/laravel/framework/</span><span class=\"sf-dump-ellipsis-tail\">src/Illuminate/Database/Query/Builder.php:2901</span></span> { &#8230;5}
      <span class=\"sf-dump-meta sf-dump-ellipsization\" title=\"/home/crm/Ariyagostar/vendor/laravel/framework/src/Illuminate/Database/Eloquent/Builder.php:739
Stack level 19.\"><span class=\"sf-dump-ellipsis sf-dump-ellipsis-path\">/home/crm/Ariyagostar/vendor</span><span class=\"sf-dump-ellipsis sf-dump-ellipsis-path\">/laravel/framework/</span><span class=\"sf-dump-ellipsis-tail\">src/Illuminate/Database/Eloquent/Builder.php:739</span></span> { &#8230;5}
      <span class=\"sf-dump-meta sf-dump-ellipsization\" title=\"/home/crm/Ariyagostar/vendor/laravel/framework/src/Illuminate/Database/Eloquent/Builder.php:723
Stack level 18.\"><span class=\"sf-dump-ellipsis sf-dump-ellipsis-path\">/home/crm/Ariyagostar/vendor</span><span class=\"sf-dump-ellipsis sf-dump-ellipsis-path\">/laravel/framework/</span><span class=\"sf-dump-ellipsis-tail\">src/Illuminate/Database/Eloquent/Builder.php:723</span></span> { &#8230;5}
      <span class=\"sf-dump-meta sf-dump-ellipsization\" title=\"/home/crm/Ariyagostar/app/Providers/AuthServiceProvider.php:40
Stack level 17.\"><span class=\"sf-dump-ellipsis sf-dump-ellipsis-path\">/home/crm/Ariyagostar</span><span class=\"sf-dump-ellipsis sf-dump-ellipsis-path\">/</span><span class=\"sf-dump-ellipsis-tail\">app/Providers/AuthServiceProvider.php:40</span></span> { &#8230;4}
      <span class=\"sf-dump-meta sf-dump-ellipsization\" title=\"/home/crm/Ariyagostar/app/Providers/AuthServiceProvider.php:30
Stack level 16.\"><span class=\"sf-dump-ellipsis sf-dump-ellipsis-path\">/home/crm/Ariyagostar</span><span class=\"sf-dump-ellipsis sf-dump-ellipsis-path\">/</span><span class=\"sf-dump-ellipsis-tail\">app/Providers/AuthServiceProvider.php:30</span></span> { &#8230;4}
      <span class=\"sf-dump-meta sf-dump-ellipsization\" title=\"/home/crm/Ariyagostar/vendor/laravel/framework/src/Illuminate/Container/BoundMethod.php:36
Stack level 15.\"><span class=\"sf-dump-ellipsis sf-dump-ellipsis-path\">/home/crm/Ariyagostar/vendor</span><span class=\"sf-dump-ellipsis sf-dump-ellipsis-path\">/laravel/framework/</span><span class=\"sf-dump-ellipsis-tail\">src/Illuminate/Container/BoundMethod.php:36</span></span> { &#8230;4}
      <span class=\"sf-dump-meta sf-dump-ellipsization\" title=\"/home/crm/Ariyagostar/vendor/laravel/framework/src/Illuminate/Container/Util.php:41
Stack level 14.\"><span class=\"sf-dump-ellipsis sf-dump-ellipsis-path\">/home/crm/Ariyagostar/vendor</span><span class=\"sf-dump-ellipsis sf-dump-ellipsis-path\">/laravel/framework/</span><span class=\"sf-dump-ellipsis-tail\">src/Illuminate/Container/Util.php:41</span></span> { &#8230;4}
      <span class=\"sf-dump-meta sf-dump-ellipsization\" title=\"/home/crm/Ariyagostar/vendor/laravel/framework/src/Illuminate/Container/BoundMethod.php:93
Stack level 13.\"><span class=\"sf-dump-ellipsis sf-dump-ellipsis-path\">/home/crm/Ariyagostar/vendor</span><span class=\"sf-dump-ellipsis sf-dump-ellipsis-path\">/laravel/framework/</span><span class=\"sf-dump-ellipsis-tail\">src/Illuminate/Container/BoundMethod.php:93</span></span> { &#8230;5}
      <span class=\"sf-dump-meta sf-dump-ellipsization\" title=\"/home/crm/Ariyagostar/vendor/laravel/framework/src/Illuminate/Container/BoundMethod.php:35
Stack level 12.\"><span class=\"sf-dump-ellipsis sf-dump-ellipsis-path\">/home/crm/Ariyagostar/vendor</span><span class=\"sf-dump-ellipsis sf-dump-ellipsis-path\">/laravel/framework/</span><span class=\"sf-dump-ellipsis-tail\">src/Illuminate/Container/BoundMethod.php:35</span></span> { &#8230;5}
      <span class=\"sf-dump-meta sf-dump-ellipsization\" title=\"/home/crm/Ariyagostar/vendor/laravel/framework/src/Illuminate/Container/Container.php:662
Stack level 11.\"><span class=\"sf-dump-ellipsis sf-dump-ellipsis-path\">/home/crm/Ariyagostar/vendor</span><span class=\"sf-dump-ellipsis sf-dump-ellipsis-path\">/laravel/framework/</span><span class=\"sf-dump-ellipsis-tail\">src/Illuminate/Container/Container.php:662</span></span> { &#8230;5}
      <span class=\"sf-dump-meta sf-dump-ellipsization\" title=\"/home/crm/Ariyagostar/vendor/laravel/framework/src/Illuminate/Foundation/Application.php:1059
Stack level 10.\"><span class=\"sf-dump-ellipsis sf-dump-ellipsis-path\">/home/crm/Ariyagostar/vendor</span><span class=\"sf-dump-ellipsis sf-dump-ellipsis-path\">/laravel/framework/</span><span class=\"sf-dump-ellipsis-tail\">src/Illuminate/Foundation/Application.php:1059</span></span> { &#8230;5}
      <span class=\"sf-dump-meta sf-dump-ellipsization\" title=\"/home/crm/Ariyagostar/vendor/laravel/framework/src/Illuminate/Foundation/Application.php:1040
Stack level 9.\"><span class=\"sf-dump-ellipsis sf-dump-ellipsis-path\">/home/crm/Ariyagostar/vendor</span><span class=\"sf-dump-ellipsis sf-dump-ellipsis-path\">/laravel/framework/</span><span class=\"sf-dump-ellipsis-tail\">src/Illuminate/Foundation/Application.php:1040</span></span> { &#8230;5}
      <span class=\"sf-dump-meta sf-dump-ellipsization\" title=\"Illuminate\\Foundation\\Application-&gt;Illuminate\\Foundation\\{closure}()
Stack level 8.\"><span class=\"sf-dump-ellipsis sf-dump-ellipsis-class\">Illuminate\\Foundation\\Application-&gt;Illuminate\\Foundation</span><span class=\"sf-dump-ellipsis sf-dump-ellipsis-class\">\\</span><span class=\"sf-dump-ellipsis-tail\">{closure}()</span></span> {}
      <span class=\"sf-dump-meta sf-dump-ellipsization\" title=\"/home/crm/Ariyagostar/vendor/laravel/framework/src/Illuminate/Foundation/Application.php:1039
Stack level 7.\"><span class=\"sf-dump-ellipsis sf-dump-ellipsis-path\">/home/crm/Ariyagostar/vendor</span><span class=\"sf-dump-ellipsis sf-dump-ellipsis-path\">/laravel/framework/</span><span class=\"sf-dump-ellipsis-tail\">src/Illuminate/Foundation/Application.php:1039</span></span> { &#8230;5}
      <span class=\"sf-dump-meta sf-dump-ellipsization\" title=\"/home/crm/Ariyagostar/vendor/laravel/framework/src/Illuminate/Foundation/Bootstrap/BootProviders.php:17
Stack level 6.\"><span class=\"sf-dump-ellipsis sf-dump-ellipsis-path\">/home/crm/Ariyagostar/vendor</span><span class=\"sf-dump-ellipsis sf-dump-ellipsis-path\">/laravel/framework/</span><span class=\"sf-dump-ellipsis-tail\">src/Illuminate/Foundation/Bootstrap/BootProviders.php:17</span></span> { &#8230;4}
      <span class=\"sf-dump-meta sf-dump-ellipsization\" title=\"/home/crm/Ariyagostar/vendor/laravel/framework/src/Illuminate/Foundation/Application.php:286
Stack level 5.\"><span class=\"sf-dump-ellipsis sf-dump-ellipsis-path\">/home/crm/Ariyagostar/vendor</span><span class=\"sf-dump-ellipsis sf-dump-ellipsis-path\">/laravel/framework/</span><span class=\"sf-dump-ellipsis-tail\">src/Illuminate/Foundation/Application.php:286</span></span> { &#8230;5}
      <span class=\"sf-dump-meta sf-dump-ellipsization\" title=\"/home/crm/Ariyagostar/vendor/laravel/framework/src/Illuminate/Foundation/Http/Kernel.php:186
Stack level 4.\"><span class=\"sf-dump-ellipsis sf-dump-ellipsis-path\">/home/crm/Ariyagostar/vendor</span><span class=\"sf-dump-ellipsis sf-dump-ellipsis-path\">/laravel/framework/</span><span class=\"sf-dump-ellipsis-tail\">src/Illuminate/Foundation/Http/Kernel.php:186</span></span> { &#8230;5}
      <span class=\"sf-dump-meta sf-dump-ellipsization\" title=\"/home/crm/Ariyagostar/vendor/laravel/framework/src/Illuminate/Foundation/Http/Kernel.php:170
Stack level 3.\"><span class=\"sf-dump-ellipsis sf-dump-ellipsis-path\">/home/crm/Ariyagostar/vendor</span><span class=\"sf-dump-ellipsis sf-dump-ellipsis-path\">/laravel/framework/</span><span class=\"sf-dump-ellipsis-tail\">src/Illuminate/Foundation/Http/Kernel.php:170</span></span> { &#8230;4}
      <span class=\"sf-dump-meta sf-dump-ellipsization\" title=\"/home/crm/Ariyagostar/vendor/laravel/framework/src/Illuminate/Foundation/Http/Kernel.php:144
Stack level 2.\"><span class=\"sf-dump-ellipsis sf-dump-ellipsis-path\">/home/crm/Ariyagostar/vendor</span><span class=\"sf-dump-ellipsis sf-dump-ellipsis-path\">/laravel/framework/</span><span class=\"sf-dump-ellipsis-tail\">src/Illuminate/Foundation/Http/Kernel.php:144</span></span> { &#8230;5}
      <span class=\"sf-dump-meta sf-dump-ellipsization\" title=\"/home/crm/new.ariyajanebi.ir/index.php:52
Stack level 1.\"><span class=\"sf-dump-ellipsis sf-dump-ellipsis-path\">/home/crm</span><span class=\"sf-dump-ellipsis sf-dump-ellipsis-path\">/</span><span class=\"sf-dump-ellipsis-tail\">new.ariyajanebi.ir/index.php:52</span></span> { &#8230;4}
    </samp>}
  </samp>}
  -<span class=sf-dump-private title=\"Private property defined in class:&#10;`Symfony\\Component\\HttpKernel\\Exception\\HttpException`\">statusCode</span>: <span class=sf-dump-num>500</span>
  -<span class=sf-dump-private title=\"Private property defined in class:&#10;`Symfony\\Component\\HttpKernel\\Exception\\HttpException`\">headers</span>: []
  <span class=sf-dump-meta>trace</span>: {<samp data-depth=2 class=sf-dump-compact>
    <span class=\"sf-dump-meta sf-dump-ellipsization\" title=\"/home/crm/Ariyagostar/vendor/laravel/framework/src/Illuminate/Foundation/Exceptions/Handler.php:646
Stack level 7.\"><span class=\"sf-dump-ellipsis sf-dump-ellipsis-path\">/home/crm/Ariyagostar/vendor</span><span class=\"sf-dump-ellipsis sf-dump-ellipsis-path\">/laravel/framework/</span><span class=\"sf-dump-ellipsis-tail\">src/Illuminate/Foundation/Exceptions/Handler.php:646</span></span> {<samp data-depth=3 class=sf-dump-compact>
      <span class=\"sf-dump-note sf-dump-ellipsization\" title=\"Illuminate\\Foundation\\Exceptions\\Handler-&gt;prepareResponse($request, Throwable $e)
\"><span class=\"sf-dump-ellipsis sf-dump-ellipsis-note\">Illuminate\\Foundation\\Exceptions</span><span class=\"sf-dump-ellipsis sf-dump-ellipsis-note\">\\</span><span class=\"sf-dump-ellipsis-tail\">Handler-&gt;prepareResponse($request, Throwable $e)</span></span> &#8230;
      &#8250; <code class=\"php\"><span class=sf-dump-default>if (! $this-&gt;isHttpException($e)) {</span></code>
      &#8250; <code class=\"php\"><span class=sf-dump-const title=\"in Illuminate\\Foundation\\Exceptions\\Handler-&gt;prepareResponse($request, Throwable $e)\">    $e = new HttpException(500, $e-&gt;getMessage(), $e);</span></code>
      &#8250; <code class=\"php\"><span class=sf-dump-default>}</span></code>
    </samp>}
    <span class=\"sf-dump-meta sf-dump-ellipsization\" title=\"/home/crm/Ariyagostar/vendor/laravel/framework/src/Illuminate/Foundation/Exceptions/Handler.php:556
Stack level 6.\"><span class=\"sf-dump-ellipsis sf-dump-ellipsis-path\">/home/crm/Ariyagostar/vendor</span><span class=\"sf-dump-ellipsis sf-dump-ellipsis-path\">/laravel/framework/</span><span class=\"sf-dump-ellipsis-tail\">src/Illuminate/Foundation/Exceptions/Handler.php:556</span></span> {<samp data-depth=3 class=sf-dump-compact>
      <span class=\"sf-dump-note sf-dump-ellipsization\" title=\"Illuminate\\Foundation\\Exceptions\\Handler-&gt;renderExceptionResponse($request, Throwable $e)
\"><span class=\"sf-dump-ellipsis sf-dump-ellipsis-note\">Illuminate\\Foundation\\Exceptions</span><span class=\"sf-dump-ellipsis sf-dump-ellipsis-note\">\\</span><span class=\"sf-dump-ellipsis-tail\">Handler-&gt;renderExceptionResponse($request, Throwable $e)</span></span> &#8230;
      &#8250; <code class=\"php\"><span class=sf-dump-default>                ? $this-&gt;prepareJsonResponse($request, $e)</span></code>
      &#8250; <code class=\"php\"><span class=sf-dump-const title=\"in Illuminate\\Foundation\\Exceptions\\Handler-&gt;renderExceptionResponse($request, Throwable $e)\">                : $this-&gt;prepareResponse($request, $e);</span></code>
      &#8250; <code class=\"php\"><span class=sf-dump-default>}</span></code>
      <span class=sf-dump-meta>arguments</span>: { &#8230;2}
    </samp>}
    <span class=\"sf-dump-meta sf-dump-ellipsization\" title=\"/home/crm/Ariyagostar/vendor/laravel/framework/src/Illuminate/Foundation/Exceptions/Handler.php:473
Stack level 5.\"><span class=\"sf-dump-ellipsis sf-dump-ellipsis-path\">/home/crm/Ariyagostar/vendor</span><span class=\"sf-dump-ellipsis sf-dump-ellipsis-path\">/laravel/framework/</span><span class=\"sf-dump-ellipsis-tail\">src/Illuminate/Foundation/Exceptions/Handler.php:473</span></span> {<samp data-depth=3 class=sf-dump-compact>
      <span class=\"sf-dump-note sf-dump-ellipsization\" title=\"Illuminate\\Foundation\\Exceptions\\Handler-&gt;render($request, Throwable $e)
\"><span class=\"sf-dump-ellipsis sf-dump-ellipsis-note\">Illuminate\\Foundation\\Exceptions</span><span class=\"sf-dump-ellipsis sf-dump-ellipsis-note\">\\</span><span class=\"sf-dump-ellipsis-tail\">Handler-&gt;render($request, Throwable $e)</span></span> &#8230;
      &#8250; <code class=\"php\"><span class=sf-dump-default>    $e instanceof ValidationException =&gt; $this-&gt;convertValidationExceptionToResponse($e, $request),</span></code>
      &#8250; <code class=\"php\"><span class=sf-dump-const title=\"in Illuminate\\Foundation\\Exceptions\\Handler-&gt;render($request, Throwable $e)\">    default =&gt; $this-&gt;renderExceptionResponse($request, $e),</span></code>
      &#8250; <code class=\"php\"><span class=sf-dump-default>};</span></code>
      <span class=sf-dump-meta>arguments</span>: { &#8230;2}
    </samp>}
    <span class=\"sf-dump-meta sf-dump-ellipsization\" title=\"/home/crm/Ariyagostar/app/Exceptions/Handler.php:134
Stack level 4.\"><span class=\"sf-dump-ellipsis sf-dump-ellipsis-path\">/home/crm/Ariyagostar</span><span class=\"sf-dump-ellipsis sf-dump-ellipsis-path\">/</span><span class=\"sf-dump-ellipsis-tail\">app/Exceptions/Handler.php:134</span></span> {<samp data-depth=3 class=sf-dump-compact>
      <span class=\"sf-dump-note sf-dump-ellipsization\" title=\"App\\Exceptions\\Handler-&gt;render($request, Throwable $exception)
\"><span class=\"sf-dump-ellipsis sf-dump-ellipsis-note\">App\\Exceptions</span><span class=\"sf-dump-ellipsis sf-dump-ellipsis-note\">\\</span><span class=\"sf-dump-ellipsis-tail\">Handler-&gt;render($request, Throwable $exception)</span></span> &#8230;
      &#8250; 
      &#8250; <code class=\"php\"><span class=sf-dump-const title=\"in App\\Exceptions\\Handler-&gt;render($request, Throwable $exception)\">    return parent::render($request, $exception);</span></code>
      &#8250; <code class=\"php\"><span class=sf-dump-default>}</span></code>
      <span class=sf-dump-meta>arguments</span>: { &#8230;2}
    </samp>}
    <span class=\"sf-dump-meta sf-dump-ellipsization\" title=\"/home/crm/Ariyagostar/vendor/laravel/framework/src/Illuminate/Foundation/Http/Kernel.php:509
Stack level 3.\"><span class=\"sf-dump-ellipsis sf-dump-ellipsis-path\">/home/crm/Ariyagostar/vendor</span><span class=\"sf-dump-ellipsis sf-dump-ellipsis-path\">/laravel/framework/</span><span class=\"sf-dump-ellipsis-tail\">src/Illuminate/Foundation/Http/Kernel.php:509</span></span> {<samp data-depth=3 class=sf-dump-compact>
      <span class=\"sf-dump-note sf-dump-ellipsization\" title=\"Illuminate\\Foundation\\Http\\Kernel-&gt;renderException($request, Throwable $e)
\"><span class=\"sf-dump-ellipsis sf-dump-ellipsis-note\">Illuminate\\Foundation\\Http</span><span class=\"sf-dump-ellipsis sf-dump-ellipsis-note\">\\</span><span class=\"sf-dump-ellipsis-tail\">Kernel-&gt;renderException($request, Throwable $e)</span></span> &#8230;
      &#8250; <code class=\"php\"><span class=sf-dump-default>{</span></code>
      &#8250; <code class=\"php\"><span class=sf-dump-const title=\"in Illuminate\\Foundation\\Http\\Kernel-&gt;renderException($request, Throwable $e)\">    return $this-&gt;app[ExceptionHandler::class]-&gt;render($request, $e);</span></code>
      &#8250; <code class=\"php\"><span class=sf-dump-default>}</span></code>
      <span class=sf-dump-meta>arguments</span>: { &#8230;2}
    </samp>}
    <span class=\"sf-dump-meta sf-dump-ellipsization\" title=\"/home/crm/Ariyagostar/vendor/laravel/framework/src/Illuminate/Foundation/Http/Kernel.php:148
Stack level 2.\"><span class=\"sf-dump-ellipsis sf-dump-ellipsis-path\">/home/crm/Ariyagostar/vendor</span><span class=\"sf-dump-ellipsis sf-dump-ellipsis-path\">/laravel/framework/</span><span class=\"sf-dump-ellipsis-tail\">src/Illuminate/Foundation/Http/Kernel.php:148</span></span> {<samp data-depth=3 class=sf-dump-compact>
      <span class=\"sf-dump-note sf-dump-ellipsization\" title=\"Illuminate\\Foundation\\Http\\Kernel-&gt;handle($request)
\"><span class=\"sf-dump-ellipsis sf-dump-ellipsis-note\">Illuminate\\Foundation\\Http</span><span class=\"sf-dump-ellipsis sf-dump-ellipsis-note\">\\</span><span class=\"sf-dump-ellipsis-tail\">Kernel-&gt;handle($request)</span></span> &#8230;
      &#8250; 
      &#8250; <code class=\"php\"><span class=sf-dump-const title=\"in Illuminate\\Foundation\\Http\\Kernel-&gt;handle($request)\">    $response = $this-&gt;renderException($request, $e);</span></code>
      &#8250; <code class=\"php\"><span class=sf-dump-default>}</span></code>
      <span class=sf-dump-meta>arguments</span>: { &#8230;2}
    </samp>}
    <span class=\"sf-dump-meta sf-dump-ellipsization\" title=\"/home/crm/new.ariyajanebi.ir/index.php:52
Stack level 1.\"><span class=\"sf-dump-ellipsis sf-dump-ellipsis-path\">/home/crm</span><span class=\"sf-dump-ellipsis sf-dump-ellipsis-path\">/</span><span class=\"sf-dump-ellipsis-tail\">new.ariyajanebi.ir/index.php:52</span></span> {<samp data-depth=3 class=sf-dump-compact>
      &#8250; <code class=\"php\"><span class=sf-dump-default><span class=\"sf-dump-default sf-dump-ns\">\\r</span></span></code>
      &#8250; <code class=\"php\"><span class=sf-dump-const>$response = tap($kernel-&gt;handle(<span class=\"sf-dump-default sf-dump-ns\">\\r</span></span></code>
      &#8250; <code class=\"php\"><span class=sf-dump-default>    $request = Request::capture()<span class=\"sf-dump-default sf-dump-ns\">\\r</span></span></code>
      <span class=sf-dump-meta>arguments</span>: { &#8230;1}
    </samp>}
  </samp>}
</samp>}
</pre><script>Sfdump(\"sf-dump-1881589611\", {\"maxDepth\":3,\"maxStringLength\":160})</script>
","current_local":"<pre class=sf-dump id=sf-dump-1770243935 data-indent-pad=\"  \"><span class=sf-dump-note>array:3</span> [<samp data-depth=1 class=sf-dump-expanded>
  \"<span class=sf-dump-key>name</span>\" => \"<span class=sf-dump-str title=\"5 characters\">&#1601;&#1575;&#1585;&#1587;&#1740;</span>\"
  \"<span class=sf-dump-key>direction</span>\" => \"<span class=sf-dump-str title=\"3 characters\">rtl</span>\"
  \"<span class=sf-dump-key>english_name</span>\" => \"<span class=sf-dump-str title=\"7 characters\">Persian</span>\"
</samp>]
</pre><script>Sfdump(\"sf-dump-1770243935\", {\"maxDepth\":3,\"maxStringLength\":160})</script>
","title":"<pre class=sf-dump id=sf-dump-1607376166 data-indent-pad=\"  \">\"<span class=sf-dump-str title=\"9 characters\">&#1582;&#1591;&#1575;&#1740; &#1587;&#1585;&#1608;&#1585;</span>\"
</pre><script>Sfdump(\"sf-dump-1607376166\", {\"maxDepth\":3,\"maxStringLength\":160})</script>
"}},"exception":"[object] (Spatie\\LaravelIgnition\\Exceptions\\ViewException(code: 0): Route [csrf] not defined. at /home/crm/Ariyagostar/vendor/laravel/framework/src/Illuminate/Routing/UrlGenerator.php:477)
[stacktrace]
#0 /home/crm/Ariyagostar/bootstrap/functions.php(11): Illuminate\\Routing\\UrlGenerator->route('csrf', Array, true)
#1 /home/crm/Ariyagostar/resources/views/back/partials/meta.blade.php(12): route('csrf')
#2 /home/crm/Ariyagostar/vendor/laravel/framework/src/Illuminate/Filesystem/Filesystem.php(123): require('/home/crm/Ariya...')
#3 /home/crm/Ariyagostar/vendor/laravel/framework/src/Illuminate/Filesystem/Filesystem.php(124): Illuminate\\Filesystem\\Filesystem::Illuminate\\Filesystem\\{closure}()
#4 /home/crm/Ariyagostar/vendor/laravel/framework/src/Illuminate/View/Engines/PhpEngine.php(58): Illuminate\\Filesystem\\Filesystem->getRequire('/home/crm/Ariya...', Array)
#5 /home/crm/Ariyagostar/vendor/laravel/framework/src/Illuminate/View/Engines/CompilerEngine.php(72): Illuminate\\View\\Engines\\PhpEngine->evaluatePath('/home/crm/Ariya...', Array)
#6 /home/crm/Ariyagostar/vendor/laravel/framework/src/Illuminate/View/View.php(207): Illuminate\\View\\Engines\\CompilerEngine->get('/home/crm/Ariya...', Array)
#7 /home/crm/Ariyagostar/vendor/laravel/framework/src/Illuminate/View/View.php(190): Illuminate\\View\\View->getContents()
#8 /home/crm/Ariyagostar/vendor/laravel/framework/src/Illuminate/View/View.php(159): Illuminate\\View\\View->renderContents()
#9 /home/crm/Ariyagostar/resources/views/errors/layouts/master.blade.php(6): Illuminate\\View\\View->render()
#10 /home/crm/Ariyagostar/vendor/laravel/framework/src/Illuminate/Filesystem/Filesystem.php(123): require('/home/crm/Ariya...')
#11 /home/crm/Ariyagostar/vendor/laravel/framework/src/Illuminate/Filesystem/Filesystem.php(124): Illuminate\\Filesystem\\Filesystem::Illuminate\\Filesystem\\{closure}()
#12 /home/crm/Ariyagostar/vendor/laravel/framework/src/Illuminate/View/Engines/PhpEngine.php(58): Illuminate\\Filesystem\\Filesystem->getRequire('/home/crm/Ariya...', Array)
#13 /home/crm/Ariyagostar/vendor/laravel/framework/src/Illuminate/View/Engines/CompilerEngine.php(72): Illuminate\\View\\Engines\\PhpEngine->evaluatePath('/home/crm/Ariya...', Array)
#14 /home/crm/Ariyagostar/vendor/laravel/framework/src/Illuminate/View/View.php(207): Illuminate\\View\\Engines\\CompilerEngine->get('/home/crm/Ariya...', Array)
#15 /home/crm/Ariyagostar/vendor/laravel/framework/src/Illuminate/View/View.php(190): Illuminate\\View\\View->getContents()
#16 /home/crm/Ariyagostar/vendor/laravel/framework/src/Illuminate/View/View.php(159): Illuminate\\View\\View->renderContents()
#17 /home/crm/Ariyagostar/resources/views/errors/500.blade.php(34): Illuminate\\View\\View->render()
#18 /home/crm/Ariyagostar/vendor/laravel/framework/src/Illuminate/Filesystem/Filesystem.php(123): require('/home/crm/Ariya...')
#19 /home/crm/Ariyagostar/vendor/laravel/framework/src/Illuminate/Filesystem/Filesystem.php(124): Illuminate\\Filesystem\\Filesystem::Illuminate\\Filesystem\\{closure}()
#20 /home/crm/Ariyagostar/vendor/laravel/framework/src/Illuminate/View/Engines/PhpEngine.php(58): Illuminate\\Filesystem\\Filesystem->getRequire('/home/crm/Ariya...', Array)
#21 /home/crm/Ariyagostar/vendor/laravel/framework/src/Illuminate/View/Engines/CompilerEngine.php(72): Illuminate\\View\\Engines\\PhpEngine->evaluatePath('/home/crm/Ariya...', Array)
#22 /home/crm/Ariyagostar/vendor/laravel/framework/src/Illuminate/View/View.php(207): Illuminate\\View\\Engines\\CompilerEngine->get('/home/crm/Ariya...', Array)
#23 /home/crm/Ariyagostar/vendor/laravel/framework/src/Illuminate/View/View.php(190): Illuminate\\View\\View->getContents()
#24 /home/crm/Ariyagostar/vendor/laravel/framework/src/Illuminate/View/View.php(159): Illuminate\\View\\View->renderContents()
#25 /home/crm/Ariyagostar/vendor/laravel/framework/src/Illuminate/Http/Response.php(69): Illuminate\\View\\View->render()
#26 /home/crm/Ariyagostar/vendor/laravel/framework/src/Illuminate/Http/Response.php(35): Illuminate\\Http\\Response->setContent(Object(Illuminate\\View\\View))
#27 /home/crm/Ariyagostar/vendor/laravel/framework/src/Illuminate/Routing/ResponseFactory.php(58): Illuminate\\Http\\Response->__construct(Object(Illuminate\\View\\View), 500, Array)
#28 /home/crm/Ariyagostar/vendor/laravel/framework/src/Illuminate/Routing/ResponseFactory.php(88): Illuminate\\Routing\\ResponseFactory->make(Object(Illuminate\\View\\View), 500, Array)
#29 /home/crm/Ariyagostar/vendor/laravel/framework/src/Illuminate/Foundation/Exceptions/Handler.php(723): Illuminate\\Routing\\ResponseFactory->view('errors::500', Array, 500, Array)
#30 /home/crm/Ariyagostar/vendor/laravel/framework/src/Illuminate/Foundation/Exceptions/Handler.php(650): Illuminate\\Foundation\\Exceptions\\Handler->renderHttpException(Object(Symfony\\Component\\HttpKernel\\Exception\\HttpException))
#31 /home/crm/Ariyagostar/vendor/laravel/framework/src/Illuminate/Foundation/Exceptions/Handler.php(556): Illuminate\\Foundation\\Exceptions\\Handler->prepareResponse(Object(Illuminate\\Http\\Request), Object(Symfony\\Component\\HttpKernel\\Exception\\HttpException))
#32 /home/crm/Ariyagostar/vendor/laravel/framework/src/Illuminate/Foundation/Exceptions/Handler.php(473): Illuminate\\Foundation\\Exceptions\\Handler->renderExceptionResponse(Object(Illuminate\\Http\\Request), Object(Illuminate\\Database\\QueryException))
#33 /home/crm/Ariyagostar/app/Exceptions/Handler.php(134): Illuminate\\Foundation\\Exceptions\\Handler->render(Object(Illuminate\\Http\\Request), Object(Illuminate\\Database\\QueryException))
#34 /home/crm/Ariyagostar/vendor/laravel/framework/src/Illuminate/Foundation/Http/Kernel.php(509): App\\Exceptions\\Handler->render(Object(Illuminate\\Http\\Request), Object(Illuminate\\Database\\QueryException))
#35 /home/crm/Ariyagostar/vendor/laravel/framework/src/Illuminate/Foundation/Http/Kernel.php(148): Illuminate\\Foundation\\Http\\Kernel->renderException(Object(Illuminate\\Http\\Request), Object(Illuminate\\Database\\QueryException))
#36 /home/crm/new.ariyajanebi.ir/index.php(52): Illuminate\\Foundation\\Http\\Kernel->handle(Object(Illuminate\\Http\\Request))
#37 {main}

[previous exception] [object] (Symfony\\Component\\Routing\\Exception\\RouteNotFoundException(code: 0): Route [csrf] not defined. at /home/crm/Ariyagostar/vendor/laravel/framework/src/Illuminate/Routing/UrlGenerator.php:477)
[stacktrace]
#0 /home/crm/Ariyagostar/bootstrap/functions.php(11): Illuminate\\Routing\\UrlGenerator->route('csrf', Array, true)
#1 /home/crm/Ariyagostar/storage/framework/views/a548ae8b2f76e73dbd5e30505722720e.php(11): route('csrf')
#2 /home/crm/Ariyagostar/vendor/laravel/framework/src/Illuminate/Filesystem/Filesystem.php(123): require('/home/crm/Ariya...')
#3 /home/crm/Ariyagostar/vendor/laravel/framework/src/Illuminate/Filesystem/Filesystem.php(124): Illuminate\\Filesystem\\Filesystem::Illuminate\\Filesystem\\{closure}()
#4 /home/crm/Ariyagostar/vendor/laravel/framework/src/Illuminate/View/Engines/PhpEngine.php(58): Illuminate\\Filesystem\\Filesystem->getRequire('/home/crm/Ariya...', Array)
#5 /home/crm/Ariyagostar/vendor/laravel/framework/src/Illuminate/View/Engines/CompilerEngine.php(72): Illuminate\\View\\Engines\\PhpEngine->evaluatePath('/home/crm/Ariya...', Array)
#6 /home/crm/Ariyagostar/vendor/laravel/framework/src/Illuminate/View/View.php(207): Illuminate\\View\\Engines\\CompilerEngine->get('/home/crm/Ariya...', Array)
#7 /home/crm/Ariyagostar/vendor/laravel/framework/src/Illuminate/View/View.php(190): Illuminate\\View\\View->getContents()
#8 /home/crm/Ariyagostar/vendor/laravel/framework/src/Illuminate/View/View.php(159): Illuminate\\View\\View->renderContents()
#9 /home/crm/Ariyagostar/storage/framework/views/2887bfc6558339ab1cb958f24032a521.php(6): Illuminate\\View\\View->render()
#10 /home/crm/Ariyagostar/vendor/laravel/framework/src/Illuminate/Filesystem/Filesystem.php(123): require('/home/crm/Ariya...')
#11 /home/crm/Ariyagostar/vendor/laravel/framework/src/Illuminate/Filesystem/Filesystem.php(124): Illuminate\\Filesystem\\Filesystem::Illuminate\\Filesystem\\{closure}()
#12 /home/crm/Ariyagostar/vendor/laravel/framework/src/Illuminate/View/Engines/PhpEngine.php(58): Illuminate\\Filesystem\\Filesystem->getRequire('/home/crm/Ariya...', Array)
#13 /home/crm/Ariyagostar/vendor/laravel/framework/src/Illuminate/View/Engines/CompilerEngine.php(72): Illuminate\\View\\Engines\\PhpEngine->evaluatePath('/home/crm/Ariya...', Array)
#14 /home/crm/Ariyagostar/vendor/laravel/framework/src/Illuminate/View/View.php(207): Illuminate\\View\\Engines\\CompilerEngine->get('/home/crm/Ariya...', Array)
#15 /home/crm/Ariyagostar/vendor/laravel/framework/src/Illuminate/View/View.php(190): Illuminate\\View\\View->getContents()
#16 /home/crm/Ariyagostar/vendor/laravel/framework/src/Illuminate/View/View.php(159): Illuminate\\View\\View->renderContents()
#17 /home/crm/Ariyagostar/storage/framework/views/20483f08a8a35db701f22f3b4c0dcf09.php(34): Illuminate\\View\\View->render()
#18 /home/crm/Ariyagostar/vendor/laravel/framework/src/Illuminate/Filesystem/Filesystem.php(123): require('/home/crm/Ariya...')
#19 /home/crm/Ariyagostar/vendor/laravel/framework/src/Illuminate/Filesystem/Filesystem.php(124): Illuminate\\Filesystem\\Filesystem::Illuminate\\Filesystem\\{closure}()
#20 /home/crm/Ariyagostar/vendor/laravel/framework/src/Illuminate/View/Engines/PhpEngine.php(58): Illuminate\\Filesystem\\Filesystem->getRequire('/home/crm/Ariya...', Array)
#21 /home/crm/Ariyagostar/vendor/laravel/framework/src/Illuminate/View/Engines/CompilerEngine.php(72): Illuminate\\View\\Engines\\PhpEngine->evaluatePath('/home/crm/Ariya...', Array)
#22 /home/crm/Ariyagostar/vendor/laravel/framework/src/Illuminate/View/View.php(207): Illuminate\\View\\Engines\\CompilerEngine->get('/home/crm/Ariya...', Array)
#23 /home/crm/Ariyagostar/vendor/laravel/framework/src/Illuminate/View/View.php(190): Illuminate\\View\\View->getContents()
#24 /home/crm/Ariyagostar/vendor/laravel/framework/src/Illuminate/View/View.php(159): Illuminate\\View\\View->renderContents()
#25 /home/crm/Ariyagostar/vendor/laravel/framework/src/Illuminate/Http/Response.php(69): Illuminate\\View\\View->render()
#26 /home/crm/Ariyagostar/vendor/laravel/framework/src/Illuminate/Http/Response.php(35): Illuminate\\Http\\Response->setContent(Object(Illuminate\\View\\View))
#27 /home/crm/Ariyagostar/vendor/laravel/framework/src/Illuminate/Routing/ResponseFactory.php(58): Illuminate\\Http\\Response->__construct(Object(Illuminate\\View\\View), 500, Array)
#28 /home/crm/Ariyagostar/vendor/laravel/framework/src/Illuminate/Routing/ResponseFactory.php(88): Illuminate\\Routing\\ResponseFactory->make(Object(Illuminate\\View\\View), 500, Array)
#29 /home/crm/Ariyagostar/vendor/laravel/framework/src/Illuminate/Foundation/Exceptions/Handler.php(723): Illuminate\\Routing\\ResponseFactory->view('errors::500', Array, 500, Array)
#30 /home/crm/Ariyagostar/vendor/laravel/framework/src/Illuminate/Foundation/Exceptions/Handler.php(650): Illuminate\\Foundation\\Exceptions\\Handler->renderHttpException(Object(Symfony\\Component\\HttpKernel\\Exception\\HttpException))
#31 /home/crm/Ariyagostar/vendor/laravel/framework/src/Illuminate/Foundation/Exceptions/Handler.php(556): Illuminate\\Foundation\\Exceptions\\Handler->prepareResponse(Object(Illuminate\\Http\\Request), Object(Symfony\\Component\\HttpKernel\\Exception\\HttpException))
#32 /home/crm/Ariyagostar/vendor/laravel/framework/src/Illuminate/Foundation/Exceptions/Handler.php(473): Illuminate\\Foundation\\Exceptions\\Handler->renderExceptionResponse(Object(Illuminate\\Http\\Request), Object(Illuminate\\Database\\QueryException))
#33 /home/crm/Ariyagostar/app/Exceptions/Handler.php(134): Illuminate\\Foundation\\Exceptions\\Handler->render(Object(Illuminate\\Http\\Request), Object(Illuminate\\Database\\QueryException))
#34 /home/crm/Ariyagostar/vendor/laravel/framework/src/Illuminate/Foundation/Http/Kernel.php(509): App\\Exceptions\\Handler->render(Object(Illuminate\\Http\\Request), Object(Illuminate\\Database\\QueryException))
#35 /home/crm/Ariyagostar/vendor/laravel/framework/src/Illuminate/Foundation/Http/Kernel.php(148): Illuminate\\Foundation\\Http\\Kernel->renderException(Object(Illuminate\\Http\\Request), Object(Illuminate\\Database\\QueryException))
#36 /home/crm/new.ariyajanebi.ir/index.php(52): Illuminate\\Foundation\\Http\\Kernel->handle(Object(Illuminate\\Http\\Request))
#37 {main}
"} 
